pilot_name,team_name,track_city,dnf_percent,avg_speed,wins_count,number_of_overtaking_last_year,driver_salary_mln,collision
9,9,4,13,306.74345454994716,34,27,18,0
3,3,23,11,112.40747990714956,74,93,22,1
4,5,8,1,331.9908604939846,94,76,31,0
0,0,21,5,295.88828436516104,30,73,6,0
13,13,7,2,195.39346236632664,89,29,59,0
17,17,9,23,67.90168429847688,38,45,51,1
15,15,17,2,290.7431480165926,87,19,12,0
7,7,12,5,144.88064314132026,37,9,21,1
16,17,5,1,99.40534283215526,14,54,37,1
9,9,5,29,329.2026269885617,21,52,15,0
15,15,8,23,112.78552235166607,19,79,36,1
7,7,21,28,60.79278416153843,86,84,55,1
14,15,14,25,100.5520209148342,35,20,64,1
9,9,16,5,240.71750562768537,37,28,45,0
7,7,0,18,283.1825121136699,94,6,48,0
10,11,18,1,86.2255555404173,87,81,39,1
13,13,8,0,235.9314543657317,82,21,24,0
16,17,23,2,306.8158955129838,64,73,17,0
18,19,14,16,188.3901787455168,88,40,31,0
4,5,1,6,295.7213724597326,46,46,54,0
10,11,22,29,213.14778665293105,23,83,3,0
8,9,7,23,123.32053035242396,80,29,57,1
15,15,19,5,312.6072713008429,20,18,23,0
0,0,6,16,276.68411914262526,7,91,32,0
12,13,1,22,223.82676830489777,28,25,46,0
10,11,17,5,295.9622313946288,2,68,17,0
14,15,14,3,240.40994828418337,41,66,29,0
15,15,20,2,308.50556265795075,3,21,38,0
14,15,22,11,222.6842592804854,9,7,47,0
0,0,10,15,276.3749798186375,33,69,20,0
13,13,19,5,294.4557716384931,74,65,47,0
16,17,6,7,319.0137322712317,93,65,24,0
15,15,21,12,150.99409344048868,67,43,31,0
9,9,11,10,147.88151471503727,7,23,30,1
17,17,4,3,315.82276583345265,90,45,17,0
16,17,18,23,234.30640992598623,22,39,59,0
16,17,9,21,92.50029819525643,27,42,56,1
9,9,12,6,164.91504613417828,11,35,40,0
18,19,21,27,77.80785153368991,23,29,54,1
11,11,20,4,285.77853223255323,13,93,32,0
4,5,9,19,344.929313573378,53,58,37,0
10,11,4,8,348.3582396771984,29,94,65,0
10,11,1,27,184.56584959407223,49,99,45,0
1,1,13,8,87.25417443665877,19,81,1,1
9,9,4,7,186.29486234134149,72,73,47,0
5,5,8,12,69.29946660520142,57,60,6,1
10,11,11,21,203.336600455159,3,73,56,1
12,13,7,4,251.56694916538416,81,25,59,0
5,5,1,26,59.06557537364516,44,80,28,1
19,19,20,10,325.8334598673547,61,79,63,0
9,9,17,17,211.40053361891893,62,69,61,0
17,17,5,3,346.4014521911185,70,65,37,0
10,11,14,29,117.5556427884397,46,75,48,1
14,15,3,16,180.4244175481824,89,56,3,0
9,9,9,7,336.0143222703009,32,68,43,0
8,9,3,26,118.81630472268692,37,68,29,1
14,15,22,2,279.14294000290676,41,41,56,0
5,5,0,12,258.4092403341228,99,56,57,0
17,17,3,29,139.877548813642,32,36,52,1
12,13,20,4,213.7776938334706,93,98,20,0
5,5,10,27,111.10527277110036,5,77,35,1
0,0,18,7,196.58766283817607,33,1,59,0
0,0,23,6,79.6673150527589,89,5,33,1
4,5,0,18,287.1206441727533,57,38,3,0
4,5,10,22,286.12094144747135,41,18,47,0
19,19,8,17,87.880122351116,8,9,53,1
6,7,20,17,150.81429855489483,7,8,32,0
12,13,23,27,241.1450666338864,25,5,10,0
11,11,21,20,291.216218669418,24,75,31,0
6,7,12,21,299.9756759796936,43,90,17,0
11,11,19,12,263.4289706226873,75,47,40,0
2,3,17,14,120.6579105927009,44,45,63,1
7,7,13,23,120.6147936042097,93,87,12,1
13,13,6,15,134.643969398583,88,31,65,1
17,17,10,8,188.78099410875768,21,15,29,0
0,0,4,5,218.94788541981217,36,94,64,0
3,3,22,2,128.24204286152676,47,10,38,1
6,7,4,13,339.3199566488136,91,6,63,0
16,17,23,19,296.6052745441144,45,79,27,0
14,15,10,16,315.741754091782,26,2,63,0
9,9,9,19,232.5780821130565,32,89,65,0
3,3,2,20,187.65040384198315,45,79,59,0
4,5,3,26,238.731448126294,55,10,20,0
16,17,6,3,202.62394430747125,48,40,51,0
12,13,3,27,195.77586543300623,48,59,39,0
1,1,21,22,164.06691588307837,0,52,21,0
12,13,14,4,273.02982073186473,38,4,18,0
19,19,14,6,241.73871840770957,31,86,55,0
9,9,4,16,99.19838887828324,7,79,55,1
15,15,7,12,75.51741786856792,76,19,29,1
3,3,7,7,348.4956886782164,66,6,5,0
17,17,19,26,70.63019558184747,23,6,20,1
4,5,0,21,178.7991823051964,16,26,51,0
7,7,23,23,86.75872727434827,13,41,44,1
0,0,14,29,227.62473270947925,94,78,39,0
9,9,5,7,196.6739238899035,94,98,32,0
13,13,19,14,207.35431458582931,52,89,53,0
9,9,0,23,316.4091465663394,11,52,18,0
7,7,10,19,104.50454739595648,50,13,61,1
4,5,17,5,145.7696459655211,89,37,55,1
18,19,22,7,349.2173894161016,69,50,48,0
15,15,9,26,127.58497713544786,11,40,54,1
8,9,2,29,199.69918714563727,71,9,1,0
0,0,2,5,298.95311169903226,98,62,30,0
4,5,1,17,234.41991321271527,17,98,55,0
16,17,21,28,202.94617114856484,77,5,6,0
2,3,10,18,211.198234107003,21,35,51,0
12,13,8,12,179.78374928369593,95,67,4,0
19,19,15,18,70.43266640763014,4,11,36,1
12,13,15,2,288.1067772631953,14,31,36,0
9,9,0,1,207.53357409757783,20,7,21,0
8,9,6,29,79.63696410839603,76,89,28,1
17,17,15,6,342.22008780700247,78,16,49,0
10,11,8,29,79.0272315032389,96,86,31,1
14,15,2,20,198.4359397745351,90,34,5,0
2,3,13,5,55.52235403577897,76,33,17,1
12,13,9,25,302.4919941496081,48,74,51,0
14,15,23,13,331.4178601464291,65,40,26,0
4,5,15,25,113.17496151104298,46,73,11,1
9,9,18,14,332.2982493530982,77,7,50,0
16,17,12,15,277.8481194947667,4,94,3,0
19,19,18,0,155.92394868050184,13,86,33,0
6,7,14,12,216.4852486853842,36,5,51,0
19,19,13,1,251.03104120777925,55,36,60,0
7,7,12,9,349.4453545040306,22,10,51,0
16,17,1,8,68.09506542734329,71,68,7,1
13,13,21,13,168.49877954563004,67,59,32,0
12,13,8,6,321.38855266056237,41,45,5,0
12,13,2,2,165.5808332875626,10,57,27,0
15,15,5,26,249.7906288480015,71,71,15,0
4,5,19,1,91.21991474458464,65,20,24,1
5,5,15,20,191.3244796489548,44,11,19,0
12,13,14,10,107.00357201239513,21,86,26,1
15,15,7,2,290.62559464920867,58,56,57,0
18,19,17,6,314.45752067878067,52,6,43,0
1,1,5,9,284.4612088265785,59,45,32,0
10,11,9,7,149.31520995552478,47,6,24,1
10,11,10,6,62.04547153602993,80,50,35,1
15,15,9,0,327.3821056348385,47,87,21,0
4,5,15,26,176.7462314589051,71,64,50,0
11,11,3,13,99.54202896397594,26,19,40,1
10,11,1,0,100.37720032720324,10,88,6,1
13,13,19,10,174.94149133438057,86,84,25,0
19,19,12,27,310.96339851180846,75,45,33,0
3,3,8,19,245.95472023856075,24,44,62,0
7,7,13,2,123.13809900036355,61,48,2,1
3,3,13,0,191.66196510407215,49,11,21,0
1,1,22,26,119.25586979244214,53,85,25,1
15,15,15,15,104.77405643964828,99,27,32,1
3,3,10,9,274.15735219961647,32,95,30,0
12,13,2,12,109.02741269700614,74,9,40,1
13,13,16,3,127.669210059524,95,81,36,1
17,17,14,2,194.27894420739645,26,17,24,0
12,13,20,29,261.7610394753359,94,22,1,0
7,7,10,20,127.97296058346132,50,18,63,1
1,1,1,27,283.30699663044265,10,90,48,0
7,7,8,3,292.9455212503858,75,51,20,0
2,3,11,3,242.56669568447248,6,48,25,0
8,9,10,2,323.1163644753721,69,66,38,0
3,3,23,7,339.7359540273382,3,88,17,0
15,15,6,27,247.04069543288847,97,75,46,0
14,15,12,10,155.5954558179362,7,7,43,0
15,15,14,11,95.29441068503198,34,11,27,1
6,7,10,19,195.34060811421756,94,29,8,0
5,5,11,16,317.2627036130438,79,74,10,0
14,15,9,2,342.97924628780686,9,13,64,0
7,7,3,12,289.0339857159614,2,21,17,0
14,15,12,1,304.1402708085159,68,16,63,0
16,17,7,21,241.45285567855257,40,77,24,0
17,17,12,2,180.38272730616328,18,71,15,0
17,17,6,24,276.95743573906236,12,36,37,0
18,19,11,4,344.0409487939312,31,12,46,0
3,3,5,13,301.0616442595512,64,88,36,0
5,5,18,26,287.3527051264273,22,24,61,0
3,3,20,18,178.42814254472205,17,90,4,0
3,3,22,4,112.11143889161778,87,99,49,1
19,19,7,18,175.33273641490763,62,13,37,0
13,13,9,22,313.72417534569024,30,0,42,0
2,3,1,16,105.63283471322627,18,12,38,1
11,11,11,19,192.26644359954096,12,43,32,0
11,11,16,29,271.67630876687343,35,91,48,0
18,19,14,13,339.4505193284629,47,72,20,0
15,15,14,22,331.5628460431538,52,89,31,0
15,15,14,28,268.3787110996665,83,73,59,0
0,0,9,7,235.19979060693743,12,83,36,0
18,19,21,9,318.03581157649114,2,80,45,0
19,19,0,28,271.9635810734411,78,55,5,0
2,3,22,1,239.5413663003168,69,24,38,0
17,17,13,20,183.3949530109728,47,12,15,0
17,17,8,20,246.46237802419415,26,13,27,0
12,13,8,3,125.98617221643438,44,93,64,1
7,7,6,1,185.07971547020796,39,60,16,0
18,19,21,24,136.58307926232362,51,86,20,1
2,3,3,17,227.39323359885137,81,59,8,0
15,15,16,2,251.65986858085492,41,9,17,0
15,15,10,12,333.10942184675326,95,28,12,0
17,17,6,23,63.89439500912803,78,79,3,1
8,9,10,1,343.15054289562386,9,73,57,0
19,19,5,2,223.1571508151292,78,74,12,0
18,19,17,17,286.2108066290145,13,70,60,0
16,17,11,29,291.65801266401746,82,1,10,0
6,7,9,20,109.7615422454099,44,39,13,1
2,3,0,13,228.67654046040187,12,66,57,0
11,11,1,17,250.56983344352864,83,8,54,0
8,9,1,2,326.1926070697784,7,5,41,0
9,9,1,20,96.35789906533648,78,32,35,1
5,5,6,10,52.77883721978818,16,76,41,1
15,15,5,29,346.75841036699586,67,32,47,0
7,7,11,20,102.32847504622484,59,52,20,1
19,19,23,7,72.87813074471515,19,64,42,1
16,17,4,25,115.74138783721268,54,36,30,1
8,9,11,9,200.11938931208712,25,96,46,0
12,13,6,29,80.34935003832598,30,26,13,1
9,9,2,3,183.71120765072345,77,57,5,0
17,17,2,25,206.7267230595821,99,53,5,0
19,19,19,25,73.59561083687805,48,37,8,1
13,13,22,27,52.118466501415185,75,78,5,1
12,13,8,24,136.3954014139752,52,43,65,1
0,0,19,25,309.81335757709604,35,6,25,0
7,7,0,5,255.6478156331727,26,89,13,0
5,5,4,23,138.7843944730658,65,29,52,1
16,17,8,12,138.63415435124432,14,25,43,1
8,9,5,8,88.24056333491613,84,83,65,1
6,7,9,17,317.2478173034326,78,96,62,0
12,13,21,19,342.44919645356316,10,97,15,0
19,19,0,11,151.9763569373318,28,14,59,0
18,19,15,25,234.26913997935353,59,17,38,0
14,15,12,0,196.89697139325145,55,87,17,0
8,9,21,10,332.5435655607044,35,48,58,0
10,11,9,6,148.8881087784712,85,80,55,1
1,1,21,3,253.06377613407048,59,12,30,0
9,9,18,7,246.17999675357652,44,91,35,0
18,19,7,5,106.70027529921438,90,13,3,1
14,15,5,18,249.3756936289807,5,86,53,0
3,3,13,2,337.8443626222053,28,69,50,0
9,9,15,14,241.88688873025225,89,92,30,0
15,15,14,7,194.8113170662527,59,50,49,0
12,13,2,21,264.51463042160265,25,26,51,0
2,3,23,27,111.47932933929556,5,62,55,1
19,19,19,0,94.10986500819472,80,90,58,1
4,5,4,27,297.3254803295642,68,3,62,0
8,9,21,22,122.50946741354277,34,94,6,1
7,7,2,15,182.3906400738972,16,58,24,0
3,3,15,12,93.05102954637869,3,12,35,1
16,17,9,28,148.04926449560654,14,91,45,1
0,0,0,2,82.11362026906366,95,57,12,1
4,5,18,16,201.59900000451628,57,72,25,0
18,19,10,3,349.60967819175994,66,58,35,0
15,15,17,20,50.21623271330691,3,65,29,1
10,11,22,15,135.0891090972735,3,63,24,1
11,11,1,1,80.16490734078924,87,87,56,1
9,9,1,7,186.1419097838671,13,1,11,0
5,5,14,26,263.3262959833393,37,14,40,0
16,17,20,6,236.2007704726495,97,26,65,0
3,3,7,29,115.90282234739136,57,75,26,1
6,7,22,2,123.88432423804652,24,17,31,1
15,15,7,20,256.3481100355098,68,20,14,0
5,5,8,27,304.7300531948101,45,14,13,0
2,3,20,3,284.41633495246725,22,39,59,0
18,19,8,0,228.32972585399585,32,14,28,0
3,3,18,13,311.0267703648354,13,90,49,0
16,17,16,8,346.79057770121244,41,29,41,0
11,11,7,4,317.46438321779607,73,66,7,0
5,5,21,24,208.18369882499616,98,69,53,0
15,15,9,7,145.39744849779603,99,83,50,1
17,17,1,3,253.82117493137423,52,32,8,0
0,0,16,15,116.36117532314616,89,45,44,1
3,3,14,13,242.90191725312496,98,37,20,0
4,5,8,10,96.8340248169719,43,9,37,1
10,11,21,17,328.2939665089167,51,79,46,0
8,9,9,26,262.1165909118352,1,15,27,0
3,3,21,22,307.25802482615336,17,61,28,0
15,15,2,19,219.40311412615023,20,25,62,0
10,11,19,27,63.876009366615925,92,29,52,1
9,9,9,11,187.16011777299835,8,18,10,0
16,17,16,8,139.27432339895566,39,69,21,1
1,1,2,3,215.3531795248936,32,1,45,0
19,19,10,19,175.61780715178372,81,29,18,0
1,1,16,8,70.9448605052598,56,40,39,1
6,7,18,6,248.7754605295307,93,8,61,0
18,19,23,12,302.8749280458661,77,68,58,0
13,13,23,28,249.72917583332645,43,52,18,0
5,5,20,23,125.78897609576988,92,15,57,1
10,11,3,13,206.6525068890324,87,46,37,0
16,17,2,19,231.2633544618629,17,72,1,0
4,5,2,12,307.51273413523904,16,64,54,0
0,0,1,18,171.32985545749193,31,20,14,0
5,5,11,21,215.24428974851403,8,82,34,1
16,17,9,24,162.79110000528308,97,95,17,0
13,13,3,23,323.0491531067754,71,7,47,0
19,19,13,14,63.63975906939403,34,10,65,1
1,1,19,7,253.1148556341568,83,12,41,0
5,5,22,26,187.5506332276618,75,68,48,0
0,0,2,18,294.1289952674023,98,42,31,0
4,5,1,29,138.64745863968977,9,59,20,1
13,13,1,3,103.25581177787171,17,39,21,1
14,15,14,19,124.53533714897222,55,78,58,1
4,5,12,21,164.48481107099417,97,11,35,0
5,5,9,13,292.0257262834878,79,14,58,0
2,3,20,11,171.79862963793798,23,37,45,0
1,1,11,23,149.05080679504513,79,78,43,1
8,9,9,26,261.18762723995127,43,75,62,0
6,7,12,3,258.84169916763517,80,94,12,0
9,9,3,25,135.96095484522775,20,72,30,1
0,0,20,22,137.27502098824715,65,97,10,1
5,5,4,16,74.26824936888646,6,43,63,1
11,11,2,26,125.2803728536865,27,17,41,1
3,3,19,19,154.4585241537835,22,53,57,0
8,9,8,18,222.25067076410343,31,24,14,0
5,5,10,12,191.8851196061597,92,62,65,0
11,11,17,7,301.72664639632455,69,65,44,0
18,19,21,11,66.48227974304166,68,29,3,1
3,3,11,23,194.07499403140943,17,99,51,0
13,13,2,27,75.38136743279706,30,98,47,1
17,17,20,26,341.3962368572149,39,85,54,0
7,7,1,3,180.14461525199872,68,42,22,0
5,5,11,12,83.18837051689823,49,30,31,1
11,11,12,20,251.7176844686371,5,2,19,0
12,13,4,0,203.52549555562248,53,10,13,0
17,17,14,14,296.8610477168116,20,31,57,0
14,15,20,21,226.7729353567944,80,21,33,0
17,17,14,11,190.40345946674705,16,1,55,0
2,3,9,23,232.3978395963362,61,32,27,0
12,13,15,22,322.76661914179834,30,89,10,0
4,5,10,28,243.33523703272223,95,81,2,0
17,17,20,28,227.8807556147436,9,55,13,0
12,13,21,15,68.02216938772517,64,49,63,1
5,5,3,25,276.40925208591966,82,33,16,0
4,5,20,26,259.06679560544586,45,42,14,0
7,7,2,15,66.88953115340645,42,78,4,1
2,3,9,24,279.31825600805956,48,15,28,0
8,9,8,24,159.10902240418898,27,62,40,0
13,13,6,16,252.3570622873028,6,92,53,0
5,5,0,3,284.7435691191356,38,41,43,0
3,3,7,20,126.90028413341932,59,15,43,1
3,3,21,12,85.42377355575024,58,27,26,1
6,7,5,17,264.25983760452726,78,44,51,0
13,13,10,22,100.3367761483476,10,96,51,1
13,13,23,20,65.63353367715156,31,59,50,1
0,0,3,24,60.76316721177603,85,70,17,1
3,3,1,5,193.75885271263957,47,92,3,0
19,19,22,23,295.5923307584971,44,35,40,0
17,17,0,5,117.13153273716624,93,20,16,1
19,19,9,6,218.87236861772377,57,64,44,0
8,9,5,9,301.4407715748817,55,26,30,0
5,5,12,17,304.1373473657243,88,45,14,0
18,19,3,24,126.6934240105675,83,73,55,1
8,9,14,10,94.5098390002057,45,63,3,1
17,17,1,20,182.02786941305632,34,52,59,0
4,5,0,1,244.8569176512517,97,65,5,0
3,3,5,12,107.74809239504928,81,45,62,1
11,11,4,2,56.7804720548782,14,75,1,1
6,7,0,11,336.98951891276084,86,91,17,0
1,1,1,24,214.0455575035412,69,41,49,0
5,5,6,20,339.72930817296515,19,60,2,0
10,11,10,16,115.37368228305796,18,53,62,1
13,13,23,24,227.6581945708282,8,29,54,0
0,0,14,10,334.00941077230345,46,55,2,0
13,13,23,17,163.40283966763724,1,30,6,0
11,11,14,7,184.21364298349047,69,62,9,0
17,17,5,22,268.6890485325848,88,63,49,0
19,19,22,11,112.85917901900396,0,13,14,1
18,19,16,0,254.3161798113248,6,20,6,0
8,9,1,11,118.2185585323638,68,80,50,1
3,3,15,24,113.84526742861762,76,49,20,1
0,0,20,3,142.28273769934808,4,61,43,1
2,3,9,29,80.79447030020917,8,55,64,1
10,11,6,14,160.10216479743684,96,98,64,0
14,15,14,0,133.0583475430368,3,58,31,1
11,11,21,0,275.0319248264318,63,43,3,0
6,7,0,0,140.83171852533985,5,76,63,1
15,15,4,27,130.7206766448458,15,86,15,1
16,17,2,11,168.47492791799638,28,36,58,0
17,17,13,10,50.00176184588032,73,13,61,1
11,11,14,17,100.90767900762448,60,5,14,1
14,15,9,12,104.94156544070567,52,17,16,1
3,3,9,11,68.85678427772783,41,60,46,1
18,19,18,3,171.1025500263813,17,17,25,0
0,0,20,21,328.3149406028355,69,7,23,0
0,0,13,18,302.8700042965205,18,60,6,0
8,9,23,14,297.75229032911653,46,18,28,0
17,17,7,0,194.9775821297519,77,51,40,0
6,7,16,11,213.0303150119966,82,51,32,0
10,11,13,23,314.9271543081886,63,69,14,0
1,1,1,20,191.31471256423035,61,40,55,0
10,11,20,2,92.2179050035542,7,6,45,1
14,15,3,22,74.79691633949835,49,75,64,1
14,15,22,5,261.4036822089683,45,61,27,0
16,17,23,21,310.11041962190404,83,76,49,0
6,7,17,27,137.7256793087362,15,34,55,1
15,15,2,17,186.48346734617863,30,81,15,0
0,0,15,1,339.8631699919079,45,48,33,0
10,11,10,9,288.83058178500636,73,29,52,0
9,9,9,15,173.5927407379857,9,64,22,0
6,7,11,21,51.33729360929004,30,83,5,1
13,13,13,6,71.03102806600278,73,11,24,1
12,13,14,23,191.0638150789758,70,1,2,0
11,11,8,2,292.89125356027694,13,95,61,0
5,5,9,29,138.01111052059892,39,47,18,1
17,17,10,3,83.13939415392834,50,6,56,1
16,17,21,28,127.47967938887776,98,80,51,1
14,15,11,23,149.3959787731227,60,3,29,1
3,3,10,29,115.98831721591267,30,83,16,1
4,5,3,21,160.92258350257865,79,1,57,0
0,0,7,24,299.38454684942775,66,80,18,0
3,3,7,7,118.2070701571321,85,78,32,1
18,19,19,25,56.383456683249,63,25,36,1
9,9,8,17,159.92952954781987,25,47,5,0
17,17,21,6,226.22879093501197,7,86,63,0
1,1,10,0,283.90114239301033,64,20,12,0
14,15,14,1,161.69207688622015,38,43,5,0
1,1,6,10,197.09700258711104,15,55,43,0
17,17,16,29,141.08660926982495,59,68,17,1
6,7,19,8,145.75681500173363,68,49,49,1
17,17,5,4,146.1643363509148,33,93,61,1
7,7,6,14,217.6037957314024,33,24,58,0
13,13,16,13,254.2492538434705,3,84,29,0
7,7,19,7,214.73196750306352,4,92,7,0
4,5,10,4,212.49773997571847,23,47,43,0
18,19,0,16,138.43137756844973,33,63,63,1
15,15,21,0,128.5696583760461,96,93,13,1
18,19,20,29,237.73859770090505,94,66,65,0
14,15,12,22,269.7493034561899,54,69,48,0
15,15,16,6,189.1623548718048,37,91,20,0
17,17,17,1,62.30119311727056,82,27,27,1
0,0,20,3,83.39980996937531,40,55,14,1
9,9,8,25,304.98155213695577,37,73,42,0
5,5,9,27,312.3695084109412,28,82,45,0
11,11,5,26,59.0783638222611,46,62,59,1
9,9,7,29,321.2065931637416,64,36,23,0
12,13,3,2,68.30994192172946,14,61,20,1
6,7,14,7,69.3276178158455,45,58,25,1
15,15,8,12,346.60399415389753,83,83,42,0
19,19,21,25,268.23453291800365,52,68,32,0
13,13,11,14,261.0603752858415,7,80,27,0
0,0,21,14,63.464922830966785,86,65,15,1
8,9,11,16,190.17235475601183,2,20,31,0
19,19,6,17,159.8027485506985,46,85,9,0
7,7,5,26,159.4197815594586,32,76,31,0
17,17,18,25,297.9432538099419,99,62,7,0
14,15,20,28,187.22116330021487,98,78,5,0
18,19,3,1,242.1202002525464,99,40,26,0
12,13,20,8,336.7182026061296,55,13,63,0
6,7,14,8,137.60152310733912,3,96,10,1
8,9,6,12,111.79412711078598,53,92,49,1
16,17,1,19,266.6169398249484,83,54,55,0
1,1,1,17,85.46194209159084,83,10,22,1
14,15,22,27,312.05301802675143,88,4,54,0
5,5,7,11,139.82311409034654,95,70,12,1
6,7,0,19,277.8850240369957,74,54,17,0
5,5,19,22,86.47698184816639,73,99,46,1
13,13,16,10,262.81601080932415,75,11,54,0
3,3,22,21,225.0526379115491,64,0,53,0
7,7,22,28,117.2537186991935,99,78,28,1
7,7,0,25,74.5360161140324,22,84,62,1
5,5,18,2,168.5300434300255,35,99,27,0
8,9,19,23,322.8602969107267,34,7,65,0
10,11,4,20,58.029946889764574,86,9,25,1
7,7,18,0,178.628908001984,1,34,45,0
3,3,1,19,219.14057533109263,72,22,7,0
3,3,22,11,279.4534184762367,78,58,38,0
13,13,8,14,338.6389977284128,36,14,52,0
6,7,22,20,111.25329179281128,89,51,8,1
18,19,6,26,287.81120710225883,54,2,30,0
13,13,7,28,68.28252198898494,43,1,6,1
14,15,23,7,66.89672239306921,60,8,64,1
17,17,6,28,237.03400520400535,64,99,47,0
0,0,6,21,255.2058670330988,96,78,27,0
2,3,19,1,317.3143249976084,47,77,4,0
12,13,11,19,142.47017041648942,75,6,28,1
5,5,15,5,275.11540272797555,85,98,46,0
8,9,22,11,159.76880488597578,10,6,17,0
19,19,6,28,243.79047082382408,6,26,24,0
0,0,0,16,330.5941964065411,72,15,28,0
12,13,20,16,234.9693706873872,47,90,63,0
18,19,15,22,314.7165459638802,29,84,18,0
11,11,13,21,78.81145009322162,14,83,14,1
8,9,15,19,164.24169538399667,48,77,4,0
13,13,15,14,300.4478719084058,28,13,46,0
3,3,3,4,133.21235016452263,31,99,56,1
4,5,14,27,244.89905274331176,30,81,23,0
15,15,8,8,234.5042375721662,9,73,27,0
7,7,10,22,121.77707566564764,26,85,32,1
9,9,0,15,204.48352937020863,3,70,52,0
5,5,13,12,248.1496936955837,29,54,52,0
4,5,12,8,51.98922129589375,58,79,38,1
1,1,5,23,57.3793074687522,58,67,17,1
14,15,8,22,121.35379754799808,66,39,28,1
4,5,22,8,78.92863311725296,52,69,23,1
17,17,14,2,109.71553509756598,94,21,35,1
3,3,6,25,231.49858352715648,42,6,40,0
8,9,12,26,110.8494805821742,10,79,14,1
13,13,14,15,218.98129902689124,38,88,13,0
13,13,0,3,297.1880294548221,60,2,40,0
19,19,15,17,154.4666347823032,33,30,63,0
12,13,18,16,228.8796062707825,6,90,39,0
4,5,10,21,74.26128284548817,6,15,34,1
14,15,17,17,60.260693872210695,74,22,34,1
14,15,16,20,208.7643124685017,34,23,58,0
18,19,0,23,193.46543640897096,94,34,38,0
6,7,5,4,99.01188946694114,21,61,22,1
18,19,20,10,291.86469179558435,27,96,42,0
14,15,8,12,151.1340669699736,27,51,5,0
9,9,4,2,63.88729909153346,38,10,13,1
14,15,17,18,51.00871897113254,69,99,52,1
1,1,1,6,138.50862887227095,30,46,8,1
4,5,23,22,129.01820355738886,69,12,27,1
7,7,2,11,248.06226134135707,98,4,41,0
3,3,3,1,68.94305106481411,51,80,37,1
9,9,1,27,117.74128007450967,99,6,57,1
12,13,19,16,319.42766006210525,59,51,8,0
16,17,1,4,146.22640086137923,1,6,15,1
19,19,2,13,51.17107917010589,83,53,40,1
17,17,6,24,305.52874258783385,92,76,33,0
11,11,5,7,219.46869147060733,14,12,9,0
15,15,11,16,198.57344182959915,38,98,41,0
3,3,13,26,142.5402600265686,78,83,56,1
6,7,5,14,243.89118925393493,72,28,16,0
1,1,12,29,283.20691515552477,16,20,10,0
3,3,7,1,338.4712876948831,65,55,44,0
14,15,13,16,255.24787443565137,58,45,32,0
17,17,12,22,310.0936845834748,14,32,12,0
2,3,22,5,147.1371139987233,13,48,14,1
17,17,13,8,112.68204948434784,30,83,43,1
19,19,6,22,281.11166369280176,16,96,20,0
16,17,12,25,290.53783230047827,13,68,62,0
5,5,22,0,265.4496226226884,80,20,59,0
19,19,4,14,294.8084427093477,88,57,55,0
2,3,15,20,128.1852180457081,98,94,50,1
12,13,8,25,99.89631534006064,3,89,61,1
15,15,2,28,89.07904892991297,83,8,8,1
4,5,17,9,50.72120866022446,11,78,46,1
5,5,12,4,295.5424890643996,58,78,26,0
7,7,21,18,222.19441777461984,70,64,13,0
4,5,22,14,177.42417883012763,33,70,42,0
14,15,18,7,184.74987920616155,12,53,13,0
12,13,17,9,281.2765563359716,12,45,5,0
8,9,0,25,185.45221397058512,21,72,43,0
6,7,20,12,322.2252022064664,13,51,30,0
1,1,10,25,339.43314212291426,15,80,33,0
6,7,22,17,61.538292310605634,39,39,29,1
13,13,6,8,200.67103878954143,67,47,62,0
2,3,12,26,271.801826824284,46,39,40,0
16,17,0,2,289.21864545828254,38,60,2,0
8,9,13,11,326.1843729974618,80,52,49,0
15,15,4,19,156.38393358236948,67,96,44,0
11,11,5,19,196.42978538160511,61,36,24,0
15,15,1,14,83.65921171932003,14,56,49,1
9,9,14,12,162.03943222695267,11,87,3,0
4,5,8,5,70.8084766767395,4,98,26,1
12,13,19,18,244.04140250485756,26,25,41,0
7,7,21,29,50.29269893777191,72,31,24,1
13,13,3,13,200.44374853660688,50,95,1,0
1,1,0,18,50.96428441158933,88,18,53,1
4,5,22,1,97.60303734618785,68,56,28,1
10,11,12,25,261.374195510072,28,51,33,0
17,17,2,11,130.76683677376084,10,82,27,1
7,7,9,18,144.84428010012977,55,19,33,1
11,11,3,2,98.8461575016816,9,39,19,1
18,19,6,15,152.66623721084258,29,79,51,0
9,9,23,19,50.76632633587688,4,30,44,1
17,17,5,11,267.6004341910508,79,76,9,0
19,19,17,3,202.60444622120067,69,46,29,0
14,15,22,4,50.339323574452656,71,15,1,1
1,1,2,7,305.6483436644726,28,12,13,0
9,9,2,6,310.1381052046611,15,78,37,0
4,5,7,23,316.78893731427286,94,53,16,0
13,13,4,19,212.86069893262464,76,69,2,0
19,19,4,23,189.15640940378847,12,29,8,0
6,7,11,22,228.94481541065315,33,82,51,0
9,9,18,7,211.75027001975545,1,3,27,0
4,5,15,0,319.47242449962016,73,58,51,0
16,17,22,14,280.55030070056415,10,17,32,0
3,3,17,8,258.03800033926206,5,80,15,0
5,5,5,18,81.41417837619595,70,46,60,1
10,11,0,23,86.48934672744909,71,57,29,1
5,5,1,27,60.32204663569954,41,58,39,1
18,19,15,9,118.14099084804576,7,30,59,1
17,17,18,0,274.2965994252085,53,51,55,0
17,17,21,29,188.32097678089104,75,21,52,0
1,1,7,6,291.6229483584992,32,29,17,0
7,7,2,12,104.7312671241844,50,28,45,1
19,19,10,19,59.8669516328165,34,13,41,1
15,15,4,0,142.24753419352433,60,40,59,1
6,7,0,0,328.5915086063438,83,46,20,0
12,13,23,13,294.19854419289743,54,5,64,0
14,15,6,4,171.21220932500404,11,86,52,0
8,9,5,14,238.4180869533699,19,87,35,0
11,11,10,17,139.05057730634772,34,69,60,1
9,9,12,20,285.0247332556525,83,14,16,0
1,1,11,16,56.39397298682483,1,75,41,1
18,19,16,22,245.39509493718683,8,37,40,0
3,3,18,22,199.6999105717369,51,8,44,0
7,7,18,26,282.99039842399907,63,54,44,0
14,15,20,23,201.48565611987144,61,63,63,0
4,5,16,2,173.21039891336878,59,21,18,0
13,13,5,29,128.58895376037634,23,29,22,1
11,11,8,4,191.84500317440416,25,87,53,0
7,7,14,8,113.0163083446664,64,25,9,1
19,19,22,2,334.6378559557833,92,69,13,0
5,5,13,22,239.1634675351906,21,30,28,0
5,5,14,20,304.5342184224617,9,63,30,1
14,15,22,12,253.54640219772529,38,72,21,0
4,5,15,29,164.1401062975095,65,63,17,0
1,1,7,23,343.18269964887554,88,68,18,0
9,9,9,28,193.36687943955465,71,53,19,0
11,11,14,3,203.59185338553556,63,3,36,0
9,9,21,27,209.30773716204143,82,38,27,0
10,11,14,15,97.23956571121576,91,52,31,1
7,7,2,7,219.66249569796005,92,39,6,0
13,13,23,8,219.28766531244256,22,23,1,0
0,0,10,27,222.26109705200687,27,34,7,0
8,9,9,0,182.65617600094492,80,82,59,0
0,0,1,18,163.61796331373856,92,61,45,0
9,9,13,25,143.6012272304648,12,79,8,1
5,5,10,28,184.22054333907943,83,21,58,0
12,13,4,27,78.23245680310484,75,20,38,1
2,3,16,14,297.07312816487024,49,11,19,0
5,5,5,16,255.27369829011312,39,67,9,0
0,0,20,0,80.97170560165593,89,44,22,1
12,13,7,24,156.40862435308838,90,74,47,0
12,13,12,2,215.4203814442172,69,86,22,0
9,9,7,29,124.82713601844029,20,62,44,1
6,7,4,20,139.77892614504768,90,57,41,1
14,15,19,3,69.10751190159895,7,53,23,1
19,19,20,6,136.87172024651335,47,26,20,1
10,11,9,24,337.51261354541066,99,27,44,0
1,1,8,24,79.2275732365631,18,19,15,1
12,13,1,18,276.4372431564914,84,90,5,0
19,19,9,13,349.03161175001725,48,47,31,0
17,17,6,20,280.39911542181113,38,48,46,0
1,1,21,24,183.8557033943148,48,30,56,0
10,11,18,24,139.2795422577687,78,81,57,1
17,17,3,8,296.86392850252315,97,36,29,0
11,11,2,18,77.19834197819279,24,21,21,1
12,13,2,9,284.4109394956774,76,10,41,0
9,9,14,11,278.1164034073809,96,6,18,0
10,11,9,10,83.39848821770684,69,95,17,1
17,17,11,9,259.16642982809435,35,20,58,0
3,3,0,9,178.98513286560197,55,98,1,0
8,9,21,22,322.760841838596,10,89,33,0
9,9,5,0,54.21384103819877,28,77,30,1
3,3,16,29,220.88971776034353,58,21,58,0
16,17,0,22,131.85659744471283,18,72,37,1
19,19,4,6,133.8982871122103,90,35,49,1
2,3,20,4,205.73910521439905,37,55,46,0
12,13,23,21,255.18537215271957,5,79,39,1
7,7,14,20,152.87232560270243,21,53,34,0
13,13,9,18,160.48901160926275,27,23,28,0
18,19,7,27,50.801016323856786,46,21,7,1
0,0,16,21,108.20656763452892,45,73,62,1
2,3,9,2,69.19258058072863,91,29,62,1
5,5,21,8,327.6082523547348,90,52,9,0
8,9,2,0,319.68464805173,5,41,54,0
17,17,12,17,221.8782394815768,67,3,13,0
12,13,7,24,232.1524155115155,90,36,45,0
15,15,2,22,216.6569702624005,43,89,62,0
12,13,22,29,96.11958168089232,42,94,4,1
13,13,20,28,80.50723849914021,0,10,27,1
18,19,16,20,274.1504512827197,55,31,23,0
13,13,1,17,294.28734587950703,22,23,21,0
19,19,23,15,108.88259961138525,31,26,31,1
10,11,4,20,82.6653421980086,53,38,48,1
0,0,2,1,271.70842085647956,21,27,1,0
16,17,22,27,326.7406384213786,4,22,15,0
3,3,8,26,220.5829720397676,65,17,46,0
16,17,10,28,145.64040103321156,43,93,28,1
14,15,0,2,80.86312829689469,79,27,58,1
8,9,14,1,265.4180021496267,64,78,19,0
15,15,14,22,109.92510996314724,83,76,20,1
11,11,20,9,338.4441294273738,69,7,34,0
17,17,20,23,129.3304191452438,85,12,55,1
1,1,10,14,191.55733873872785,8,59,36,0
8,9,0,0,331.37542262529024,71,8,62,0
11,11,19,29,337.52933407867124,86,57,10,0
16,17,14,23,338.2902057115361,0,31,22,0
6,7,11,0,319.74552640745657,89,17,36,0
16,17,5,19,50.92237718652686,91,29,10,1
3,3,20,5,151.13475417119392,15,2,55,0
11,11,16,27,201.78353236684035,6,62,41,1
9,9,13,16,112.3080257153149,40,74,25,1
1,1,5,0,59.636975554845314,92,87,41,1
3,3,5,10,91.60604274043652,10,90,16,1
9,9,10,19,71.34321077475899,80,68,16,1
16,17,17,21,205.19674714626473,30,39,58,0
9,9,8,6,315.39074401223235,12,75,65,0
9,9,5,11,65.6924490077916,26,52,50,1
0,0,1,23,169.4166380692905,20,15,62,0
17,17,15,18,335.4668795406147,99,30,12,0
7,7,5,2,90.00733139188667,45,64,41,1
19,19,6,28,81.90668578567947,95,43,29,1
5,5,5,24,126.07769602734932,55,48,20,1
18,19,21,29,330.9861773809478,78,89,29,0
3,3,13,8,169.49623006067398,77,69,41,0
11,11,18,12,150.0317614618331,74,7,12,0
10,11,11,24,271.61010234426243,43,20,1,0
5,5,0,25,103.52189336453768,67,37,57,1
10,11,5,25,175.09201671137245,30,68,26,0
2,3,0,14,224.7337021593433,56,70,57,0
3,3,3,23,168.14100915436163,46,87,32,0
19,19,10,17,148.7210655165582,60,25,46,1
1,1,9,4,216.53909149559453,69,13,47,0
5,5,3,7,328.5247464997396,65,81,58,0
8,9,21,0,318.23185041747604,5,0,15,0
7,7,23,24,180.65794067723965,60,39,32,0
7,7,15,4,231.3162444896863,34,11,17,0
4,5,12,15,261.87921029368,44,29,8,0
1,1,10,8,183.4673697662556,61,83,57,0
9,9,1,17,213.24928357587484,98,11,29,0
5,5,18,12,152.9307501440537,91,20,39,0
8,9,3,28,125.89130475019242,10,0,62,1
1,1,10,13,53.3128416137573,87,9,41,1
0,0,13,24,305.2258367493168,58,18,19,0
6,7,19,28,348.14781233688507,46,18,11,0
3,3,5,14,132.02335330227444,3,30,15,1
10,11,22,21,160.72840472933484,98,54,62,0
10,11,4,8,215.89198521310905,2,86,35,0
6,7,23,15,218.2329572751192,76,67,28,0
5,5,6,19,347.13754726199573,42,45,61,0
16,17,12,26,125.731356221878,65,27,30,1
5,5,21,2,334.42176681913173,5,13,32,0
19,19,16,8,130.33138462078617,82,81,10,1
8,9,0,10,226.60555815278028,53,99,32,0
7,7,1,4,147.57800149635227,69,31,2,1
18,19,23,27,169.79935456982426,69,10,8,0
4,5,12,12,165.89265189055155,62,27,31,0
2,3,7,1,145.1882336852371,81,45,41,1
4,5,13,5,56.035739569628376,50,98,38,1
17,17,13,7,312.1318612755233,22,8,31,0
9,9,15,21,71.40996965817962,14,36,41,1
3,3,21,2,280.3968578534204,22,13,50,0
4,5,4,21,82.09938554469319,7,68,41,1
1,1,15,8,251.0050192510492,0,47,4,0
16,17,14,6,269.80467748872024,42,49,26,0
15,15,21,24,98.6574819384953,74,8,1,1
11,11,17,23,320.3520476077591,93,95,38,0
0,0,1,23,58.17618591872442,75,79,6,1
16,17,2,11,316.40040295322933,94,77,28,0
13,13,7,29,69.02425178247037,6,24,53,1
16,17,9,29,262.22858882720885,33,58,60,0
18,19,21,10,166.50347594007226,76,51,51,0
1,1,3,0,346.13954553983865,93,88,36,0
9,9,15,21,257.6142983551533,30,28,11,0
0,0,2,13,131.15778940631117,22,88,63,1
11,11,23,29,85.50116870866769,39,92,18,1
0,0,13,19,190.90512793522387,53,17,64,0
17,17,9,0,228.58122671418175,69,83,49,0
1,1,14,11,250.0582329866461,90,23,38,0
0,0,5,27,252.98701455708823,26,83,42,0
15,15,7,27,53.60015730683156,76,79,27,1
4,5,0,6,219.11333330826008,93,50,20,0
9,9,22,25,263.72674242644035,72,14,45,0
10,11,10,28,146.2770696987658,81,30,61,1
3,3,13,16,68.13284050206742,73,84,46,1
2,3,11,14,250.12454489265951,83,83,45,0
15,15,14,9,316.91449669948486,82,12,51,0
12,13,22,9,262.2661257510178,87,63,21,0
10,11,6,16,316.96292913065855,81,53,7,0
6,7,9,17,325.0123258797654,92,70,27,0
4,5,20,10,169.83490334308416,89,74,48,0
11,11,1,12,77.7922735199121,47,90,1,1
13,13,19,13,297.38271013336396,54,18,17,0
17,17,19,21,260.6593478255015,57,8,20,0
15,15,23,27,112.12410141435576,98,17,10,1
0,0,9,21,232.21283254412404,82,3,58,0
18,19,15,19,73.65424619058926,31,59,24,1
3,3,19,2,119.04368412418565,78,43,54,1
8,9,5,8,111.46265633618512,37,71,45,1
3,3,6,8,71.41022983485573,62,96,45,1
1,1,15,25,55.46282967969736,50,81,29,1
19,19,15,29,312.3295982386051,32,47,54,0
14,15,2,25,257.1854459630677,45,47,35,0
3,3,0,13,334.03723750645605,50,58,18,0
2,3,3,26,90.27951025046625,63,16,39,1
12,13,13,24,116.583514839798,13,0,35,1
11,11,8,16,92.28577988776544,55,54,45,1
9,9,2,2,328.4698798652991,35,49,22,0
1,1,19,12,289.2588557618147,20,63,33,0
14,15,16,5,151.31168272705543,10,57,64,0
14,15,0,9,238.58260624073543,7,54,58,0
14,15,7,22,127.84061672340536,34,19,52,1
0,0,15,1,173.7977836465451,35,98,33,0
2,3,15,14,293.1165434543451,0,54,32,0
10,11,6,20,255.2347513905004,99,16,30,0
15,15,2,15,200.0586426100375,73,34,55,0
9,9,2,15,71.40814251709821,98,90,15,1
8,9,7,25,162.0208376362017,49,4,30,0
17,17,18,23,77.36912113463393,66,44,38,1
11,11,6,18,96.75687197982953,3,89,12,1
16,17,6,22,122.55752046318132,44,10,42,1
3,3,17,10,154.41838104602348,76,76,50,0
3,3,12,28,245.7489117118226,65,53,17,0
4,5,2,15,144.9081944014698,85,42,51,1
4,5,3,18,293.78031851239007,75,54,17,0
18,19,20,11,240.66959944681756,64,48,22,0
4,5,16,9,329.69135919559585,89,76,28,0
5,5,3,25,203.6804278722176,91,15,33,0
10,11,19,6,346.8567315054991,73,78,42,0
4,5,12,13,284.94126598679276,47,85,58,0
15,15,11,29,237.53739903698585,75,5,17,0
4,5,21,15,194.3313632503275,77,42,53,0
12,13,21,4,206.4964317886648,18,87,4,0
8,9,5,7,316.6125960262411,84,34,6,0
4,5,16,13,194.2852155780826,22,17,31,0
8,9,17,6,314.43454760118914,18,5,3,0
9,9,7,13,189.48513496172697,90,50,5,0
2,3,5,13,85.03167401364175,72,46,20,1
15,15,9,19,148.4056857530131,44,13,51,1
3,3,1,27,86.66745296769456,93,82,27,1
3,3,17,5,318.84218757836715,74,18,53,0
10,11,23,27,329.80922907090616,47,8,3,0
1,1,21,6,94.35607720581253,56,54,22,1
4,5,1,18,228.0648712388711,20,7,28,0
14,15,4,14,93.80557163488528,32,85,48,1
3,3,15,9,166.7208865857076,99,62,1,0
2,3,19,16,178.87375760689136,95,66,50,0
18,19,12,7,292.9140745430771,34,83,59,0
19,19,5,22,99.00752421628076,32,62,4,1
12,13,17,6,302.2895314102161,88,87,58,0
2,3,6,23,155.02539772501726,82,29,36,0
16,17,9,29,172.30456750739202,14,35,58,0
1,1,11,9,279.6082446426533,36,71,51,0
1,1,12,27,143.67309541500603,86,95,61,1
13,13,0,5,282.4230613397555,55,22,35,0
12,13,8,10,205.78583514697317,66,44,56,0
18,19,22,20,132.5295605676397,42,17,40,1
17,17,12,19,262.7824187538598,16,21,35,0
6,7,1,10,197.0788118133539,16,57,47,0
13,13,17,17,119.1941119703656,91,35,42,1
7,7,23,15,141.38815948217368,49,61,1,1
2,3,9,17,110.89822861293506,14,34,6,1
11,11,17,14,258.3063758990813,83,20,61,0
19,19,3,29,213.01847509402603,19,80,40,0
15,15,20,7,90.4470891723968,25,89,7,1
4,5,17,12,338.65921978410495,11,42,48,0
4,5,4,19,254.4160955480397,64,36,50,0
4,5,7,2,281.9624692165305,85,14,53,0
4,5,1,2,186.0637568153844,65,68,64,0
12,13,11,28,290.8850206167495,4,41,46,0
1,1,3,11,216.16926122657844,52,44,45,0
12,13,7,27,331.5078871050956,38,56,24,0
11,11,7,23,85.5225921127506,82,61,34,1
3,3,19,8,238.785643768766,7,76,14,0
0,0,7,14,100.09190961021352,7,78,43,1
4,5,7,24,327.22117402803366,8,21,2,0
3,3,5,27,260.70083116415935,12,12,8,0
13,13,23,22,245.71437313404317,31,29,9,0
11,11,14,12,235.88757607201285,12,32,47,0
16,17,22,17,224.68445226773707,24,53,58,0
0,0,7,18,237.47961459046343,30,5,39,0
7,7,6,21,139.56970730186592,37,52,26,1
2,3,21,26,70.17661152705398,16,10,26,1
4,5,9,5,125.0868530489065,97,74,57,1
16,17,7,27,78.85668597059981,33,63,40,1
9,9,22,18,302.6545712155388,26,98,55,0
7,7,10,6,150.3455514565832,36,77,31,0
7,7,17,23,145.66461371957524,67,33,34,1
15,15,11,6,342.49980144011414,3,12,60,0
18,19,8,10,225.9830197908649,90,97,39,0
18,19,16,3,161.01739009566091,52,96,17,0
14,15,22,14,123.43700253957198,24,48,52,1
16,17,21,5,106.23106090133602,94,43,62,1
14,15,19,27,68.39987732965875,73,42,9,1
3,3,3,21,255.59928338119047,42,36,27,0
0,0,23,0,234.5165672401029,36,97,53,0
10,11,5,15,243.5781177939028,22,24,8,0
5,5,19,3,295.76600572371234,73,29,63,0
17,17,12,12,162.2651154916065,76,41,40,0
15,15,21,11,84.44121043388196,0,15,24,1
16,17,19,27,113.53010191109828,83,36,29,1
11,11,14,16,164.31385703514547,33,4,31,0
5,5,19,0,212.80426111310013,83,96,48,0
18,19,10,19,251.70573489645977,1,28,32,0
1,1,2,6,108.9483613677571,69,21,44,1
5,5,2,18,88.03648926900013,54,32,10,1
10,11,14,27,291.9768956043231,28,37,65,0
16,17,1,2,201.64257580074332,24,97,42,0
6,7,6,27,119.7977237304313,78,94,46,1
12,13,11,27,300.0286679012738,79,80,24,0
6,7,15,9,74.93229573515063,96,95,28,1
11,11,9,16,313.4313280577709,91,4,52,0
9,9,11,10,57.18179289877408,18,93,11,1
9,9,12,20,315.97089309306887,80,75,16,0
18,19,1,20,277.852076891858,74,47,38,0
14,15,9,5,138.26419657032585,8,43,34,1
14,15,7,17,137.29316235274052,69,91,49,1
17,17,12,3,181.0060187109567,31,19,28,0
3,3,22,17,130.22298377297162,37,45,37,1
9,9,19,11,174.33908435061844,47,31,41,0
15,15,8,17,177.88616650608307,59,55,47,0
11,11,23,23,154.8028676494274,53,10,24,0
0,0,4,28,260.95999691007034,92,86,2,0
14,15,10,25,53.40051963577647,68,33,14,1
16,17,19,5,93.24843926028716,77,58,17,1
0,0,21,28,96.74735684448753,72,8,2,1
0,0,23,12,243.45975698355184,90,17,63,0
2,3,11,15,218.43485987336305,70,74,56,0
3,3,3,20,347.0955161395603,28,67,48,0
1,1,14,19,235.226235570079,98,72,52,0
15,15,19,16,83.9958477063893,37,19,37,1
1,1,22,2,341.3337370533887,29,8,40,0
1,1,18,17,239.51592913757565,27,89,9,0
17,17,16,0,81.56534807505287,34,11,28,1
2,3,19,15,162.68644767884726,66,29,28,0
18,19,11,16,180.23186804848012,78,12,29,0
19,19,5,20,118.38604867757336,45,30,19,1
10,11,4,9,337.17047515678,63,61,17,0
3,3,7,3,282.3412111657047,99,12,43,0
19,19,10,22,222.04126338868036,36,58,52,0
6,7,23,1,335.7802916858172,95,55,1,0
18,19,23,1,82.15195151634667,42,10,17,1
0,0,17,24,199.0003593476503,35,62,54,0
1,1,2,16,183.7941434670035,92,22,48,0
8,9,7,0,182.7945910458492,15,99,19,0
0,0,9,4,68.32985505117347,41,58,13,1
10,11,1,14,82.31152523339325,25,30,6,1
16,17,12,2,306.46640822485693,18,45,54,0
16,17,10,15,123.90170219202236,94,97,54,1
2,3,15,18,227.96559790771644,23,80,18,0
12,13,16,19,263.2050337300495,59,41,33,0
2,3,20,1,227.4133118746104,77,71,46,0
9,9,19,19,135.86984619169655,56,98,50,1
2,3,23,13,219.46265063753373,51,0,42,0
1,1,21,27,193.17781378083683,77,20,38,0
19,19,16,12,349.6248870749639,46,97,23,0
14,15,7,25,141.06097567094554,43,65,18,1
14,15,9,7,334.29409145788844,28,46,51,0
19,19,9,20,279.64969679450854,41,43,33,0
17,17,10,8,82.60398571695262,94,75,46,1
14,15,21,13,133.76747079045467,83,21,50,1
13,13,18,10,339.3291094380806,95,20,39,0
4,5,16,16,330.75854470242723,93,15,22,0
13,13,12,13,105.58743672506134,55,29,31,1
14,15,0,7,255.4547439968125,45,18,31,0
3,3,18,11,343.5533434400301,73,10,56,0
12,13,14,29,107.3145315949842,52,85,36,1
19,19,11,8,329.1021982688436,44,27,42,0
9,9,3,12,283.1872069355461,4,86,53,0
17,17,20,0,63.76044531398507,72,66,53,1
9,9,2,21,317.7501196512995,15,18,11,0
7,7,9,5,321.64432368478697,55,37,61,0
8,9,19,4,114.84375209284458,41,36,56,1
7,7,23,27,308.95868673513024,91,27,12,0
15,15,4,15,149.7349776491856,96,58,15,1
8,9,18,28,217.65578328521508,89,92,40,0
19,19,5,6,186.750316544698,70,22,9,0
19,19,23,5,312.1824033064415,43,56,5,0
3,3,5,12,55.87603620587019,25,91,6,1
15,15,21,12,265.74498324196827,24,41,5,0
1,1,5,7,97.05352671984409,4,22,11,1
6,7,5,11,167.25746077710747,3,24,10,0
1,1,23,28,129.01623943103877,31,11,9,1
15,15,13,10,101.22418803112224,31,9,9,1
5,5,1,25,84.57940795529046,23,16,52,1
7,7,8,0,147.5818826314923,51,31,12,1
0,0,13,3,220.82571376104167,95,5,63,0
19,19,18,22,84.56083060883707,11,58,12,1
0,0,20,15,348.0219538158018,61,15,22,0
5,5,8,8,327.6554749294228,95,49,36,0
0,0,10,4,272.5078155354619,27,2,19,0
18,19,5,16,325.9997709108906,45,90,40,0
9,9,17,23,209.2036644071661,75,40,14,0
9,9,5,4,279.63997441072615,88,69,28,0
16,17,17,6,252.42579926988105,59,28,43,0
12,13,14,10,259.26902564452536,95,36,10,0
15,15,5,8,229.56052212844097,83,23,15,0
14,15,6,18,226.30266882357523,35,70,36,0
16,17,2,17,327.9695920733895,28,40,1,0
10,11,18,6,171.00767908721338,13,31,18,0
4,5,9,1,142.08638634491163,51,30,35,1
3,3,12,29,292.19027113668744,43,73,10,0
18,19,8,23,86.11065108016653,4,2,36,1
9,9,9,15,172.05906635940477,4,89,22,0
9,9,21,26,259.0510685784117,55,96,8,0
7,7,2,1,253.15958670537108,77,73,34,0
14,15,13,3,83.44534215295552,40,17,10,1
6,7,20,26,348.42903998046387,67,77,33,0
18,19,5,6,207.61193819469383,15,8,10,0
4,5,6,14,69.03800269267491,21,14,30,1
2,3,8,1,208.09727213134585,54,50,30,0
15,15,4,11,149.7491022742396,27,14,58,1
2,3,13,16,182.28647930048953,25,56,46,0
0,0,5,4,112.06693020186806,12,94,54,1
0,0,1,15,270.1818366926816,5,95,21,0
3,3,20,5,310.7632118313593,14,89,19,0
7,7,17,6,336.6911440909923,55,47,17,0
0,0,22,11,102.63677098909368,47,65,23,1
5,5,14,28,151.2486413613039,76,35,58,0
12,13,10,24,132.7257217369989,73,5,55,1
1,1,5,14,264.0296074023605,76,19,35,0
8,9,3,21,202.98620990577209,49,3,61,0
11,11,16,11,199.82792025506453,22,73,38,0
12,13,3,1,272.73789631717426,1,62,31,0
12,13,19,3,261.20615821166746,4,32,47,0
15,15,17,19,114.1580017948142,40,5,48,1
1,1,2,25,267.1345071273368,80,14,33,0
2,3,12,22,284.79923575535435,91,68,50,0
16,17,7,4,281.9896916420811,25,57,56,0
11,11,22,27,211.7760549805128,13,62,24,0
13,13,11,14,322.1471342928878,37,89,35,0
17,17,11,2,203.66601524743265,95,19,5,0
4,5,21,19,104.08286701339628,92,44,16,1
16,17,17,2,97.66647655637102,34,60,65,1
17,17,22,10,120.49566271491716,93,15,13,1
9,9,7,20,209.0835262658713,40,30,47,0
5,5,7,29,179.9692693098338,80,23,9,0
2,3,2,25,222.84328925060967,23,68,47,0
6,7,20,9,79.90455408906669,82,85,28,1
8,9,18,10,279.8388671359692,86,88,62,0
15,15,14,9,105.63663530680368,47,86,35,1
15,15,5,24,133.5631871427392,25,5,46,1
13,13,20,22,279.6987922256616,4,86,51,1
6,7,17,2,81.18308601910465,66,29,45,1
5,5,7,16,287.90306033090303,26,31,52,0
2,3,11,21,284.26474071993175,31,79,6,0
3,3,0,4,269.9948309354357,35,21,5,0
4,5,21,1,320.27982456506874,40,14,39,0
12,13,6,9,288.72682499247,54,58,36,0
17,17,13,6,84.26697302618092,88,42,35,1
18,19,19,24,145.5292705449659,2,13,42,1
7,7,21,14,165.30603631213427,74,64,10,0
3,3,15,14,85.22287997997732,17,87,22,1
1,1,9,6,160.7474031895823,54,97,11,0
17,17,21,28,212.2336848172734,86,43,17,0
6,7,18,18,204.58834643943425,96,72,57,0
12,13,15,29,295.1824800114221,38,3,51,0
6,7,14,25,55.741699291589775,40,89,20,1
5,5,10,14,93.8749120643233,98,98,34,1
0,0,15,4,309.7865621511937,73,33,21,0
10,11,15,23,187.594908021065,4,27,28,0
19,19,11,9,109.94787780146322,22,75,47,1
14,15,15,25,236.00385221692108,85,79,4,0
11,11,0,22,64.01396919711907,69,35,51,1
15,15,2,16,222.34596846455057,85,59,3,0
18,19,3,14,224.51593087836227,35,94,24,0
11,11,13,29,183.58678132809948,10,34,10,0
1,1,4,15,339.46445923965115,19,0,41,0
16,17,10,23,277.6347007962139,97,95,1,0
15,15,17,4,190.13340198590305,66,91,38,0
14,15,23,20,245.45344948712767,47,11,29,0
5,5,13,7,182.3186552208363,48,97,58,0
7,7,2,9,94.78683980016596,9,85,33,1
2,3,8,20,173.1380562009225,18,6,40,0
11,11,17,14,319.0484905222688,76,77,6,0
3,3,14,28,302.0776112189383,30,97,33,0
14,15,13,1,289.53326878186357,73,72,46,0
8,9,4,20,284.5718679862166,56,22,8,0
5,5,18,13,275.79397961678364,86,0,38,0
15,15,16,13,101.83729615287366,89,74,40,1
19,19,21,10,78.34246604287478,12,5,58,1
1,1,18,25,186.91801859597115,97,7,1,0
14,15,19,17,116.33617569254476,76,61,13,1
13,13,1,26,282.2627420337649,65,8,50,0
4,5,5,20,66.26028844069114,50,49,65,1
5,5,18,7,50.27580588244847,39,31,46,1
4,5,13,24,146.01701434992006,59,41,4,1
5,5,11,20,261.63203600405427,57,64,38,0
11,11,6,18,348.1858838121157,66,88,40,0
17,17,4,3,311.1137197109511,27,22,30,0
19,19,3,13,54.36179610330364,16,1,12,1
7,7,3,19,293.3071520227669,8,11,53,0
15,15,14,0,241.39269978662844,21,84,39,0
4,5,7,27,303.8583131182831,61,92,45,0
16,17,2,13,185.118453048436,31,79,31,0
4,5,9,23,106.46315437429833,53,4,52,1
9,9,21,2,199.09328447876985,41,46,5,0
13,13,23,25,313.5202031475273,65,82,31,0
9,9,19,17,313.1262524994491,33,28,36,0
15,15,3,13,325.54522832206686,35,74,65,0
19,19,8,24,275.2711989783885,98,69,57,0
18,19,4,26,198.77297697960412,83,7,40,0
14,15,4,15,248.97113380843288,77,25,13,0
0,0,19,14,306.75165894032443,53,21,16,0
19,19,3,12,123.94480593785256,26,50,55,1
6,7,13,4,178.5372220653731,86,99,43,0
6,7,6,25,172.76944338217348,46,10,45,0
16,17,17,13,238.18647618600747,48,47,61,0
14,15,12,25,156.66226691972258,59,97,43,0
6,7,12,16,272.2950729223402,30,28,40,0
1,1,0,9,91.37238722547878,83,82,1,1
10,11,20,4,220.85432746031805,85,32,13,0
11,11,7,6,305.3103671481954,6,2,17,0
10,11,0,17,338.43113989069406,80,30,65,0
4,5,11,16,213.8782800997444,10,43,28,0
0,0,7,1,341.67917926346763,22,56,42,0
4,5,11,1,102.90626717248172,85,5,35,1
11,11,5,9,268.05841037526636,64,19,21,0
5,5,3,12,106.63630906625517,88,65,35,1
9,9,3,15,225.93671993132511,53,23,37,0
14,15,0,11,274.1093873214758,9,76,64,0
17,17,2,1,226.4719743661584,89,69,46,0
2,3,2,9,175.3099059752873,15,87,56,0
1,1,13,13,343.35029869017643,47,35,54,0
11,11,6,24,310.4572179453207,12,79,29,0
0,0,5,24,321.8868648505218,95,2,30,0
9,9,5,20,315.6307154529243,70,22,48,0
7,7,8,10,278.2410031625858,93,97,29,0
18,19,22,10,274.0723860323964,72,77,59,0
17,17,19,0,299.7786200405135,42,87,54,0
1,1,16,7,271.1705859066022,56,49,25,0
12,13,1,12,97.96307441463333,94,33,16,1
0,0,15,23,73.23138398866904,99,59,31,1
8,9,5,26,131.60257931373235,11,78,42,1
13,13,19,11,255.9873432526317,62,7,5,0
10,11,3,5,281.2269908887255,89,11,6,0
16,17,23,3,264.8179098031616,38,86,39,0
19,19,10,26,252.25941846870543,1,34,8,0
2,3,17,11,226.51333868594787,72,61,2,0
14,15,6,20,138.88905736883808,74,87,8,1
5,5,6,18,85.49508671127096,3,96,39,1
15,15,9,21,121.84686849428827,8,26,64,1
13,13,18,11,178.15408927523137,99,84,55,0
18,19,20,14,346.7821497195823,32,15,6,0
1,1,7,10,327.94102443689553,47,31,39,0
11,11,9,15,251.49336206355625,56,69,60,0
4,5,23,22,260.2611783642207,94,85,38,0
0,0,6,20,119.9183798433994,85,5,61,1
6,7,11,8,113.66137265967411,69,37,18,1
3,3,2,25,344.3810306678353,64,60,57,0
11,11,11,9,244.10122132346976,38,26,54,0
17,17,18,25,283.5401827971219,45,61,57,0
12,13,12,6,245.61623998549103,89,2,43,0
14,15,11,28,165.32041984693177,91,21,52,0
5,5,20,8,284.70813129071547,68,47,6,0
17,17,1,19,246.1337174924771,97,24,8,0
15,15,10,26,77.48389132596935,8,89,5,1
13,13,19,8,58.43496733005862,38,12,64,1
2,3,8,8,318.87114623170703,96,2,34,0
0,0,18,19,51.7006550686496,29,64,40,1
15,15,0,15,194.59486676372777,44,31,45,0
8,9,19,14,111.18812535123207,77,51,49,1
13,13,9,26,142.61728625266363,41,50,23,1
6,7,7,14,243.036071161146,39,15,55,0
5,5,17,14,289.8340899031268,3,45,43,0
16,17,4,25,71.3966901315367,20,16,52,1
1,1,4,15,259.0713499024082,37,80,45,0
14,15,16,10,345.3360104804281,21,30,51,0
15,15,4,16,291.2680409445053,88,51,53,0
5,5,4,1,330.0213561078216,65,89,34,0
11,11,11,23,61.21131534783062,51,74,9,1
19,19,2,2,225.95539508130963,42,51,57,0
13,13,19,16,141.91149252426374,54,68,51,1
17,17,21,28,264.23374394832297,32,76,19,0
17,17,5,9,128.90739297367844,61,64,45,1
14,15,22,24,297.1520494622604,16,52,55,0
16,17,18,17,286.5988923377089,22,43,61,0
13,13,3,3,267.45063409498005,46,9,65,0
3,3,9,19,237.7052916717026,20,79,41,0
7,7,21,7,66.72374377870494,50,12,45,1
16,17,10,6,181.7359354287479,37,33,42,0
7,7,21,12,97.48927205177276,94,39,58,1
8,9,22,5,86.09023948791788,58,32,15,1
1,1,6,15,155.3648347623814,32,54,12,0
16,17,2,27,71.57997755717149,16,15,3,1
5,5,9,12,340.29440092755004,73,81,34,0
18,19,16,6,56.77176999045429,92,84,51,1
5,5,16,13,338.36477682397185,30,23,17,0
19,19,11,23,127.92309809069056,69,18,36,1
13,13,15,15,92.42407137294376,75,84,63,1
5,5,20,14,282.0266637858227,61,86,5,0
13,13,12,12,295.64116725428124,40,89,14,0
5,5,13,6,261.1986001209841,41,90,50,0
1,1,4,22,314.07032682109207,11,29,42,0
9,9,6,18,95.98697515776304,76,93,31,1
7,7,3,26,332.8338488414127,95,84,35,0
6,7,19,9,178.765989813891,99,88,36,0
16,17,10,27,89.94044506172241,87,17,54,1
0,0,12,4,53.0314614947764,78,14,9,1
9,9,3,24,265.45962586024683,37,97,29,0
4,5,20,22,278.36316158012846,44,5,60,0
2,3,6,0,170.82127108693018,49,42,13,0
17,17,7,21,233.3773309569083,57,30,20,0
4,5,11,14,203.29628076697216,0,1,62,0
9,9,3,5,96.51726814695246,29,46,34,1
3,3,15,23,277.21435449757473,17,61,10,0
2,3,4,13,156.48119837358635,15,16,25,0
19,19,7,10,179.3565393305825,7,70,4,0
15,15,10,2,216.71936461212084,86,67,54,0
17,17,6,7,264.7059846648912,42,20,50,0
9,9,15,23,112.44923882679107,19,0,19,1
18,19,21,1,158.55266788215712,70,44,57,0
18,19,1,19,301.93077013187275,82,81,12,0
14,15,21,26,126.3213511553404,88,55,43,1
6,7,8,20,214.90508772921325,4,58,32,0
2,3,5,24,74.92155673163413,66,69,36,1
10,11,0,5,341.22765765765854,15,88,28,0
5,5,21,19,75.34825291369704,29,15,27,1
16,17,8,16,339.10800230437576,37,15,26,0
19,19,17,0,111.64469040098427,5,49,12,1
7,7,15,4,85.23805308092295,71,30,18,1
8,9,3,12,245.7594766490016,24,77,59,0
17,17,12,9,163.44025175693594,2,22,54,0
13,13,14,18,204.13946283959572,83,43,1,0
18,19,13,15,205.81623486624693,17,78,12,0
15,15,9,21,123.2871122673772,78,62,44,1
11,11,20,14,232.64493214053417,91,95,52,0
17,17,10,17,319.90912161475467,64,89,29,0
6,7,11,11,225.92609513357377,14,90,54,0
16,17,2,10,161.10935245245972,58,4,7,0
4,5,12,10,249.81606340860964,17,95,39,0
4,5,13,27,244.0324887758245,30,39,48,0
10,11,3,9,235.9101501871208,67,44,14,0
19,19,2,6,174.49571750303892,27,51,44,0
1,1,11,3,282.422806375006,22,56,10,0
2,3,7,3,246.35900749272625,94,83,31,0
1,1,20,28,320.0624463096233,21,6,65,0
11,11,18,16,219.9517554948951,43,21,53,0
17,17,11,5,108.8962145131604,12,84,8,1
9,9,12,15,266.73031670236094,4,60,19,0
9,9,18,26,170.16031036866508,4,77,56,1
13,13,0,7,298.4937237804325,35,5,40,0
3,3,5,12,337.972683353698,97,53,55,0
6,7,9,15,279.7563932964774,87,19,9,0
13,13,11,19,261.7990677056607,22,34,25,0
1,1,15,28,191.2153180050199,66,79,25,0
7,7,0,19,63.27465908576413,60,91,24,1
17,17,4,21,275.3104380100824,7,67,40,1
13,13,3,8,166.3146118117458,85,24,33,0
13,13,1,15,154.46640289208767,2,60,42,0
14,15,20,5,302.02118084171036,61,76,28,0
8,9,5,11,204.01689424980557,14,58,58,0
8,9,12,13,271.1773557417539,37,91,65,0
4,5,4,21,155.12749069617905,17,71,52,0
7,7,16,23,141.85289445471045,94,1,31,1
3,3,7,3,111.94099561891726,54,54,51,1
9,9,5,29,162.49419235933942,48,50,58,0
3,3,4,5,59.38813651993387,35,2,47,1
8,9,1,21,260.18094710231503,37,73,25,0
1,1,22,15,259.52436806539777,76,73,31,0
11,11,18,4,116.07387641897648,30,13,6,1
3,3,18,17,235.96040360209315,34,33,55,0
9,9,21,28,338.6552380073264,12,10,52,0
1,1,19,15,99.14385243512956,19,51,10,1
3,3,3,1,228.75050060849568,58,94,47,0
8,9,0,22,315.27881728643956,38,66,32,0
6,7,19,19,299.39346463812274,11,52,64,0
13,13,4,9,320.5049748716989,40,26,16,0
3,3,17,15,58.56143263816806,31,12,60,1
8,9,13,29,95.54860735595628,65,11,27,1
1,1,1,11,263.1723729498928,9,45,19,0
2,3,12,4,61.738808865664375,65,69,40,1
8,9,11,29,292.13914269247465,92,25,28,0
11,11,11,22,133.55385520716,36,4,36,1
0,0,14,7,207.62341019492152,98,83,53,0
8,9,18,13,297.5739470138172,91,40,28,0
5,5,0,11,347.12100686312056,7,22,28,0
11,11,23,5,204.8746268050017,41,2,4,0
15,15,12,6,184.36807425557015,83,71,11,0
7,7,7,24,173.93190057739798,44,65,9,0
8,9,22,14,136.81550366253822,86,91,43,1
10,11,11,12,278.82282701394666,21,96,10,0
5,5,19,28,88.69958178626496,1,8,24,1
11,11,11,4,179.8883503391806,24,11,41,0
18,19,11,9,215.801800111846,86,0,61,0
16,17,8,2,245.043738960265,78,44,21,0
0,0,17,21,171.8742568408825,63,2,38,0
13,13,2,18,81.34478929436264,81,33,40,1
6,7,9,27,344.13166110898703,3,16,51,0
14,15,6,9,163.00663483761204,81,37,13,0
8,9,17,23,144.10138638215838,86,48,51,1
7,7,22,20,134.22247318238868,89,21,41,1
15,15,5,27,297.11704912937375,72,50,48,0
12,13,12,21,161.86239248628797,92,44,63,0
5,5,2,7,266.0908871918728,67,62,23,0
4,5,15,3,304.0574359955349,24,4,26,0
11,11,23,19,250.4590421443959,65,91,47,0
7,7,23,16,343.82373513703277,71,75,8,0
15,15,17,25,236.58051680033967,93,11,63,0
6,7,5,10,167.59014431677124,74,75,40,0
6,7,10,20,168.50191463491552,31,11,5,0
15,15,12,16,329.49652219105815,18,31,2,0
7,7,16,19,337.23905034272235,2,57,38,0
7,7,23,10,184.57941793894884,96,97,60,0
19,19,23,20,269.9830899691094,37,44,36,0
14,15,4,28,186.86527295171427,83,49,24,0
6,7,11,7,189.9693102973471,79,24,44,0
7,7,11,19,50.33509075021008,76,83,32,1
15,15,23,2,100.311351828492,15,4,8,1
9,9,22,16,238.00144212494487,27,74,58,0
5,5,14,3,201.11550503456004,61,56,14,0
4,5,1,18,275.9389660917653,54,42,27,0
6,7,8,17,331.7727601848277,14,12,61,0
11,11,0,0,76.1961906060854,45,64,28,1
4,5,9,25,278.33324632283563,57,84,43,0
8,9,3,18,231.21367835634695,78,86,37,0
17,17,23,27,269.679001454565,62,70,22,0
3,3,23,14,338.438365674336,77,48,54,0
16,17,4,16,181.835231962653,30,47,11,0
16,17,17,27,94.1945974093896,81,38,21,1
11,11,9,13,166.5294188183148,86,57,46,0
2,3,1,3,121.3323042366519,79,57,63,1
3,3,0,13,247.33280734166755,99,84,43,0
1,1,15,9,277.17955973622594,36,88,14,0
10,11,8,18,279.0074863297076,5,2,12,0
1,1,21,8,113.29499366341034,46,57,13,1
14,15,13,3,245.71779129442513,29,69,40,0
5,5,13,23,273.67117263378924,32,25,51,0
1,1,0,7,176.17502989880316,65,57,12,0
10,11,9,22,217.3733942896957,89,74,62,0
19,19,19,3,119.78733909513228,34,30,16,1
9,9,2,17,98.86030721926636,7,26,42,1
10,11,1,0,271.2594295248052,41,84,15,0
16,17,5,25,139.0911706267259,60,4,17,1
11,11,22,14,59.950738255461665,32,72,21,1
15,15,10,0,226.19032081209016,34,94,16,0
4,5,13,26,324.2800951598592,47,28,6,0
3,3,18,18,205.92392214388968,4,70,46,0
8,9,2,14,265.99420870055997,72,38,34,0
1,1,16,26,127.7204401519428,36,87,59,1
10,11,16,9,204.57854849931272,49,32,63,0
9,9,11,26,111.02906801742736,70,93,39,1
5,5,9,5,228.00973838915093,87,34,49,0
14,15,14,23,309.2259373460108,10,49,60,0
2,3,10,7,196.13171262537864,85,93,44,0
7,7,14,9,147.67725417612658,39,87,30,1
10,11,13,4,294.56663187750024,66,77,10,0
8,9,14,27,224.40986430294384,97,13,56,0
14,15,8,26,56.144548698096145,13,42,58,1
0,0,12,18,234.5255829160505,19,55,21,0
6,7,19,0,54.772139848111145,37,5,40,1
14,15,0,0,283.1278592952442,95,28,43,0
9,9,20,7,140.71588744417397,42,68,1,1
12,13,6,16,175.98258743128514,45,3,63,0
13,13,19,10,287.679760006863,5,92,28,0
14,15,4,13,136.5653709285856,20,1,31,1
15,15,5,28,252.31593666408537,21,32,21,0
14,15,6,11,301.80267054538194,24,13,3,0
0,0,16,4,177.51963653897184,89,38,42,0
4,5,14,4,318.00952491515847,0,44,48,0
11,11,22,7,217.0098025095355,17,52,14,0
17,17,16,29,224.63231781578995,81,29,28,0
3,3,19,1,123.87944646709158,75,8,60,1
12,13,7,19,155.31513504669206,77,94,10,0
18,19,5,0,164.7567656817041,26,26,50,0
0,0,22,24,210.61034510843103,0,43,63,0
3,3,16,4,243.2851712840701,67,7,10,0
4,5,13,29,143.5660809267193,0,21,36,1
3,3,6,13,341.21897973261275,79,0,19,0
12,13,11,24,109.49570946828396,43,6,46,1
14,15,11,18,293.3122919952091,82,78,43,0
10,11,2,6,138.8119619130347,77,7,23,1
12,13,1,2,51.7540905604197,86,95,7,1
2,3,10,15,280.7239532225488,70,30,13,0
3,3,12,18,102.39934035771483,13,41,25,1
13,13,2,28,281.81521045792186,56,91,15,0
7,7,15,17,116.62922881806792,54,29,31,1
7,7,7,19,306.4566214079579,67,37,32,0
2,3,23,21,199.8918920029842,79,42,39,0
15,15,6,23,195.78816972266335,67,19,23,0
11,11,10,7,222.03686527737193,16,47,22,0
2,3,1,4,83.44796332487519,52,54,16,1
13,13,20,4,65.8342212019157,43,39,23,1
17,17,22,15,302.36296164687496,36,88,3,0
19,19,8,2,93.44533149072149,18,84,24,1
3,3,6,0,349.0644166527705,1,98,31,0
3,3,20,12,246.17999474039152,3,13,54,0
0,0,19,20,133.09772846220588,91,52,42,1
12,13,17,21,178.24929216071968,18,34,15,0
2,3,9,3,133.66901766795647,1,42,6,1
9,9,0,9,259.60022260412927,94,49,35,0
7,7,11,27,177.27960208240154,44,93,17,0
3,3,22,1,182.0217368691862,16,95,16,0
16,17,4,8,244.46604888131867,81,17,59,0
14,15,15,21,197.64015642451724,92,62,35,0
3,3,6,4,132.65776534744023,28,44,6,1
0,0,5,28,265.0132540250746,18,53,15,0
19,19,17,13,103.1298480296577,1,2,29,1
15,15,16,0,294.0455435793932,89,19,12,0
11,11,8,11,104.6012664032251,78,96,59,1
4,5,12,10,340.4496122763053,67,70,4,0
5,5,13,6,342.1637512220028,15,53,60,0
3,3,2,27,164.9719308684779,23,59,63,0
9,9,4,17,246.8979415456267,56,22,14,0
4,5,9,17,93.28703602954737,78,18,58,1
6,7,6,23,272.95192569635316,93,16,35,0
4,5,0,8,225.3164247328888,60,42,26,0
18,19,15,23,315.884156553635,28,56,45,0
8,9,2,12,156.91219173835285,64,15,29,0
9,9,15,20,81.92018566583326,54,35,13,1
16,17,22,28,54.98329445244313,86,3,28,1
9,9,20,10,232.4114911359816,13,0,23,0
1,1,18,16,302.29422464698985,96,18,34,0
11,11,14,2,62.457117906387595,85,0,62,1
11,11,5,17,292.06277973304316,35,89,33,0
2,3,16,1,183.28547946933256,1,83,34,0
10,11,9,4,212.28789466304315,58,14,53,0
2,3,10,12,129.87420880685477,2,78,47,1
12,13,7,6,336.66869728561426,74,77,22,0
18,19,20,13,250.46296299100015,51,98,35,0
19,19,21,2,279.2787432026438,50,87,2,0
17,17,8,28,134.6504697819954,44,14,59,1
2,3,8,25,316.4161416404445,63,80,34,0
3,3,20,27,63.96415951708413,75,8,58,1
13,13,16,2,158.1268403252078,32,11,65,0
19,19,13,2,68.95454151588024,64,21,34,1
6,7,13,8,58.241412739228025,56,77,57,1
6,7,8,16,319.9809181942766,26,91,38,0
12,13,19,4,151.5572133340505,62,30,25,0
19,19,13,13,191.37146862328396,65,38,33,0
19,19,9,21,324.2139517643466,5,2,39,0
16,17,23,26,199.12436752541876,73,41,56,0
10,11,5,17,183.1985651731865,58,5,45,0
18,19,12,11,189.74567243977893,19,59,24,0
16,17,9,20,242.11443532078763,58,2,5,0
5,5,22,26,245.2757731869603,42,16,10,0
8,9,15,26,332.080019727812,26,7,55,0
18,19,3,18,134.39652363078048,96,16,5,1
17,17,23,20,62.78796372117404,59,47,51,1
8,9,23,19,133.6290047122663,42,51,56,1
10,11,14,26,291.19479706140356,16,17,12,0
12,13,16,11,75.07977173765808,59,82,22,1
9,9,3,21,205.22582226017465,53,42,23,0
17,17,16,14,252.72246484374364,35,12,54,0
6,7,19,16,272.73499554021146,85,71,60,0
17,17,9,9,292.8494675008882,15,97,37,0
9,9,23,7,140.39419251311458,13,86,4,1
12,13,4,13,197.4760474975,52,24,9,0
9,9,4,5,117.28542977816949,58,89,25,1
5,5,7,5,283.58866496885184,66,40,17,0
2,3,17,18,223.78361482073657,20,87,42,0
18,19,11,11,267.808644338683,64,32,19,0
3,3,12,21,112.95847952842465,57,9,39,1
8,9,23,27,219.13753165650684,55,94,10,0
2,3,1,23,140.5172007675682,99,70,32,1
12,13,6,18,88.78415143792142,90,86,62,1
4,5,7,2,293.3248443868293,28,42,18,0
10,11,18,28,179.59274821518886,41,96,31,0
14,15,7,28,305.72257511165833,19,33,33,0
7,7,14,21,333.3020594121601,95,24,26,0
18,19,16,1,122.9156057521312,66,97,54,1
17,17,1,4,76.6256604086198,76,58,20,1
8,9,21,10,283.3736433050454,47,54,52,0
19,19,1,14,149.1865362369516,58,67,63,1
0,0,2,17,331.48382286925056,31,80,49,0
7,7,12,6,277.429973838386,36,93,8,0
9,9,1,13,193.53009484817537,17,3,11,0
19,19,1,0,246.26171882674083,45,97,22,0
4,5,4,27,133.63424363567978,22,83,50,1
15,15,10,13,196.16069841615436,29,87,12,0
17,17,1,22,243.9775889560229,63,64,22,0
9,9,14,29,269.4292892486567,19,66,1,0
8,9,5,17,301.3367730913337,73,38,48,0
16,17,8,18,152.5935581404284,26,97,26,0
18,19,1,26,330.8421400505967,29,10,55,0
1,1,14,6,104.00880089282684,48,13,1,1
18,19,17,19,155.48521164483796,39,39,46,0
18,19,1,7,57.68724110789898,36,95,51,1
18,19,19,13,249.75878326677775,3,27,49,0
14,15,5,0,217.26354603169617,4,48,29,0
3,3,5,28,134.06823292167573,54,81,42,1
10,11,3,4,261.580788758511,89,42,29,0
18,19,11,7,252.3714053514001,29,24,25,0
15,15,6,7,341.754558129335,61,62,17,0
9,9,9,11,300.1056067752615,87,2,18,0
5,5,14,1,332.02535897966044,17,77,33,0
15,15,3,24,209.45230038981532,1,76,11,1
6,7,14,29,76.36776544680781,41,67,52,1
1,1,15,21,240.77531765926977,26,94,53,0
11,11,16,17,235.9697380699695,42,31,47,0
10,11,19,5,152.08841307043173,3,81,62,0
16,17,1,25,254.7751544882723,35,83,50,0
13,13,1,12,245.96323098443872,94,76,16,0
18,19,1,9,290.8661096735701,17,4,22,0
10,11,15,5,208.23465400720812,46,8,33,0
16,17,11,1,203.4160361194827,20,66,59,0
3,3,9,20,245.60326969495105,31,28,25,0
14,15,19,25,345.6479959013486,76,75,63,0
10,11,21,4,192.165575544684,40,70,13,0
15,15,0,24,160.67580301323358,16,51,24,0
16,17,6,29,170.40831110816868,14,69,46,0
18,19,12,27,340.51399134342176,16,73,27,0
12,13,17,9,173.03267173871896,40,67,10,0
16,17,8,0,249.68853889935093,8,81,63,0
12,13,8,27,70.83623293870863,66,16,19,1
8,9,3,25,57.91300865772742,8,90,31,1
9,9,23,5,167.75499073828072,21,28,30,0
4,5,6,21,315.79586078038466,60,23,64,0
4,5,15,4,50.06025235536949,71,92,5,1
16,17,1,21,270.87145863904027,35,8,42,0
7,7,6,22,83.08300959169775,29,61,50,1
8,9,10,23,257.82038866700526,33,78,13,0
3,3,7,26,157.9397078142659,46,91,60,0
4,5,14,13,118.70121285737646,76,7,2,1
3,3,14,6,55.36675458138459,4,94,12,1
4,5,8,13,324.39328559561574,14,19,3,0
13,13,4,6,125.0268899223223,16,11,4,1
4,5,13,14,61.34753672694475,92,76,34,1
12,13,21,26,164.78725597354608,48,55,32,0
14,15,5,12,151.96948919900956,70,99,24,0
2,3,11,28,226.41007293775417,43,66,28,0
3,3,12,17,167.41323333455483,65,29,52,0
19,19,7,13,258.73041695314265,96,17,63,0
18,19,3,9,100.35204146213006,3,57,59,1
5,5,8,28,252.16471703630376,87,22,2,0
1,1,20,20,286.20688763431264,21,28,35,0
12,13,1,29,246.02372548254883,57,99,37,0
9,9,3,1,191.14055897846455,26,93,3,0
5,5,15,17,89.6163868111379,60,19,28,1
9,9,19,15,216.27308869645037,19,88,38,0
7,7,3,13,193.27982584205324,98,57,4,0
4,5,19,5,131.12282439564262,8,60,36,1
0,0,10,1,54.256121577022185,75,27,53,1
17,17,5,21,141.90147331385816,90,54,39,1
18,19,23,0,170.54727629866727,34,7,41,0
1,1,16,19,107.52610162449416,70,8,2,1
19,19,11,8,292.94238296439426,19,80,47,0
8,9,22,6,253.2466443627017,7,1,37,0
8,9,0,5,82.89625017850126,22,54,8,1
19,19,16,13,331.35958212759834,16,0,8,0
0,0,6,6,162.99470095534932,78,34,48,0
11,11,14,5,129.19425351529952,75,99,13,1
1,1,0,14,209.48714058432577,52,87,56,0
16,17,11,29,165.55861301155954,60,26,57,0
18,19,11,24,148.29936061551874,55,63,38,1
1,1,10,0,242.0825226351464,72,84,34,0
3,3,14,7,185.48666249110937,82,89,55,0
8,9,15,29,174.0166866971648,19,83,30,0
10,11,10,23,327.0166252388476,93,73,14,0
15,15,20,19,279.7137894787962,73,29,33,0
0,0,6,18,216.01463366915485,78,21,31,0
7,7,3,28,190.8147492380105,97,41,62,0
14,15,5,28,138.72175238585598,20,68,26,1
19,19,15,11,267.8968094660774,16,74,6,0
19,19,14,4,246.9384616379752,48,2,43,0
2,3,23,13,230.10563040191624,94,46,59,0
10,11,4,0,260.2137376039864,41,82,41,0
10,11,16,18,318.86444337962155,12,91,10,0
11,11,12,20,233.46098273815505,93,85,41,0
16,17,17,20,85.5518077295509,71,6,34,1
5,5,19,0,340.51843148980817,84,58,43,0
13,13,5,4,233.65141071567396,42,36,6,0
3,3,16,5,235.92487752944115,47,28,11,0
19,19,0,21,143.91346781266589,46,85,19,1
10,11,14,13,53.57435346919398,77,60,26,1
16,17,19,28,62.51066710058043,0,85,44,1
13,13,2,4,216.6937582703359,17,43,39,0
0,0,1,12,215.56261402381625,10,41,22,0
2,3,4,4,196.38269607408247,61,18,24,0
10,11,4,7,257.48231875989933,90,33,19,0
12,13,23,6,95.73572369685397,54,23,56,1
13,13,20,27,169.23106376963304,51,56,14,0
11,11,5,11,71.80524723413193,32,95,63,1
13,13,12,19,188.49308250126543,79,57,21,0
3,3,23,28,296.21172757804334,46,90,39,0
10,11,7,12,113.6950446714236,48,13,56,1
7,7,13,21,242.201697316287,55,85,29,0
9,9,9,2,276.35812612901924,46,99,58,0
0,0,22,26,254.24769805695047,92,98,22,0
12,13,1,24,276.59603448684766,63,5,38,0
15,15,7,27,161.03006720408092,41,78,22,0
8,9,3,27,168.68662178871986,77,19,64,0
6,7,8,12,253.42608137355415,50,0,23,0
2,3,8,24,166.53608988407532,50,85,48,0
10,11,22,5,110.51501632899182,53,53,40,1
5,5,3,29,263.2115762326425,15,62,56,0
19,19,20,14,110.06740149964004,53,19,41,1
7,7,4,1,252.38471459065315,10,15,2,0
19,19,7,25,187.358149932868,36,23,1,0
13,13,21,10,184.63184181600303,76,78,40,0
10,11,0,23,73.72151523561939,32,23,60,1
19,19,19,14,269.7162478128785,22,56,36,0
9,9,5,19,335.48243961493006,9,20,24,0
9,9,12,2,256.9307660084783,9,73,44,0
0,0,18,27,230.761998725172,8,93,24,1
5,5,22,26,184.3923750953726,94,84,19,0
0,0,3,9,50.2027019748548,88,8,38,1
8,9,4,16,258.9779002512697,38,34,60,0
16,17,16,23,137.48981256392295,18,72,32,1
7,7,11,15,286.50231230203224,17,41,38,0
12,13,19,15,164.70142495475636,93,26,20,0
16,17,16,18,70.24991719438907,98,76,58,1
19,19,18,0,106.20032692161038,77,83,20,1
4,5,8,1,348.2728989826129,31,43,46,0
8,9,2,18,253.04138473711689,15,82,57,0
19,19,15,23,107.06332574146256,1,87,15,1
7,7,11,15,226.1097339907924,15,77,4,0
18,19,7,17,172.28978323260102,64,54,4,0
12,13,22,2,214.6504006377187,59,55,42,0
11,11,5,28,219.86867720359317,36,57,17,0
15,15,1,14,234.4683526306073,5,91,22,0
12,13,11,18,132.0755975325391,99,52,59,1
18,19,19,27,348.73050202779206,66,53,1,0
13,13,9,13,201.72242815696825,18,74,35,0
1,1,14,4,232.98008990775827,54,19,24,0
6,7,14,7,273.3714630421827,62,60,27,0
4,5,19,16,99.73546983393835,7,16,29,1
1,1,0,6,232.35192292387975,31,78,59,0
6,7,9,4,186.04448451737676,63,6,38,0
3,3,18,2,167.3987321559045,24,48,37,0
7,7,7,8,274.5716556941756,25,19,45,0
12,13,13,28,329.1104590879101,61,84,62,0
10,11,20,16,166.67570803566406,2,96,46,0
14,15,18,26,240.68546421889857,41,31,47,0
15,15,11,16,258.45901917420906,27,97,46,0
2,3,19,29,146.5796716646073,79,21,20,1
5,5,6,23,215.68048232741853,84,6,29,0
19,19,13,21,312.9776329339018,70,38,54,0
16,17,19,21,93.48816030933264,97,96,43,1
19,19,12,4,261.59727326777994,8,58,18,0
12,13,16,23,135.34572678395995,45,35,43,1
1,1,17,21,166.74741261348643,46,49,62,0
11,11,1,19,110.49620475719824,48,16,57,1
5,5,22,4,311.0775528523751,79,27,18,0
3,3,13,15,63.11875438693166,72,43,50,1
1,1,16,28,312.27539329206473,37,79,12,0
2,3,12,14,65.59431892504224,1,0,16,1
11,11,20,19,64.99574616046615,34,76,19,1
5,5,13,19,223.10221359495665,17,40,25,0
16,17,0,7,301.0490021053633,80,55,26,0
15,15,6,22,314.2641048848393,74,26,59,0
11,11,23,28,212.62919526056555,61,70,12,0
16,17,4,4,129.06179221394723,39,73,51,1
7,7,23,4,281.7200931815286,14,35,60,0
14,15,0,0,186.40104720390653,50,50,50,0
15,15,9,28,237.8098718187396,59,86,26,0
13,13,14,7,323.595977649071,49,9,36,0
3,3,5,11,253.81161329119604,42,31,60,0
11,11,0,19,229.4602172826708,98,36,53,0
14,15,11,5,340.3472878975721,10,13,53,0
1,1,10,20,262.23527426292367,61,90,49,0
17,17,13,11,183.41912541725816,42,48,62,0
17,17,17,10,84.20444615166787,29,31,48,1
19,19,18,17,225.87824839008937,48,1,47,0
11,11,6,5,93.55454036841444,61,95,31,1
9,9,4,25,313.6640458070103,44,80,59,0
13,13,11,29,93.81004556303158,80,70,56,1
17,17,4,26,155.06496743168196,54,58,50,0
4,5,5,9,342.566423993403,43,57,7,0
12,13,22,28,186.64443259275023,24,11,28,0
1,1,5,12,275.9544896974761,27,32,34,0
9,9,4,2,165.40681051123914,28,7,47,0
9,9,6,6,297.628128548198,5,56,23,0
8,9,17,0,136.09805020687205,73,25,2,1
9,9,18,24,117.14294228740336,6,51,54,1
7,7,2,1,339.4153303386107,31,5,54,0
16,17,2,8,340.26634377918145,34,48,42,0
17,17,13,15,76.07884598119844,25,41,54,1
5,5,2,1,189.16303610614648,0,19,49,0
14,15,0,22,64.32140393051927,8,44,17,1
9,9,9,16,279.226823089796,47,72,20,0
5,5,1,4,85.73370257583693,19,86,55,1
10,11,6,27,298.79404029349064,1,36,46,0
10,11,2,19,209.07628375168676,88,75,10,0
13,13,19,14,90.11731782310952,95,77,48,1
4,5,1,25,189.13415219642815,90,71,29,0
2,3,21,25,318.3142562075138,62,46,24,0
7,7,22,14,349.6831300093676,51,67,53,0
9,9,12,2,131.88886966479947,38,66,32,1
14,15,7,6,215.39546080289125,24,35,37,0
1,1,4,10,110.13240132610814,10,97,1,1
4,5,23,2,170.6527542687727,38,94,57,0
7,7,15,4,70.16234100535608,69,93,2,1
4,5,19,28,95.42114504807292,25,24,46,1
11,11,0,8,55.09648055639865,24,12,53,1
18,19,1,19,197.1656762509619,64,23,51,0
11,11,15,2,278.25979245513133,50,77,19,0
12,13,6,21,293.40167846029664,71,81,59,0
17,17,1,0,295.6130931765092,27,9,8,0
8,9,5,0,348.5603425728754,96,93,13,0
15,15,17,16,190.2630386432859,40,95,55,0
5,5,10,11,105.58423059526392,5,18,53,1
1,1,19,12,158.80026976457825,66,52,56,0
7,7,1,1,190.9476111630313,10,6,37,0
14,15,16,18,305.8944754585323,7,54,56,0
2,3,4,29,230.31523185468657,76,52,2,0
0,0,17,28,164.84124185862112,55,21,38,0
7,7,19,15,325.4086740960191,76,61,24,0
19,19,2,26,302.5436980873093,6,18,47,0
5,5,2,1,303.59255784058337,19,18,22,0
10,11,0,7,230.25518830909928,31,83,62,0
17,17,14,25,203.74873536039797,81,46,49,0
19,19,5,0,254.69873263888476,62,8,23,0
3,3,18,1,295.9065077145754,4,64,52,0
13,13,5,24,90.24815781879082,35,94,24,1
3,3,20,15,225.774042279318,8,79,20,0
7,7,2,21,115.3425759511339,36,15,55,1
18,19,16,19,314.9377337676448,25,6,3,0
3,3,4,0,284.45906312278765,74,27,64,0
19,19,0,24,215.21018637083935,64,65,1,0
13,13,20,4,173.21548318667357,5,40,52,0
5,5,19,24,84.91571808693853,86,14,38,1
4,5,9,5,305.2579675675684,90,54,34,0
8,9,7,13,102.41251426734948,36,32,33,1
15,15,1,10,175.6189968622792,25,84,36,0
3,3,20,24,219.70230339477695,38,51,16,0
1,1,0,9,236.89066387289256,89,97,5,0
10,11,12,5,110.42178613599344,33,7,30,1
5,5,5,23,340.17628517838216,69,22,40,0
15,15,9,28,163.40784876853624,74,20,31,0
9,9,10,6,204.58654169970757,78,53,35,0
19,19,15,16,151.04977317217708,58,70,31,0
6,7,20,28,202.33852287452336,98,25,18,0
9,9,5,26,171.3498964432062,25,44,3,0
12,13,12,6,211.10171325200633,11,81,1,0
16,17,5,27,206.5337517016142,60,65,44,0
6,7,18,16,324.0132200462374,47,50,3,0
15,15,12,27,158.93867495715085,27,37,25,0
8,9,5,4,323.825034434839,26,80,44,0
10,11,5,3,310.02466422862665,11,66,22,0
9,9,11,24,134.6241831266238,83,52,2,1
19,19,13,3,81.29640227761081,50,32,30,1
10,11,22,29,188.69919434193864,77,71,36,0
15,15,1,16,55.44212605416712,16,44,37,1
16,17,3,5,320.9171997763584,79,52,34,0
1,1,20,12,238.10232655305612,43,55,37,0
0,0,15,18,139.5711385367241,22,5,39,1
15,15,2,2,51.526271983669695,50,45,29,1
1,1,12,16,181.18356910765297,28,15,32,0
6,7,11,25,168.20003900860908,52,57,24,0
14,15,16,22,336.554527821181,31,73,4,0
0,0,14,5,85.82641295551645,48,77,13,1
1,1,16,1,258.2771570652396,45,52,44,0
17,17,22,1,93.0621739108398,8,90,40,1
3,3,7,27,338.8369948381128,40,5,10,0
3,3,18,1,140.95762060532343,75,46,29,1
15,15,17,20,189.52986886886492,64,51,2,0
15,15,15,21,99.44200163240754,12,66,15,1
18,19,6,24,328.70972897224095,24,38,21,0
12,13,16,29,155.4680904556999,35,34,5,0
19,19,4,26,179.5794304815621,62,85,46,0
0,0,0,21,121.89047537781482,52,49,2,1
18,19,4,17,218.23851899766805,52,66,21,0
18,19,9,6,327.48192216161175,12,86,52,0
6,7,10,23,57.315218286466894,5,42,14,1
3,3,11,20,259.97317137269806,95,82,45,0
16,17,12,6,255.25271968460112,66,19,44,0
6,7,2,5,149.6358878828041,60,23,65,1
13,13,19,14,157.9983437781086,79,84,32,0
18,19,23,19,101.033570362604,55,51,38,1
18,19,12,26,254.7751533524071,49,83,12,0
6,7,19,3,260.4563901011804,32,67,37,0
19,19,12,10,326.17750908879674,23,89,60,0
18,19,0,4,339.0115321658137,24,83,43,0
0,0,9,25,124.67270546941376,40,67,31,1
8,9,4,6,211.5739249657892,59,90,58,0
16,17,19,5,306.0165999599817,8,95,5,0
10,11,16,7,240.21334225089464,44,87,47,0
19,19,12,28,252.12998612270664,30,42,39,0
16,17,18,26,292.45284664296554,29,83,3,0
17,17,16,5,330.33170560985263,37,2,39,0
3,3,10,5,293.52175876602274,14,83,7,0
9,9,21,19,58.61424346691154,16,41,22,1
19,19,2,6,293.11211593219554,82,3,10,0
1,1,7,16,130.02247831404756,87,36,53,1
5,5,9,27,288.8518556926871,68,87,3,0
3,3,21,7,110.3039793177974,85,19,64,1
2,3,5,13,347.2741305430906,37,21,24,0
14,15,3,29,316.76412200373863,93,75,43,0
3,3,12,23,164.15662680721908,46,72,62,0
0,0,18,11,143.81677178301058,87,56,61,1
8,9,4,4,132.80754133564713,76,9,13,1
0,0,0,29,242.96035320125364,96,79,20,0
11,11,10,13,282.8787940943277,70,15,24,0
12,13,5,10,338.6801646093729,87,29,20,0
10,11,3,12,165.24162594256637,17,4,21,0
0,0,1,26,286.1946153200582,28,78,47,0
19,19,12,11,187.8942542804402,24,7,41,0
1,1,22,12,163.88440797076913,35,81,28,0
15,15,15,27,320.01850786626346,15,72,28,0
10,11,3,6,296.6753982057189,37,30,61,0
12,13,7,21,199.52840799731948,40,80,7,0
0,0,2,7,135.76808865490543,73,48,4,1
9,9,1,13,156.17903932603326,46,24,44,0
9,9,15,13,316.41921812545536,61,11,48,0
19,19,17,23,293.47961037504933,49,80,60,0
12,13,18,6,187.97277267166595,81,19,11,0
13,13,15,21,220.7036868510028,12,37,17,0
3,3,1,19,85.75587117709263,40,41,28,1
10,11,14,22,91.6935247963032,85,42,53,1
7,7,8,7,338.11350240665024,48,87,60,0
7,7,2,16,90.4835640896782,77,68,48,1
8,9,7,20,309.7753396028115,44,12,35,0
16,17,20,0,306.10740296232643,52,31,25,0
12,13,7,20,327.1552571226457,13,65,24,0
17,17,4,29,185.58355772673028,45,82,42,0
4,5,17,17,154.1542316142736,88,89,9,0
14,15,11,0,346.0132066718347,85,96,59,0
8,9,2,26,280.94629752251154,71,93,44,0
4,5,11,21,172.4391778538367,7,62,10,1
19,19,21,17,75.36664706268425,33,36,3,1
16,17,23,12,126.65295110591389,33,83,63,1
0,0,13,29,94.1495198260514,95,97,8,1
5,5,7,18,349.68978279938693,53,84,34,0
5,5,15,6,178.71511165809903,68,16,34,0
10,11,7,25,183.89044341255075,52,94,45,0
18,19,18,18,176.29591472095936,7,10,23,0
11,11,10,27,347.35638450440854,58,49,6,0
6,7,20,14,151.73787262708723,82,59,34,0
0,0,9,28,119.43194406258525,7,95,36,1
0,0,4,14,292.7140076901778,90,21,24,0
11,11,20,16,159.58380659061535,84,81,29,0
17,17,15,11,225.71348329316675,47,27,6,0
8,9,10,23,261.2866532990068,63,26,20,0
16,17,23,2,73.92366299304402,98,21,53,1
9,9,13,14,180.24836356548795,31,35,37,0
11,11,0,5,74.66706003639251,40,36,21,1
6,7,23,2,226.6222708766645,54,83,36,0
1,1,14,2,256.09279679645834,7,88,55,0
15,15,17,10,74.35604689906386,84,77,64,1
19,19,18,26,218.5563846726936,68,68,22,0
3,3,16,6,248.1983307033935,78,26,55,0
19,19,6,23,141.6738543351928,74,93,55,1
0,0,8,17,181.5023602065439,1,9,37,0
16,17,14,6,126.07662853598082,62,47,20,1
11,11,17,6,203.47439955741808,97,0,40,0
19,19,15,26,344.1944225100296,97,32,28,0
3,3,1,28,70.47040760605385,38,66,51,1
18,19,5,4,236.0307353312628,46,84,9,0
9,9,17,4,219.5329304792839,57,99,53,0
10,11,15,5,332.9425821305852,68,31,36,0
0,0,15,6,174.88612633503138,32,40,58,0
10,11,14,21,133.003023393785,83,80,30,1
8,9,21,27,254.44049917845865,98,58,3,0
8,9,17,0,276.7332452252184,9,91,10,0
7,7,3,0,122.18164048980884,76,24,63,1
10,11,18,18,205.14190504704143,30,35,57,0
14,15,8,20,137.63157619645,59,50,23,1
13,13,2,2,271.7265580307778,1,80,39,0
19,19,4,12,164.48294321384785,99,13,47,0
16,17,9,29,95.31922847748204,36,86,22,1
18,19,22,7,348.4820094496734,94,87,9,0
9,9,1,27,263.7346822121321,51,1,11,0
15,15,0,21,93.13788757461892,90,69,30,1
4,5,10,27,306.96350380744553,86,42,42,0
15,15,18,19,73.82215355525527,41,42,1,1
5,5,11,20,161.27963195437871,4,51,8,0
10,11,5,28,186.27110146978455,86,75,6,0
9,9,11,22,194.2196435234602,82,88,53,0
19,19,18,3,261.70634257393874,24,52,51,0
9,9,20,22,127.16068718126162,6,49,45,1
18,19,16,5,216.02398259806404,15,67,36,0
12,13,14,15,328.41974659386665,50,52,31,0
13,13,18,20,242.33883953819085,21,98,35,0
12,13,22,3,339.6953491193128,58,53,48,0
8,9,10,23,275.2067086038926,69,12,23,0
6,7,11,11,130.8559656807581,98,91,50,1
9,9,18,8,146.0730529581036,72,37,31,1
15,15,20,0,246.3250699669404,9,66,18,0
19,19,22,0,349.58459126123955,74,76,4,0
3,3,13,8,131.98789100509086,80,87,2,1
13,13,1,11,130.51270059416862,69,32,58,1
11,11,18,0,89.16398672271794,69,8,41,1
4,5,11,16,140.80379314211086,1,87,10,1
14,15,6,19,60.121470879470806,35,5,65,1
19,19,9,24,131.19902012818812,51,79,28,1
11,11,4,19,59.2785904462741,31,50,57,1
18,19,20,17,246.3984619285325,41,10,9,0
13,13,9,19,62.443340381110744,68,3,21,1
0,0,4,25,302.54987451141966,35,9,62,0
1,1,5,5,103.48145121419743,6,63,5,1
5,5,2,16,344.9299892783855,92,96,58,0
12,13,16,26,236.32585179420303,10,15,15,0
13,13,19,3,63.83075809688368,12,48,39,1
9,9,19,14,93.90812923213736,7,42,16,1
4,5,18,13,150.20722181084082,74,56,45,0
1,1,12,22,84.94026280673403,48,67,27,1
18,19,2,17,257.3768529641027,75,89,5,0
19,19,1,2,213.44896898945737,35,89,24,0
9,9,8,24,98.33047571660252,81,29,27,1
11,11,15,28,292.74246632359984,66,71,6,0
15,15,8,3,323.9722632768137,62,19,3,0
9,9,17,20,69.35912946793596,59,58,33,1
15,15,1,19,196.1665092148027,87,64,59,0
4,5,9,6,155.61075648700216,40,66,40,0
5,5,5,23,298.2912781630388,4,92,55,1
6,7,9,25,90.04359626734318,97,5,43,1
13,13,15,15,338.5563196157305,92,77,41,0
3,3,18,13,197.59748406694212,81,51,2,0
18,19,4,21,277.17881510392914,47,61,58,0
17,17,12,28,181.91102721657117,81,9,21,0
4,5,23,4,185.2200161142023,44,41,43,0
0,0,9,26,261.00464055755356,40,80,49,0
6,7,16,4,324.5838017499611,70,39,21,0
10,11,8,6,172.264814352105,94,56,28,0
8,9,1,7,307.98116403081815,25,0,14,0
0,0,9,0,224.05238494986747,42,47,10,0
18,19,23,6,264.26791133633367,63,42,59,0
18,19,7,8,105.93462722290003,15,84,60,1
8,9,8,14,231.6157185128405,87,62,62,0
17,17,21,12,277.5567848315017,90,60,7,0
6,7,4,17,231.28430470345103,60,92,55,0
5,5,23,5,298.08630122193665,32,79,46,0
12,13,6,22,279.1275128702199,87,50,51,0
11,11,2,3,65.67234146969298,78,2,46,1
9,9,7,29,215.39150020109844,73,80,10,0
7,7,15,22,325.1215306822542,64,69,54,0
3,3,21,16,281.6507867485597,72,13,6,0
2,3,12,19,290.1132948019078,38,44,50,0
3,3,22,26,74.02289229020892,41,82,20,1
0,0,18,0,251.95807741813053,53,84,47,0
10,11,23,3,330.8853208086515,92,86,65,0
9,9,8,23,222.92861162741485,87,27,55,0
11,11,19,4,313.4294230913887,15,36,46,0
4,5,14,11,72.15892638594866,20,57,12,1
3,3,5,11,192.9797425103325,0,75,65,0
6,7,16,3,275.5961581566849,44,81,60,0
7,7,8,9,172.94928896472337,49,9,1,0
18,19,1,24,179.61069944608192,53,80,47,0
11,11,16,10,160.54468588620549,7,9,3,0
15,15,4,5,82.70112348274417,63,97,2,1
5,5,3,1,347.912945365018,96,4,39,0
5,5,17,17,102.43199797318222,30,51,32,1
18,19,17,3,162.80386416139189,72,61,23,0
14,15,18,27,116.94431091189963,81,10,25,1
5,5,11,29,247.06631685156157,34,7,7,0
14,15,21,2,244.40766225739316,66,98,26,0
16,17,0,20,271.51275384162517,40,63,35,0
17,17,9,1,240.2385511860525,73,90,1,0
17,17,12,18,160.6549114424328,31,34,50,0
15,15,19,12,343.1338652385993,70,48,15,0
7,7,3,1,310.9227477131826,14,4,34,0
4,5,13,15,218.44015570652468,63,93,65,0
5,5,5,28,186.6645380538433,10,33,50,0
19,19,2,17,200.56813798748416,12,16,17,0
11,11,0,5,224.2326319663854,48,31,29,0
9,9,0,4,115.2546584301102,35,87,28,1
2,3,7,2,55.71657301414984,62,92,51,1
13,13,23,25,143.77812071779852,68,33,35,1
1,1,5,1,66.98266426777063,53,79,16,1
14,15,11,17,264.67790228691376,58,30,48,0
2,3,15,11,232.39811553236177,75,84,54,0
13,13,11,1,59.38962924678104,18,72,46,1
1,1,10,13,65.7344721927028,78,78,61,1
6,7,2,26,292.48361725348377,31,3,1,0
14,15,20,15,312.43617634966694,9,83,4,0
4,5,0,16,294.4108231253411,80,50,1,0
6,7,4,8,249.06761708031712,66,7,23,0
13,13,21,5,162.7979509495534,70,26,23,0
7,7,19,18,327.1129164256703,52,21,55,0
8,9,2,11,223.18229362141565,34,94,43,0
17,17,14,27,218.18685323239288,41,46,46,0
0,0,23,16,72.44395981876359,76,97,28,1
9,9,4,15,137.6219105044526,93,89,48,1
2,3,23,28,264.2888495770475,5,57,54,0
2,3,1,14,201.9486046171947,3,2,9,0
9,9,11,11,56.97997207415696,22,32,23,1
5,5,19,6,243.7735907747605,20,23,56,0
3,3,13,27,230.70316218965425,87,50,33,0
18,19,18,21,115.93596488517724,99,81,16,1
8,9,1,10,320.20494516395314,72,43,23,0
10,11,3,3,92.58007512197928,44,19,29,1
10,11,14,16,170.71681750998908,29,9,45,0
12,13,1,0,261.2028236717408,84,18,16,0
17,17,9,13,195.69545090330797,42,4,47,0
17,17,18,4,58.821711089069325,14,8,25,1
14,15,5,0,134.385340562044,78,95,42,1
12,13,17,12,272.50525895921373,94,61,7,0
19,19,1,7,254.9111797473142,54,93,37,0
12,13,9,6,268.14135860495605,55,8,28,0
7,7,23,17,116.2338029516229,36,33,25,1
18,19,4,17,131.73968186069678,33,11,56,1
1,1,20,8,224.1022021234526,71,66,63,0
1,1,7,3,243.7840023997853,68,7,64,0
6,7,16,4,136.80360578022098,19,29,44,1
10,11,11,25,105.33580499209285,72,14,57,1
3,3,18,6,189.40336972078904,77,23,55,0
5,5,11,29,137.89539638056362,62,70,27,1
10,11,15,6,309.01647558339266,66,32,62,0
5,5,1,6,274.3731984093279,38,3,31,0
4,5,5,29,115.31045712310528,20,77,10,1
1,1,7,19,116.53817519952972,17,40,3,1
14,15,14,16,236.14872429483887,94,41,33,0
9,9,1,0,95.1861394405146,26,89,46,1
17,17,15,2,189.69608620775068,92,81,51,0
14,15,10,22,206.32485950692777,73,78,31,0
17,17,1,19,126.3039160909518,82,54,22,1
15,15,5,28,295.9337594442002,68,58,28,0
16,17,16,13,270.0256699998111,75,83,53,0
17,17,17,9,310.86752734393366,7,1,1,0
17,17,7,16,80.40638126253977,21,85,62,1
8,9,20,22,194.49762277078844,68,92,58,0
5,5,16,6,76.36440634178358,44,71,23,1
6,7,3,16,326.14246049732816,59,43,33,0
2,3,4,5,109.72946455085648,10,75,17,1
4,5,21,18,320.29495152555756,78,76,7,0
16,17,6,27,219.04699075987284,13,7,43,0
7,7,18,0,182.23181221423653,46,90,9,0
4,5,21,5,109.16885522961182,37,59,39,1
16,17,9,11,57.43484395760225,71,98,11,1
0,0,8,24,167.72070811005068,77,70,42,0
19,19,4,20,285.0661545581622,60,62,35,0
15,15,14,19,349.85983674793647,5,67,5,0
5,5,1,27,128.7148868515121,63,35,28,1
18,19,11,29,285.149407614979,99,22,13,0
19,19,15,0,69.45525041936607,0,21,37,1
4,5,17,24,134.54499657819167,15,91,43,1
18,19,4,17,86.43902990512052,87,49,56,1
14,15,19,21,78.97653030456262,95,52,3,1
8,9,21,4,231.68627332106416,75,97,25,0
17,17,6,19,136.7493538134204,39,57,44,1
6,7,12,8,103.6818632457505,25,66,60,1
18,19,18,9,54.89234812846343,56,61,31,1
8,9,13,13,207.92782439496233,56,62,2,0
16,17,3,21,75.02445497022853,83,79,49,1
12,13,8,1,285.22455015697534,20,19,44,0
2,3,22,23,232.17806250572968,33,73,53,0
8,9,6,16,344.53009446070524,65,32,1,0
18,19,3,25,192.7455393423766,44,63,7,0
1,1,19,15,224.5727935487912,6,3,29,0
14,15,20,10,299.8018931054259,54,77,42,0
4,5,2,15,276.1455522866817,70,89,28,0
6,7,5,26,318.3055936474182,81,60,36,0
11,11,5,29,287.05869240209347,90,64,34,0
13,13,8,22,126.53686504813815,56,84,38,1
19,19,16,24,259.55550258004564,45,7,55,0
6,7,16,23,86.74661569625741,39,12,40,1
6,7,18,24,296.2919200794704,25,36,42,0
17,17,8,0,205.36435730613664,89,94,23,0
13,13,16,5,297.0216326318274,48,43,9,0
2,3,18,8,140.93787146947392,91,43,26,1
17,17,15,1,123.60517193085325,49,5,40,1
4,5,4,12,293.2067042944064,89,95,57,0
2,3,4,2,164.49337541019534,96,73,54,0
7,7,15,12,91.35929365524962,47,99,27,1
11,11,5,10,167.79632228111512,68,25,36,0
17,17,1,22,233.52392723814495,35,49,23,0
7,7,14,3,164.56180911756684,79,38,60,0
2,3,11,16,126.12617961527526,61,40,38,1
19,19,6,29,96.43338325797832,17,34,43,1
0,0,17,1,258.8365377615038,81,11,47,0
3,3,13,5,252.85180593945145,16,99,49,0
7,7,7,27,197.6193411544304,78,2,34,0
12,13,19,6,195.4608840654915,33,93,14,0
7,7,7,9,196.56763858793428,20,38,58,0
12,13,9,26,148.8447167674155,73,93,61,1
7,7,3,9,207.27806512811708,68,7,1,0
12,13,11,9,259.85444503828853,40,51,46,0
10,11,22,28,142.85098978142608,50,69,31,1
17,17,3,12,345.0426664479906,20,33,44,0
7,7,3,20,180.2536001507196,55,56,45,0
0,0,0,27,224.92951892131055,37,59,51,0
6,7,6,25,223.12353457245987,13,51,17,0
13,13,20,10,347.9899750918302,70,11,45,0
5,5,17,8,155.04612604941414,14,19,44,0
9,9,3,3,312.1611669910901,79,6,60,0
4,5,19,7,141.0087897381582,48,47,3,1
4,5,13,13,342.63971022085946,96,62,4,0
15,15,0,12,75.20843266232518,63,92,29,1
10,11,8,20,59.88308855696336,78,96,36,1
1,1,7,0,105.69557899070296,32,23,22,1
19,19,11,3,180.64685513797036,12,87,54,0
1,1,4,7,259.769842308453,73,56,65,0
2,3,14,26,209.49835847892564,64,43,23,0
15,15,2,13,157.33250473807965,1,39,57,0
10,11,7,0,83.84373611777943,78,98,13,1
11,11,6,19,268.7525622710057,75,67,30,0
4,5,22,21,123.63718490098805,9,46,19,1
12,13,7,23,114.56521555021708,41,12,62,1
2,3,1,12,255.0602172311399,20,3,19,0
5,5,10,10,266.11756724914096,22,49,47,0
1,1,2,26,141.7674215474969,21,59,5,1
17,17,15,20,343.06814212066524,60,98,62,0
10,11,5,6,161.08098337264707,96,84,35,0
17,17,4,15,185.41789305173265,77,50,2,0
4,5,17,1,340.53530041210587,33,5,31,0
15,15,14,25,124.07614822744776,4,39,35,1
9,9,19,14,81.14404596657494,98,19,52,1
16,17,11,24,123.11716767887047,73,86,26,1
10,11,18,14,135.99619350636095,35,91,50,1
1,1,3,3,210.41185116489856,11,20,52,0
15,15,12,7,327.92378695983393,30,14,56,0
17,17,7,24,263.2307350742027,90,17,19,0
5,5,0,15,120.41801239205594,53,94,44,1
8,9,5,20,244.1344044788548,36,69,31,0
3,3,8,18,253.98996718051376,80,30,64,0
3,3,11,21,295.15593889833394,57,45,22,0
10,11,20,12,61.82279096438863,12,97,30,1
11,11,20,3,281.93052318556084,61,50,51,0
11,11,17,26,155.28638024046558,96,0,29,0
17,17,15,22,192.0427986924861,47,2,29,0
9,9,12,15,195.40505796486448,98,34,58,0
13,13,0,21,133.9373421522653,92,14,27,1
18,19,10,3,188.44610282883517,70,18,53,0
8,9,7,9,63.46005021599551,95,76,44,1
18,19,18,14,128.89397861641814,10,87,60,1
19,19,12,17,140.39819185920422,91,99,48,1
7,7,14,6,182.1045960191275,2,28,4,0
17,17,12,5,78.3656369100261,18,29,40,1
9,9,4,16,228.24855881838744,51,70,63,0
16,17,15,7,233.59985351562747,45,29,56,0
18,19,7,9,202.6880081767029,27,0,64,0
19,19,6,5,220.4166248275407,2,22,33,0
14,15,21,8,193.50173741020993,67,82,15,0
9,9,12,19,338.29074793421097,6,69,27,0
8,9,1,2,59.88423019157274,48,93,43,1
4,5,2,3,175.19338265429917,83,17,10,0
3,3,11,8,301.15448162424514,0,25,27,0
6,7,13,4,332.3767731268997,89,13,17,0
15,15,17,6,269.87731677910915,76,34,30,0
18,19,0,15,168.43877283286074,36,44,27,0
2,3,10,16,293.6402545870808,30,50,50,0
17,17,10,15,99.35455651864984,41,0,17,1
8,9,1,4,76.74518258400737,44,31,54,1
18,19,0,11,204.12879667975972,95,36,53,0
5,5,23,16,105.4114070062348,76,11,15,1
0,0,8,2,93.2148472525338,69,51,21,1
10,11,21,5,61.7874532041797,46,19,17,1
13,13,12,24,306.43031385875184,39,21,13,0
8,9,5,27,169.66236061619367,67,46,23,0
1,1,19,25,66.78132260400656,74,66,27,1
18,19,16,3,66.68651602280156,45,16,29,1
19,19,22,24,167.10366996151114,14,67,56,0
13,13,2,4,341.64506197308924,54,94,39,0
19,19,6,17,333.0743427690029,59,28,46,0
0,0,9,24,54.149157845053566,46,17,24,1
11,11,0,10,223.093047454022,59,85,50,0
4,5,10,29,263.738340188277,63,91,60,0
16,17,7,21,167.41666880216354,69,68,39,0
19,19,8,25,257.8435960201744,46,47,43,0
16,17,15,3,126.18178114097128,9,83,11,1
13,13,7,10,302.0891377604226,82,65,2,0
4,5,17,28,56.150239922444165,57,82,1,1
19,19,4,22,84.8888970984005,17,73,53,1
18,19,22,26,114.38135614985372,40,71,12,1
11,11,10,12,173.7223469473782,96,57,30,0
5,5,20,2,91.04546667311536,86,58,5,1
8,9,4,4,327.4591022890348,31,50,12,0
4,5,7,9,52.702718307436314,52,47,26,1
2,3,6,21,236.71089253694095,65,41,6,0
2,3,2,27,205.83259376105136,25,67,43,0
19,19,15,12,337.82363776850286,21,3,54,0
2,3,4,14,67.94327940135433,78,17,64,1
2,3,20,9,96.56593370149535,25,36,28,1
19,19,8,7,286.8777487786984,60,76,55,0
14,15,8,2,87.00715290137187,54,48,6,1
11,11,6,19,99.45621487290792,31,26,46,1
1,1,4,28,73.89315749582407,76,78,20,1
19,19,1,22,322.8144917678185,55,41,38,0
3,3,1,13,103.45573611342252,57,4,54,1
19,19,12,19,279.2398992750399,73,81,57,0
14,15,6,18,105.29652512184322,50,53,20,1
4,5,0,18,342.659240937485,39,84,7,0
1,1,4,29,98.78718149005856,29,77,38,1
7,7,0,7,219.18782427133735,28,26,36,0
7,7,3,21,177.46241191688944,35,45,24,0
8,9,7,25,270.8561651794998,1,5,46,0
9,9,1,25,154.50343730440548,29,67,35,0
13,13,0,25,296.433583016599,85,8,22,0
0,0,18,28,99.14105518284492,97,66,20,1
10,11,14,11,171.16634478903228,35,19,32,0
10,11,21,12,74.64241304441896,60,0,33,1
4,5,13,21,200.311548012165,65,98,20,0
9,9,23,11,318.9532237212756,55,85,36,0
1,1,2,20,132.31633553709864,75,5,53,1
13,13,12,4,221.2515365351931,5,62,28,0
13,13,7,12,73.25651592944914,42,73,11,1
6,7,10,21,315.76607740593545,66,83,26,0
3,3,8,13,76.1988724164978,23,46,14,1
19,19,6,8,250.68130038367065,10,15,53,0
19,19,4,8,91.07914822828285,33,97,26,1
7,7,2,24,205.64509071345145,75,7,28,0
2,3,15,22,163.83747225808094,2,37,35,0
8,9,4,24,171.15564887789836,46,80,43,0
12,13,7,5,57.79806319708855,25,39,34,1
5,5,4,16,64.29326274347382,38,54,42,1
18,19,19,26,104.76312931049426,28,23,2,1
15,15,5,23,329.5749891881062,89,83,18,0
13,13,17,27,294.75281004136104,84,66,43,0
14,15,8,21,76.56329158963919,49,28,9,1
8,9,14,29,276.26819119235694,27,44,7,0
13,13,5,19,301.0829421871138,61,46,27,0
4,5,23,4,246.90308402933127,79,38,28,0
5,5,4,24,193.77488965382724,61,42,25,0
5,5,4,3,206.8866132390333,83,2,50,0
3,3,11,22,196.76497340077657,88,64,14,0
18,19,10,9,68.53701329927921,88,49,34,1
7,7,16,16,144.89846482721865,93,65,44,1
10,11,12,9,250.66133984761575,90,4,20,0
19,19,17,19,120.90494353054352,13,73,36,1
3,3,19,18,152.07551610454215,89,41,56,0
14,15,7,16,132.90247362264586,15,4,49,1
6,7,13,24,198.35691164371292,48,39,16,0
0,0,1,18,325.39339746559205,85,93,21,0
10,11,19,19,99.83635767830026,6,55,7,1
6,7,16,7,96.8909741654184,12,8,20,1
2,3,6,29,128.87023874395138,71,63,41,1
5,5,8,22,97.30324445975054,79,72,3,1
17,17,19,23,337.1944615104779,86,50,53,0
10,11,1,21,314.03369199964806,29,91,42,0
15,15,2,1,130.18558476928845,52,97,64,1
12,13,15,0,71.52979906722524,68,15,54,1
7,7,23,28,300.91974733016997,47,87,3,0
12,13,8,13,107.71001834469716,92,82,23,1
9,9,3,17,171.7936800360054,75,85,15,0
5,5,2,22,118.52741541019068,40,51,14,1
7,7,14,26,236.3427493571692,73,58,44,0
10,11,21,29,73.41473117568607,73,40,9,1
9,9,2,2,266.04212160833566,34,33,60,0
18,19,1,9,196.17170372946617,8,15,43,0
1,1,14,23,290.3946069996185,56,9,55,0
18,19,21,10,220.94587675518545,45,75,44,0
7,7,21,20,125.63581073165608,28,66,54,1
2,3,1,12,166.19402144700263,50,89,14,0
17,17,19,7,266.54967618095486,70,19,14,0
11,11,21,19,286.27268239452695,85,88,36,0
13,13,6,14,242.8559672156209,8,4,16,0
9,9,1,10,206.7361010953016,21,3,26,0
5,5,10,8,106.42906024126808,57,69,25,1
12,13,13,9,215.11044713961653,23,76,8,0
12,13,13,28,137.37992515597247,13,85,23,1
5,5,23,3,263.4024865228196,83,72,24,0
12,13,2,2,332.6260678745193,15,95,14,0
16,17,22,19,244.7225257237798,42,48,30,0
11,11,10,17,322.51571989783935,1,98,53,0
4,5,2,25,254.466840736924,19,84,15,0
19,19,14,15,308.45962047609197,24,92,48,0
18,19,12,19,128.1564010683305,87,56,20,1
2,3,9,6,137.1653253188248,77,43,48,1
18,19,1,1,284.90874437588633,61,43,19,0
7,7,19,6,140.61019875469665,21,84,10,1
15,15,10,24,176.66097112791007,96,1,32,0
1,1,5,8,221.00561810313457,85,63,65,0
8,9,0,25,281.1741659762846,91,6,56,0
0,0,21,16,103.66715700255736,97,11,65,1
6,7,2,29,140.96716208918846,63,8,49,1
14,15,3,29,90.05622099927963,10,46,23,1
0,0,17,24,167.25101332973114,76,29,36,0
4,5,11,7,63.51280885157754,73,97,64,1
18,19,11,13,269.416531821262,36,37,18,0
17,17,7,17,153.1524116153047,90,56,47,0
9,9,9,13,141.4916700098908,49,75,11,1
6,7,13,4,258.70148138842535,56,31,29,0
16,17,14,28,269.54075116850646,25,66,9,0
0,0,19,0,204.95930946802255,72,84,2,0
5,5,18,12,226.13318724993093,62,88,65,0
15,15,11,1,67.90989039912918,37,89,10,1
19,19,0,6,69.10391146274762,34,12,34,1
2,3,22,16,290.9840741252238,32,29,7,0
12,13,22,6,264.5728020132665,8,8,29,0
8,9,11,23,282.90274997317744,83,47,8,0
0,0,9,2,167.6613773148446,10,52,52,0
8,9,19,15,205.10529114650257,86,39,45,0
6,7,22,2,112.6652121031669,62,10,39,1
5,5,22,20,146.12848593331307,90,95,64,1
6,7,23,8,225.5722579023231,75,95,31,0
7,7,21,24,222.29412955237245,19,60,4,0
11,11,16,17,340.62865455605777,58,89,17,0
12,13,7,24,161.45498790345283,1,46,1,0
16,17,6,5,62.72256929905774,17,30,36,1
11,11,8,22,236.6009075483845,35,43,46,0
2,3,10,14,132.37184992916983,15,52,39,1
9,9,5,5,73.37549774367737,17,86,1,1
9,9,8,23,155.94099718432204,54,37,40,0
3,3,0,22,339.70554581285273,42,76,36,0
7,7,17,11,314.19331299447765,24,12,46,0
1,1,8,23,223.95233071931804,56,73,9,0
2,3,18,19,313.5882158820257,49,69,49,0
16,17,5,24,138.20240052115892,45,7,20,1
3,3,2,4,197.51984025154417,64,9,60,0
15,15,16,9,308.00650080916006,94,24,4,0
6,7,6,29,327.4588944364186,44,7,25,0
5,5,7,20,230.43824508466653,22,73,15,0
8,9,6,1,251.1872003148407,18,59,24,0
15,15,12,21,204.9986032120761,58,60,37,0
11,11,14,1,248.87511712060595,25,58,9,0
18,19,7,29,160.9309414464605,41,24,28,0
19,19,21,20,301.9820777515989,64,28,49,0
10,11,10,27,52.15216700999661,43,10,21,1
19,19,7,28,299.7868537308984,20,54,11,0
16,17,13,19,58.01477202478471,86,49,17,1
19,19,23,19,311.85419619755555,5,99,52,0
19,19,10,18,178.54224534789037,43,96,13,0
3,3,1,3,265.5760992494753,81,28,37,0
9,9,0,15,204.0151329848019,54,26,29,0
12,13,19,2,271.3257938729137,18,65,37,0
15,15,2,23,277.1727741702449,79,34,65,0
15,15,16,11,210.9198417883196,68,23,57,0
0,0,20,26,81.24348691719135,35,52,24,1
8,9,2,26,190.3003309529691,86,78,44,0
18,19,22,28,169.9168007485588,52,14,42,0
8,9,22,7,107.9292138219316,47,24,50,1
6,7,11,18,304.3552355116053,43,66,8,0
11,11,3,0,135.94634380499494,33,59,17,1
12,13,1,9,157.40159442111897,20,90,6,0
2,3,7,1,121.09466289025218,19,22,53,1
17,17,12,1,254.06102019675976,20,33,63,0
0,0,16,0,167.76985050195344,26,31,62,0
11,11,5,20,214.9388935011615,19,89,46,0
14,15,0,6,151.9888322591612,96,93,1,0
10,11,7,16,285.25446465860966,39,71,8,0
7,7,15,8,284.0853010505581,94,1,33,0
5,5,1,15,249.55998573895965,84,13,41,0
15,15,15,26,164.78134597824757,33,64,2,0
16,17,20,29,344.7347418482531,7,55,35,0
4,5,23,11,114.56309529453404,29,94,17,1
18,19,19,11,84.53209740021677,1,26,64,1
15,15,11,12,321.8113434021376,93,5,42,0
6,7,20,2,165.21341365554468,28,48,59,0
19,19,10,22,180.18617260135213,6,23,65,0
14,15,19,22,219.56526542958153,52,21,61,0
1,1,18,8,259.8344592988664,25,52,8,0
12,13,10,12,211.24438362824503,14,93,17,0
16,17,17,9,51.86572049109588,75,75,3,1
1,1,10,0,137.96755711460688,82,83,7,1
9,9,19,23,145.4991052948386,41,31,26,1
12,13,2,22,281.8026789272524,34,47,31,0
12,13,18,22,221.63543011325325,53,73,2,0
4,5,16,19,238.83696844673156,77,53,39,0
18,19,22,10,189.14929784671116,76,8,63,0
7,7,17,17,59.82324339813875,7,95,55,1
1,1,15,29,150.34244583529116,34,80,8,0
9,9,5,17,219.5734652358748,52,98,58,0
18,19,19,20,102.3815458204562,14,62,23,1
5,5,7,6,206.99627938293744,33,29,32,0
0,0,8,2,194.52612183565785,28,31,30,0
15,15,6,2,313.3642825931163,8,28,20,0
11,11,18,4,60.493560773995334,79,88,29,1
4,5,2,25,150.5126080013918,35,2,36,0
16,17,21,26,50.91940719692237,16,41,50,1
7,7,14,15,269.79083338882907,8,40,33,0
1,1,6,27,333.53486760325336,70,99,51,0
11,11,11,12,276.82586570187317,15,0,39,0
14,15,22,18,111.71238769138068,76,61,30,1
8,9,13,23,206.56624286824373,78,13,5,0
16,17,13,17,309.01925479047645,42,52,54,0
0,0,15,2,175.6164655229619,49,94,10,0
10,11,23,27,124.00835635727718,79,61,21,1
16,17,1,21,294.4744925772463,83,49,51,0
18,19,2,3,210.17551095356444,29,31,15,0
14,15,4,28,325.58374975836426,71,16,20,0
15,15,4,6,86.37693222292086,54,16,14,1
10,11,17,17,86.53898725753615,56,19,18,1
3,3,6,8,305.5470160562048,19,28,31,0
18,19,16,18,314.51311745314194,68,55,6,0
0,0,19,17,124.46641001663804,40,20,61,1
5,5,6,19,298.55739654040104,97,86,10,0
1,1,0,29,278.50406989078033,54,26,33,0
7,7,14,5,144.29054410184975,62,65,53,1
6,7,14,4,234.40009666200945,89,36,11,0
10,11,19,23,313.545185721428,19,82,4,0
7,7,15,18,235.80523841379383,59,77,41,0
2,3,11,0,198.683882757918,29,85,50,0
3,3,14,28,65.1694046655722,19,89,56,1
17,17,20,0,130.32810435389308,75,69,8,1
11,11,8,10,90.72376578962223,24,62,3,1
9,9,8,19,261.6752686505873,58,74,65,0
6,7,23,27,253.7921310062243,12,68,20,0
1,1,11,19,311.50688552291683,34,19,64,0
7,7,19,6,254.13095069310216,8,79,23,0
12,13,21,6,59.25241674796183,48,59,59,1
15,15,17,24,194.0790035295787,90,77,57,0
6,7,21,6,276.9378851094533,78,1,58,0
8,9,22,4,344.46644806142854,99,36,51,0
2,3,4,3,237.7100672667587,93,64,25,0
9,9,21,22,253.3973551313757,77,3,22,0
16,17,0,29,276.9967416416105,39,24,60,0
4,5,16,27,333.9987923592966,45,11,52,0
15,15,16,5,95.89635401064552,4,16,25,1
12,13,10,13,158.77970719460808,95,34,56,0
3,3,23,4,125.81599391807652,76,77,41,1
0,0,2,28,285.41919847598524,51,66,57,0
0,0,22,14,113.52884266233046,31,44,21,1
3,3,12,14,214.67187824141345,14,25,39,0
19,19,8,7,335.88762266970247,43,84,45,0
6,7,23,7,244.56790064630124,26,66,55,0
9,9,6,14,325.53960480249566,97,12,16,0
18,19,14,9,340.351874573297,5,70,22,0
18,19,14,17,195.80984065779063,88,87,9,0
1,1,23,14,306.4266635292889,21,96,65,0
14,15,23,7,316.3243141673154,65,9,65,0
17,17,2,14,331.0490606266436,25,66,61,0
14,15,6,1,102.3084628397174,85,3,12,1
3,3,7,4,328.08801752224434,20,68,18,0
0,0,5,20,59.39951538342583,96,49,27,1
3,3,13,27,194.95518491633393,68,49,28,0
13,13,12,9,112.68042478438956,8,40,11,1
13,13,2,21,198.35994172056212,31,25,9,0
15,15,12,9,202.50610053171928,71,27,31,0
5,5,5,12,184.27724426000452,0,72,61,0
5,5,23,24,70.94496467931758,11,4,41,1
0,0,8,9,273.79650405617616,47,25,6,0
16,17,17,11,155.22490523004504,51,35,16,0
15,15,12,21,71.3262904587607,25,17,10,1
9,9,3,5,318.9729533131392,6,68,17,0
16,17,12,0,314.45545009639994,30,28,44,0
8,9,9,29,148.4936599706957,18,88,22,1
12,13,18,15,93.05607271074136,83,22,39,1
11,11,13,3,320.01786679321333,48,92,54,0
11,11,22,21,109.09311514388288,12,8,62,1
5,5,2,26,165.37936158195606,96,93,54,0
9,9,7,14,245.7910555810138,25,90,20,0
11,11,10,27,221.05649159517176,91,28,21,0
19,19,20,12,58.84349493667709,7,13,5,1
7,7,5,28,57.708003441448064,32,89,10,1
2,3,23,9,299.0085828421383,14,53,34,0
18,19,20,22,81.56787966861695,31,28,10,1
14,15,0,3,223.0061232693296,48,87,50,0
17,17,9,16,265.7567511856321,17,37,46,0
7,7,2,28,257.0386846871827,37,71,5,0
16,17,4,11,275.45095087616266,33,25,13,0
0,0,6,7,70.51889409531688,37,36,8,1
16,17,18,21,128.011055430678,61,25,34,1
15,15,10,2,62.02282111700428,27,12,3,1
13,13,7,1,241.17118031810253,9,51,65,0
1,1,5,7,69.7853126590056,41,85,52,1
3,3,13,17,53.36359341421891,37,90,64,1
16,17,9,9,283.23229458101054,93,96,53,0
14,15,17,7,149.90449198445805,98,0,1,1
14,15,16,24,322.7131813448119,61,11,19,0
10,11,17,2,302.89736295838264,24,79,25,0
11,11,16,26,249.1083355693342,58,91,39,0
15,15,10,24,136.2171993200174,83,58,8,1
17,17,1,9,270.1056564062742,25,84,54,0
9,9,17,15,176.6980722673695,96,38,15,0
19,19,4,23,253.58695565892387,38,43,39,0
14,15,4,21,273.0010052864586,40,99,33,0
1,1,8,29,319.9701418597929,6,40,35,0
14,15,23,6,243.66851182196865,80,20,16,0
11,11,22,11,308.94871327974107,77,43,5,0
17,17,4,17,252.52776924750415,15,12,43,0
3,3,23,13,243.423120647862,87,36,56,0
14,15,9,8,136.0374359233921,50,25,54,1
7,7,16,27,302.7840879481049,56,43,47,0
5,5,15,0,267.57205883246786,36,96,27,0
12,13,17,8,72.02148472971125,30,80,50,1
14,15,7,25,139.2764690801576,73,4,25,1
5,5,12,25,182.35312232007357,21,87,35,0
6,7,11,8,97.27558863153372,32,53,46,1
7,7,4,17,91.525286545905,62,65,14,1
16,17,4,17,102.58026817738607,51,54,58,1
0,0,20,20,184.4801540299788,68,36,59,0
8,9,16,10,346.997976438038,84,47,28,0
11,11,21,19,68.07186905342317,31,45,64,1
7,7,1,1,262.1451426378864,21,12,22,0
16,17,12,28,198.61455773069295,72,76,36,0
4,5,4,0,342.8151274373524,88,97,20,0
0,0,14,7,286.5449549956029,15,35,56,0
3,3,3,5,278.6247779730546,9,46,35,0
12,13,2,5,306.54774584962917,62,25,24,0
12,13,3,16,158.2371181179632,54,33,42,0
15,15,20,10,136.14562995305968,23,11,22,1
14,15,13,17,103.30906816927909,82,60,57,1
5,5,11,8,243.4117748791864,73,33,15,0
7,7,6,22,296.1283556961533,37,37,23,0
6,7,11,9,118.76432881086578,7,43,63,1
17,17,23,28,213.48864753475243,30,59,21,0
0,0,1,29,282.65890079722044,8,46,33,0
7,7,10,8,303.57808322031315,17,76,20,0
12,13,0,10,76.13393133329815,15,38,43,1
1,1,5,8,104.31657804155594,65,46,62,1
7,7,20,5,191.75786366484988,38,76,23,0
1,1,15,10,84.56045255900862,91,59,21,1
9,9,16,16,174.27096450143588,48,64,56,0
10,11,13,15,98.93154762493344,4,76,50,1
11,11,11,24,216.7878310784488,7,58,27,0
14,15,5,27,109.89882651700252,62,61,50,1
13,13,3,11,60.58722282045667,89,83,15,1
14,15,17,27,81.46173616240058,62,78,28,1
18,19,10,7,266.3723707072517,64,56,58,0
16,17,3,17,106.65727897304912,12,35,49,1
6,7,17,9,88.43511173672157,5,6,51,1
8,9,12,8,340.8303224397836,13,82,31,0
4,5,14,26,198.11499932916365,19,84,20,0
9,9,5,20,139.8813055975342,13,42,27,1
4,5,1,7,326.95588304889856,5,70,27,0
12,13,22,1,177.96693245722983,49,15,16,0
11,11,12,3,217.9709821562193,43,44,2,0
14,15,3,7,176.98756139137532,50,27,3,0
12,13,1,9,104.3554657519151,76,60,55,1
1,1,3,23,77.0281991777639,3,71,61,1
2,3,13,18,155.68481586151134,91,6,5,0
7,7,21,23,225.22179738374396,72,86,47,0
13,13,1,1,221.9844466193236,86,51,31,0
12,13,18,6,340.77761183839766,47,99,49,0
12,13,5,3,233.4713012154085,20,7,57,0
10,11,1,8,197.06625304249013,11,4,44,0
16,17,14,22,105.202499279353,61,71,46,1
11,11,1,11,63.46161482562797,87,99,1,1
2,3,17,22,83.42375302673267,7,35,61,1
16,17,16,25,248.01020752775867,92,31,27,0
0,0,23,7,69.44397649253608,8,94,46,1
1,1,19,12,188.25531691383648,83,32,20,0
8,9,5,21,84.40134419571534,22,97,35,1
1,1,10,13,116.22941919922752,5,21,16,1
17,17,1,15,284.8260354446735,47,67,18,0
12,13,10,6,295.1866030688655,91,54,58,0
19,19,21,6,148.30692860228712,23,42,16,1
0,0,21,25,139.406302720572,89,7,5,1
3,3,23,12,250.79446494516665,70,2,45,0
12,13,20,24,320.0181952824025,64,48,16,0
8,9,17,13,57.20157816814437,19,99,25,1
6,7,17,11,183.3781557676701,56,53,36,0
19,19,3,16,173.69052830385618,29,17,48,0
18,19,12,5,51.137459966003505,32,5,21,1
18,19,18,4,341.1103074228211,49,80,53,0
12,13,15,4,85.35820370069447,29,55,30,1
19,19,17,29,165.5133417206021,75,51,64,0
17,17,11,4,109.1962077067955,0,9,10,1
0,0,22,6,207.8822468039318,14,34,45,0
18,19,17,19,273.758548013924,10,46,35,0
1,1,5,28,219.60377509986665,31,89,36,0
3,3,9,28,234.22211512169648,13,64,20,0
5,5,4,6,51.194151724093985,71,31,4,1
10,11,10,19,119.63182758201168,36,22,57,1
1,1,13,17,238.59174299019384,78,33,18,0
13,13,2,11,178.45499684395588,14,94,10,0
7,7,9,0,113.14357456537954,90,74,48,1
3,3,3,28,116.77458583966002,41,78,28,1
4,5,20,23,300.009400728628,19,23,35,0
19,19,9,0,65.53516797757051,9,16,49,1
2,3,14,20,99.33200708709968,10,88,60,1
18,19,5,4,103.47911248171836,68,20,17,1
10,11,9,3,310.30684462516433,25,38,58,0
3,3,4,13,334.7599997337014,75,68,34,0
2,3,7,20,306.05189482648336,51,18,44,0
17,17,0,10,348.18159284665415,33,7,33,0
17,17,9,1,296.4755019786974,39,41,28,0
3,3,6,19,273.37094850324326,83,3,56,0
7,7,15,26,220.2588339351619,80,98,15,0
14,15,12,8,135.03177028590372,49,21,22,1
5,5,19,4,117.38992775156618,93,46,14,1
17,17,10,24,318.8985770732596,11,37,19,0
10,11,20,21,340.1848919052443,23,45,30,0
17,17,17,12,106.54930091334396,48,12,18,1
16,17,16,5,118.30591450937328,90,46,59,1
18,19,10,1,230.77632009697143,67,98,26,0
15,15,9,28,91.8377331667276,42,95,27,1
8,9,19,23,301.6544650753618,32,50,23,0
18,19,3,0,336.08442821851565,12,67,10,0
13,13,2,5,50.33276208028346,48,23,21,1
13,13,11,26,135.99087682671492,58,66,53,1
9,9,11,18,226.6159219642698,71,83,43,0
9,9,5,21,215.81223605199432,78,6,60,0
14,15,17,5,117.75804886793512,11,87,35,1
5,5,11,8,206.72519561346553,57,22,4,0
12,13,21,20,110.11890564838984,9,59,25,1
4,5,3,25,340.2027183824667,76,34,20,0
19,19,4,1,163.163164089105,44,89,54,0
0,0,12,9,212.59709871922968,33,28,25,0
4,5,0,15,279.3227311420412,30,69,2,0
10,11,16,10,272.61280994955484,62,60,12,0
13,13,16,21,240.59654746524467,53,40,49,0
18,19,13,22,67.28470209011526,85,72,41,1
19,19,4,29,249.8904050930566,43,35,13,0
10,11,9,18,159.94477928786958,49,8,37,0
11,11,0,2,272.5293953929663,94,13,64,0
3,3,18,0,158.71426918273332,92,56,51,0
17,17,1,5,176.16063867595193,90,47,36,0
9,9,11,11,211.0494255593496,74,57,62,0
1,1,20,3,324.880577703202,35,62,21,0
14,15,10,22,229.02171103486177,62,6,15,0
3,3,17,22,265.3281756353077,79,16,54,0
14,15,19,26,246.71886886930932,48,59,58,0
5,5,20,29,171.87419617637397,74,8,24,0
6,7,9,27,115.02852092838086,47,83,51,1
5,5,6,29,202.6139853260193,6,53,49,0
7,7,9,8,149.6918891940986,95,82,46,1
4,5,18,3,246.08210588332977,83,64,27,0
13,13,21,24,125.2259934990628,90,48,55,1
18,19,7,20,235.66086766099588,0,9,64,0
16,17,14,0,267.9242946512439,31,3,12,0
5,5,3,1,244.67917214127763,95,29,20,0
2,3,20,2,79.9538846403479,7,57,28,1
10,11,23,15,324.24525100668455,26,14,48,0
13,13,19,29,91.5385379948987,90,17,65,1
0,0,11,5,277.2447212951521,69,68,59,0
17,17,9,8,126.58220009865556,33,71,63,1
13,13,14,20,346.1120440908994,43,17,15,0
10,11,8,20,193.33041151520055,62,69,53,0
1,1,16,25,141.17565061374353,70,53,30,1
15,15,7,25,340.7055888542148,57,47,51,0
10,11,4,26,299.4371858337812,62,88,43,0
11,11,20,13,307.2822899187891,91,81,39,0
17,17,8,29,254.43785026764817,70,29,44,0
8,9,9,24,327.3838407484072,26,53,62,0
5,5,4,2,283.4639047593913,15,72,58,0
3,3,2,29,335.91651254591403,91,12,17,0
16,17,6,28,249.34660309099405,48,88,1,0
13,13,22,26,227.13663781994592,60,9,50,0
11,11,14,7,192.06025670981867,16,67,58,0
15,15,6,0,232.558649454965,4,99,42,0
3,3,5,8,152.0473465830907,85,52,5,0
17,17,20,28,316.6337042859173,15,0,34,0
19,19,13,7,261.78299348185243,42,70,54,0
5,5,8,16,326.81014784734504,44,24,6,0
16,17,3,1,178.6198826624101,67,25,14,0
2,3,18,10,308.9058504471775,58,20,33,0
0,0,12,24,331.43479505146564,13,63,33,0
7,7,3,26,229.09047096716336,61,34,46,0
17,17,0,24,232.41707296500752,38,6,20,0
14,15,5,28,344.7666869306912,28,81,38,0
4,5,22,1,260.6105269777651,62,6,8,0
9,9,13,11,347.64074917989166,75,45,61,0
4,5,5,6,81.9377321912438,66,54,41,1
0,0,4,23,203.93887533062008,93,60,48,0
12,13,17,13,310.92769017660385,70,64,59,0
7,7,19,4,256.4902073021759,82,44,12,0
9,9,13,18,164.02585715628695,37,25,15,0
2,3,9,8,213.1065896791454,36,70,32,0
19,19,19,26,112.50843919561854,62,75,17,1
15,15,18,11,84.80877077281696,36,41,15,1
6,7,17,8,93.70721844835226,30,27,33,1
4,5,19,16,97.79686893509918,97,29,13,1
10,11,3,4,234.77849212066764,10,56,5,0
12,13,10,4,142.84150261984058,71,75,6,1
3,3,13,4,335.22628479699443,90,94,57,0
15,15,17,1,141.10472801863213,13,10,60,1
2,3,1,13,338.0645826590174,67,65,28,0
17,17,16,11,291.30080034144913,17,70,63,0
18,19,9,25,228.37988951808924,89,95,63,0
9,9,12,21,313.504461985676,80,46,30,0
1,1,2,24,230.56245765268147,26,36,43,0
11,11,5,4,316.26925614996736,44,57,9,0
5,5,4,25,225.34014967377988,54,63,20,0
6,7,18,1,313.9206912669807,85,32,11,0
12,13,6,29,316.48490444195704,88,96,26,0
12,13,9,8,344.6119450147805,72,11,41,0
12,13,11,22,68.47575047425804,60,36,48,1
9,9,10,20,336.0273078117545,13,14,11,0
9,9,14,10,349.0848891259129,87,6,7,0
2,3,11,4,96.80758040052451,21,69,33,1
4,5,7,23,266.6669908926639,25,73,2,0
12,13,21,27,311.6029679001209,89,86,65,0
13,13,16,17,225.7395823413184,79,94,11,0
16,17,0,23,82.15680660380504,56,20,37,1
18,19,21,20,50.30947371067904,68,50,63,1
13,13,2,20,315.5795181890144,42,75,46,0
17,17,3,17,168.2701852012283,2,77,18,0
3,3,4,21,192.99779230237328,38,27,48,0
12,13,8,12,343.34302030274364,30,34,24,0
6,7,8,26,69.85674253939266,32,29,16,1
10,11,1,4,230.90411631168212,48,33,9,0
12,13,5,12,78.89904925711753,32,75,5,1
11,11,5,11,292.21564019169455,65,84,57,0
10,11,0,7,159.16826618812047,77,75,59,0
14,15,4,19,339.0331415085799,27,74,6,0
17,17,22,5,192.45978475966197,21,28,47,0
6,7,17,21,129.27708315748387,56,71,54,1
5,5,10,6,238.8254477169123,51,84,23,0
12,13,3,21,245.1266691299661,88,67,61,0
11,11,9,15,326.9690009698298,89,44,63,0
9,9,16,0,263.1416435920753,88,8,47,0
16,17,10,23,119.7690279473527,96,20,25,1
10,11,2,16,219.52118569272724,43,19,6,0
8,9,17,22,289.7355395104949,91,96,10,0
13,13,7,12,287.4577988917304,55,49,60,0
11,11,8,1,256.6682131866668,93,5,12,0
9,9,20,28,181.681334534487,34,34,39,0
7,7,10,23,174.26561404492568,26,53,41,0
14,15,9,20,276.6494479710705,18,64,58,0
11,11,8,17,88.36395066414926,65,50,52,1
8,9,12,25,212.3194269994977,7,30,20,0
11,11,9,23,114.16673977125237,23,36,31,1
8,9,5,9,253.5856484253168,93,98,13,0
18,19,6,20,112.06880683604342,33,78,35,1
13,13,15,23,60.26422285927823,22,18,57,1
3,3,10,25,124.5768333368006,62,54,15,1
8,9,18,7,169.55201201913687,52,77,32,0
18,19,14,13,82.59453024303424,66,79,60,1
17,17,1,19,157.92123326680314,25,51,40,0
6,7,3,27,250.68306994060865,43,78,47,0
17,17,21,6,173.9797742299119,57,81,49,0
5,5,17,25,250.85261053047228,74,0,28,0
11,11,14,3,233.24150199281877,95,30,46,0
17,17,21,7,80.81414598858714,74,41,56,1
6,7,9,6,337.0065814160171,99,94,41,0
8,9,7,11,312.96505807787037,43,87,3,0
19,19,22,3,220.29974198524903,49,52,19,0
0,0,17,9,231.87384397384685,49,95,64,0
2,3,18,13,130.49547157104087,1,11,43,1
12,13,23,24,85.84891337573342,88,54,63,1
13,13,7,22,126.44040104983618,97,7,51,1
2,3,11,15,100.4863239611718,71,79,37,1
2,3,0,10,115.61215960368612,11,50,21,1
16,17,6,20,74.9091343207463,42,12,11,1
7,7,8,16,75.51876738082262,99,92,52,1
12,13,7,27,291.8415301089358,18,32,63,0
7,7,10,27,280.5839202982312,46,62,11,0
1,1,19,13,151.80459670176353,47,99,43,0
6,7,8,27,307.74193777842913,80,75,62,0
18,19,20,8,300.82345055040895,18,1,58,0
8,9,20,5,261.2125303986322,76,67,63,0
8,9,21,1,124.21025940780464,64,71,44,1
2,3,3,23,155.64600479061343,79,86,6,0
6,7,7,18,349.6038134492634,16,38,25,0
2,3,2,13,207.28321958807564,63,29,15,0
2,3,1,8,274.40858424721085,69,61,59,0
14,15,19,16,244.1888206975343,34,53,54,0
4,5,6,7,323.5724207380325,66,11,16,0
2,3,5,18,279.6332021571217,4,58,13,0
3,3,6,6,132.1442877077328,77,60,43,1
1,1,1,6,187.02958131252873,24,57,8,0
2,3,7,12,174.35105365483625,59,5,14,0
11,11,7,15,335.05094666224517,33,66,10,0
10,11,21,2,106.8207198359594,69,13,48,1
7,7,21,7,243.3916765449326,1,95,7,0
7,7,20,27,248.58028535032565,71,99,38,0
16,17,16,2,334.4799916923933,37,97,41,0
6,7,0,29,272.72959239026886,48,90,4,0
6,7,17,21,337.7683382366034,85,43,64,0
14,15,3,12,121.34272802297698,13,84,3,1
10,11,11,22,197.6815871088105,76,33,39,0
2,3,16,18,272.9963259116622,43,37,57,0
15,15,7,28,191.28409453350997,32,87,56,0
16,17,2,5,222.7658082508228,16,0,39,0
12,13,11,29,289.7352537205213,95,95,43,0
6,7,10,29,130.62604272707404,63,62,62,1
0,0,7,18,191.66175150192663,51,36,31,0
13,13,18,6,210.714293225002,58,55,46,0
11,11,2,3,229.3246492175729,21,80,65,0
7,7,13,11,116.08586549570047,86,17,11,1
10,11,9,9,168.76034761529786,99,47,9,0
2,3,10,16,338.6843215399427,87,96,32,0
13,13,18,10,215.1738205325104,63,52,16,0
17,17,12,20,126.58772003229345,93,30,55,1
2,3,9,8,119.59081948690712,36,82,60,1
18,19,8,23,173.24090216700975,51,93,47,0
5,5,20,22,324.0574338569416,63,57,34,0
17,17,13,29,282.97598436775036,14,93,36,0
2,3,0,1,264.70762366882803,79,66,25,0
15,15,21,6,280.9292372960827,0,86,31,0
9,9,21,7,172.8546890307396,21,97,52,0
2,3,21,28,105.6118197387859,69,46,2,1
7,7,4,24,230.34596149373544,23,57,32,0
18,19,3,16,186.3526310016788,93,5,9,0
7,7,4,26,164.22753346016503,90,74,55,0
10,11,5,23,127.3885083656644,48,14,11,1
18,19,12,23,163.69297100987228,42,73,58,0
7,7,12,21,139.24381458326,55,10,40,1
13,13,2,3,333.35421882862147,18,28,9,0
3,3,15,0,109.60083688109926,58,67,2,1
11,11,17,6,328.48078230127015,51,53,24,0
12,13,2,23,108.37221419723876,25,41,7,1
1,1,6,29,73.46114618281435,27,43,5,1
9,9,10,11,283.63408807118026,16,38,63,0
13,13,23,3,161.88630825915763,7,41,40,0
16,17,10,22,304.55747089785683,31,26,39,0
19,19,10,22,263.1636062031424,1,51,25,0
15,15,6,1,74.99081770569657,61,28,15,1
5,5,22,24,71.26613084888336,46,47,48,1
3,3,15,2,208.4975088486522,15,93,36,0
15,15,5,28,265.79652362473155,62,80,12,0
9,9,19,24,173.89900146904253,46,4,21,0
1,1,13,4,226.926148860372,88,51,13,0
1,1,6,11,202.37740898989108,31,15,42,0
13,13,20,1,340.76769384425626,22,35,59,0
9,9,14,23,195.59023638655955,37,81,1,0
5,5,19,21,254.74673246338344,77,14,54,0
11,11,15,10,233.18868736140303,41,58,41,0
12,13,10,1,214.16658909607904,54,13,10,0
16,17,9,17,315.90464688359754,2,97,13,0
18,19,11,9,52.635646461611216,1,13,20,1
1,1,12,20,331.01642059202067,70,24,53,0
11,11,8,25,79.25374612547733,40,0,31,1
3,3,22,10,270.52036972922537,67,62,55,0
6,7,1,29,143.1991583308507,90,40,5,1
9,9,6,1,177.54793869429227,58,24,49,0
1,1,3,29,234.86953738271563,24,31,8,0
17,17,23,5,120.11943312533585,7,63,49,1
12,13,22,17,157.5034638014083,4,25,6,0
7,7,4,12,123.29816985581049,46,65,47,1
14,15,1,19,301.400855758211,9,3,63,0
18,19,23,15,195.39560928986097,34,70,25,0
8,9,16,6,227.51718213135445,24,77,35,0
15,15,13,15,312.42762307117806,43,52,4,0
0,0,13,25,184.70679571733385,81,22,60,0
10,11,17,20,256.3893227880422,11,76,45,0
14,15,18,4,110.0460278148742,50,86,41,1
8,9,23,12,55.851215174512504,39,88,41,1
7,7,22,12,317.68473299799797,54,55,41,0
0,0,3,15,177.12797360448107,70,5,44,0
5,5,5,23,279.03950996882423,53,15,50,0
1,1,20,1,345.1065958742098,62,53,36,0
2,3,5,6,148.66043153720335,6,5,62,1
2,3,14,21,139.08830650341076,5,30,32,1
10,11,12,11,310.880246829509,89,65,56,0
7,7,14,17,74.77373599761584,0,30,38,1
5,5,0,23,249.87645075464405,62,6,19,0
12,13,11,13,103.80573025445314,11,74,30,1
4,5,22,4,107.04133909398418,28,5,36,1
11,11,16,27,118.47240527430358,79,93,21,1
18,19,20,23,293.929844956882,55,64,19,0
12,13,22,1,109.19625762398726,22,66,21,1
19,19,17,15,130.5553157539001,0,1,35,1
9,9,17,9,289.19546113274544,10,74,37,0
11,11,7,13,176.49801870526295,25,79,27,0
11,11,16,2,252.04098834823728,49,38,7,0
13,13,17,17,83.36401860731334,53,56,33,1
19,19,8,7,283.27650759706023,30,19,29,0
10,11,5,12,155.7356950261046,0,35,46,0
16,17,2,18,212.78444644372055,0,4,7,0
13,13,11,2,134.85908932863495,10,19,25,1
6,7,10,6,102.52606125614209,25,20,13,1
3,3,8,27,296.3713808810253,94,91,42,0
14,15,1,29,162.0266540676532,48,1,4,0
11,11,14,23,302.9929973904254,25,82,20,0
5,5,23,19,150.2757710357941,94,91,11,0
0,0,6,27,182.67002512461536,37,71,50,0
0,0,8,3,117.7163939282008,53,95,52,1
15,15,3,0,321.8808481467073,12,11,61,0
13,13,12,2,126.302731419227,43,34,17,1
4,5,12,14,318.03840282668983,38,86,15,0
3,3,16,18,225.3110948249904,20,34,1,0
1,1,15,0,251.9204979259799,79,37,36,0
5,5,7,1,246.5542919725253,15,89,4,0
15,15,10,26,122.69751300645235,55,47,1,1
10,11,17,24,291.4498453137523,58,75,19,0
17,17,16,3,205.17064399696756,62,60,32,0
1,1,14,24,71.32275995609263,34,17,34,1
11,11,12,8,153.76064983812927,79,95,1,0
18,19,19,24,299.0581957033728,51,46,37,0
5,5,11,22,132.11098333435487,34,88,8,1
4,5,18,24,94.62438653426388,19,14,34,1
16,17,7,14,305.1861907105849,62,86,26,0
1,1,4,18,262.74852027003504,30,52,59,0
1,1,9,13,78.30571159383854,82,66,46,1
17,17,18,27,154.238275507269,10,98,27,0
10,11,15,11,93.69184648820472,72,18,22,1
13,13,0,25,68.47161545278198,31,5,3,1
16,17,22,20,284.15205177346814,20,64,42,0
11,11,10,18,256.5891665071498,13,81,64,0
10,11,0,14,183.22048261122177,22,25,43,0
2,3,17,28,149.73498960198137,9,18,45,1
3,3,15,26,119.91419351345564,93,47,16,1
15,15,0,24,156.34038204335016,84,10,26,0
7,7,10,23,157.94608790838214,99,58,9,0
1,1,18,25,143.81894987043236,87,45,29,1
4,5,6,1,147.90877311537,36,0,32,1
2,3,13,19,123.4032725192542,0,54,40,1
11,11,23,24,127.00853577608537,11,57,9,1
7,7,0,18,227.9803864996127,31,91,1,0
14,15,16,27,268.6374170392812,9,5,56,0
16,17,10,16,78.65749093971999,28,88,31,1
18,19,22,6,89.80313027413365,90,33,37,1
18,19,21,2,298.188141136706,19,51,26,0
18,19,23,6,118.09232788403654,6,97,22,1
3,3,16,16,51.30200010774209,4,11,2,1
19,19,7,14,175.96190691689293,89,92,3,0
1,1,22,9,295.36549764222633,57,97,25,0
16,17,21,14,332.6795107577889,77,22,62,0
5,5,0,26,322.6122315623879,53,89,60,0
15,15,1,24,96.68769212991464,45,1,53,1
3,3,6,8,327.6637112379195,27,61,39,0
10,11,11,10,175.20717929489138,25,73,55,0
11,11,15,20,60.12112490084832,87,7,11,1
17,17,6,5,247.02359528605453,38,70,32,0
10,11,19,8,200.54535659602897,92,35,28,0
8,9,4,28,288.6684128830691,65,14,24,0
7,7,0,8,317.11185019523566,80,35,47,0
10,11,3,9,119.90209022716589,94,35,16,1
4,5,1,24,107.09901576026644,69,82,34,1
12,13,20,16,95.64842119364404,63,96,58,1
1,1,19,10,143.14432889443938,77,64,13,1
17,17,14,19,213.018051180916,45,92,20,0
15,15,10,28,164.53652766244934,89,59,4,0
10,11,19,10,201.63364490948092,85,72,12,0
2,3,17,20,244.2417864041608,68,73,46,0
18,19,19,11,64.96732460487688,36,3,38,1
15,15,9,18,99.64673465352138,62,90,61,1
17,17,23,24,62.79928278087197,80,27,9,1
4,5,18,9,147.71092308307067,38,2,51,1
18,19,22,8,229.38069992495596,60,67,58,0
8,9,19,1,254.88624897542488,33,88,27,0
11,11,5,8,129.1952344522862,72,11,15,1
7,7,8,21,111.8200313433808,76,57,11,1
3,3,21,20,349.8661161723613,52,54,14,0
13,13,16,12,53.66828998916717,49,55,48,1
10,11,6,15,115.8866571402094,15,29,13,1
16,17,22,27,192.77729020228657,82,34,57,0
2,3,10,29,69.53469438784043,81,36,51,1
17,17,21,15,242.9362582727288,52,20,43,0
12,13,15,4,318.9774500920026,37,54,64,0
13,13,8,14,323.93728025216365,11,61,64,0
1,1,9,24,103.08413131888324,14,9,29,1
4,5,8,29,298.97468514758174,28,18,37,0
1,1,12,22,235.8921699517612,15,89,13,0
17,17,23,23,154.76102054775214,9,48,33,0
9,9,2,13,100.19287755286788,32,78,42,1
10,11,17,26,124.56877485355622,81,67,40,1
7,7,5,24,251.88168959116925,74,44,58,0
16,17,7,17,235.09424440943943,27,70,13,0
7,7,5,13,252.38078589023212,16,57,18,0
9,9,6,26,273.73720169427435,56,1,23,0
4,5,7,7,117.6159639759243,72,19,8,1
0,0,8,6,280.14727048419513,51,70,48,0
12,13,7,5,105.24594092539758,85,80,62,1
10,11,16,23,105.07310118262691,30,10,10,1
14,15,10,1,220.93368167111697,14,89,4,0
1,1,9,22,225.71346567179248,6,46,36,0
5,5,21,9,221.34542682721352,32,60,54,0
14,15,17,20,126.63203856348493,42,25,64,1
2,3,11,11,238.8135925095891,25,69,56,0
6,7,14,6,254.0490311509103,16,58,12,0
14,15,20,19,104.454925573466,76,26,58,1
0,0,2,23,320.5639970768051,46,78,47,0
14,15,0,23,130.08923288282617,76,35,23,1
3,3,5,13,135.31592962275028,73,92,65,1
0,0,16,4,315.697074925754,19,87,45,0
5,5,0,23,168.03799720984847,16,84,26,0
1,1,11,21,198.6491568885366,9,33,39,0
11,11,4,23,289.82929152135483,32,50,22,0
15,15,7,26,185.92366098639687,61,73,17,0
8,9,22,14,190.81708611678363,90,30,6,0
7,7,13,18,88.66314074807985,93,95,32,1
14,15,11,0,119.53580721102884,38,84,56,1
14,15,9,23,297.07552388117995,64,38,4,0
8,9,4,13,224.20580027699148,13,4,31,0
11,11,16,3,218.19421888131455,28,92,25,0
2,3,8,11,154.7238085025731,92,74,8,0
14,15,1,2,214.8263383687656,12,56,9,0
11,11,18,2,255.6951307754515,45,31,26,0
6,7,4,5,249.42733183765935,38,8,24,0
4,5,12,1,340.9295235211434,43,37,4,0
17,17,12,8,322.58088910692277,9,1,52,0
13,13,4,25,219.55041212285343,41,4,58,0
4,5,17,21,137.94998361128003,23,36,40,1
7,7,9,14,194.2728911095693,23,25,62,0
18,19,6,14,172.29033430381492,4,94,22,0
13,13,2,24,335.95929879461477,20,54,63,0
14,15,11,1,105.72206387730628,93,53,64,1
0,0,20,26,251.6470209440857,35,30,27,0
0,0,18,28,232.4529064676497,76,66,11,0
8,9,11,14,85.42371316901989,54,22,17,1
19,19,10,24,58.01049357363871,55,71,33,1
5,5,9,1,236.845485333381,21,3,29,0
10,11,8,20,299.6172760132823,23,39,2,0
18,19,2,3,133.6535554384865,2,94,16,1
14,15,21,25,115.43068309769497,22,99,43,1
16,17,7,14,147.20055328710944,3,87,25,1
5,5,3,6,101.15731987097917,68,87,64,1
13,13,3,25,283.09939722058755,38,74,35,0
15,15,18,11,117.8467683239043,50,73,43,1
18,19,19,0,63.45893868062906,59,35,45,1
13,13,12,24,299.0379809985287,5,37,23,0
7,7,10,2,241.97804202940972,55,95,8,0
3,3,4,16,188.02974069520644,38,33,40,0
14,15,18,3,226.33665400078416,75,2,26,0
5,5,11,23,189.6059731488824,16,48,57,0
13,13,8,5,273.17268845886014,41,51,16,0
15,15,3,14,174.87629450660614,59,63,34,0
9,9,5,7,299.23331557379373,45,10,55,0
4,5,15,9,164.1099043330899,86,47,55,0
4,5,0,5,324.0351627047643,69,10,44,0
4,5,6,2,235.81936221294876,9,41,46,0
4,5,2,9,50.61572175111754,73,68,48,1
12,13,0,29,96.87177841409375,81,3,49,1
8,9,21,9,96.86343094273096,67,83,6,1
2,3,6,15,81.59498687992365,21,38,8,1
0,0,15,0,348.1483458020298,45,20,51,0
16,17,8,7,140.38429449421486,42,31,12,1
12,13,22,22,185.02117457684832,87,33,47,0
8,9,2,3,250.99094568150937,16,60,29,0
6,7,2,3,335.5267408362166,41,87,47,0
17,17,18,3,229.99314545730945,69,64,5,0
17,17,19,29,313.87631806790546,91,24,39,0
1,1,17,13,127.7444133338537,75,89,12,1
1,1,7,5,146.65438502813947,18,43,28,1
5,5,6,11,206.91990960519593,58,58,49,0
11,11,14,11,160.49033246264543,48,88,9,0
8,9,20,16,224.78314630918388,50,27,27,0
8,9,15,25,93.71717849086272,84,42,28,1
3,3,22,17,272.54211745065277,26,54,58,0
15,15,10,23,107.68613987781062,64,69,30,1
19,19,22,23,84.25978961236218,0,69,22,1
2,3,4,4,244.32881499936735,56,79,42,0
19,19,7,25,236.199221392384,37,74,36,0
18,19,21,2,266.735895932608,90,46,52,0
17,17,8,15,86.51991323450771,89,2,55,1
19,19,11,16,156.32287681128122,10,47,31,0
3,3,5,4,75.46297179026463,24,95,58,1
18,19,17,25,139.51555516235794,65,98,47,1
4,5,6,19,146.7718664272285,59,19,40,1
1,1,18,8,220.25205157091656,29,26,35,0
15,15,12,22,310.04816894366365,43,2,52,0
10,11,14,14,331.4228123076974,54,24,45,0
2,3,14,19,71.33211399449334,75,96,47,1
9,9,12,11,225.86531474032867,60,86,7,0
9,9,23,15,148.28207186134452,57,92,25,1
15,15,19,24,170.65291658807615,88,15,5,0
7,7,10,9,59.48505308602739,37,42,42,1
14,15,12,7,110.1845746061827,82,67,25,1
14,15,15,16,243.75637607534216,44,64,37,0
2,3,5,24,182.93645807249516,1,28,19,0
11,11,18,11,51.78189698650628,71,90,47,1
5,5,3,13,216.65172323692036,93,46,51,0
3,3,14,29,294.8287358909592,79,26,63,0
10,11,13,24,170.33886077597467,38,53,16,0
4,5,5,15,136.52749887555595,81,92,18,1
13,13,23,18,227.94604912769657,0,42,23,0
15,15,4,16,196.2115443739175,13,39,5,0
11,11,8,5,224.92547389662565,63,80,60,0
13,13,3,29,274.65074533917584,24,5,10,0
14,15,6,25,348.8032698250391,61,55,50,0
2,3,11,5,56.344936075907846,88,53,57,1
8,9,20,14,53.2565559718956,29,44,63,1
3,3,1,28,323.5841536572064,14,28,32,0
9,9,14,3,175.62153491441217,21,5,20,0
5,5,1,28,227.37237126186236,20,20,33,0
1,1,15,17,69.08732339624783,93,23,15,1
16,17,16,1,256.1602241528493,66,31,13,0
2,3,12,28,115.00203872014174,38,51,45,1
19,19,12,26,259.47296972940336,14,36,57,0
1,1,5,16,218.23812292074248,97,38,38,0
8,9,10,7,200.97999063148504,68,28,13,0
3,3,16,27,81.37623727301418,35,90,9,1
3,3,12,29,162.77232515441818,58,86,10,0
18,19,18,0,99.8482151224753,8,93,39,1
15,15,6,2,167.1902432830999,41,41,17,0
6,7,17,14,283.98970227642735,92,71,15,0
15,15,19,4,97.34862134058189,58,5,21,1
3,3,3,28,116.77458583966002,41,78,28,1
11,11,6,19,99.45621487290792,31,26,46,1
8,9,5,21,84.40134419571534,22,97,35,1
12,13,20,16,95.64842119364404,63,96,58,1
3,3,15,12,93.05102954637869,3,12,35,1
16,17,7,14,147.20055328710944,3,87,25,1
3,3,19,1,123.87944646709158,75,8,60,1
8,9,1,4,76.74518258400737,44,31,54,1
2,3,21,28,105.6118197387859,69,46,2,1
10,11,10,6,62.04547153602993,80,50,35,1
6,7,11,8,97.27558863153372,32,53,46,1
6,7,11,21,51.33729360929004,30,83,5,1
13,13,20,28,80.50723849914021,0,10,27,1
6,7,2,29,140.96716208918846,63,8,49,1
15,15,9,7,145.39744849779603,99,83,50,1
16,17,15,3,126.18178114097128,9,83,11,1
15,15,1,24,96.68769212991464,45,1,53,1
0,0,3,9,50.2027019748548,88,8,38,1
10,11,21,5,61.7874532041797,46,19,17,1
4,5,1,24,107.09901576026644,69,82,34,1
14,15,0,23,130.08923288282617,76,35,23,1
12,13,2,12,109.02741269700614,74,9,40,1
17,17,1,4,76.6256604086198,76,58,20,1
4,5,11,16,140.80379314211086,1,87,10,1
12,13,10,24,132.7257217369989,73,5,55,1
4,5,11,1,102.90626717248172,85,5,35,1
5,5,23,24,70.94496467931758,11,4,41,1
0,0,19,20,133.09772846220588,91,52,42,1
1,1,10,13,65.7344721927028,78,78,61,1
4,5,5,29,115.31045712310528,20,77,10,1
14,15,14,19,124.53533714897222,55,78,58,1
12,13,7,23,114.56521555021708,41,12,62,1
0,0,22,11,102.63677098909368,47,65,23,1
11,11,5,11,71.80524723413193,32,95,63,1
13,13,11,29,93.81004556303158,80,70,56,1
6,7,11,8,97.27558863153372,32,53,46,1
10,11,10,28,146.2770696987658,81,30,61,1
18,19,18,14,128.89397861641814,10,87,60,1
10,11,10,16,115.37368228305796,18,53,62,1
13,13,4,6,125.0268899223223,16,11,4,1
10,11,17,26,124.56877485355622,81,67,40,1
0,0,7,14,100.09190961021352,7,78,43,1
3,3,5,12,107.74809239504928,81,45,62,1
5,5,6,10,52.77883721978818,16,76,41,1
19,19,16,8,130.33138462078617,82,81,10,1
4,5,6,19,146.7718664272285,59,19,40,1
7,7,11,20,102.32847504622484,59,52,20,1
15,15,10,2,62.02282111700428,27,12,3,1
13,13,10,22,100.3367761483476,10,96,51,1
0,0,20,22,137.27502098824715,65,97,10,1
0,0,0,21,121.89047537781482,52,49,2,1
9,9,15,20,81.92018566583326,54,35,13,1
4,5,2,15,144.9081944014698,85,42,51,1
9,9,11,26,111.02906801742736,70,93,39,1
4,5,1,29,138.64745863968977,9,59,20,1
0,0,18,28,99.14105518284492,97,66,20,1
15,15,16,5,95.89635401064552,4,16,25,1
2,3,11,15,100.4863239611718,71,79,37,1
10,11,5,23,127.3885083656644,48,14,11,1
1,1,15,17,69.08732339624783,93,23,15,1
7,7,9,0,113.14357456537954,90,74,48,1
5,5,5,23,298.2912781630388,4,92,55,1
3,3,5,14,132.02335330227444,3,30,15,1
4,5,1,29,138.64745863968977,9,59,20,1
9,9,5,0,54.21384103819877,28,77,30,1
0,0,2,7,135.76808865490543,73,48,4,1
13,13,10,22,100.3367761483476,10,96,51,1
18,19,19,11,64.96732460487688,36,3,38,1
1,1,17,13,127.7444133338537,75,89,12,1
15,15,0,12,75.20843266232518,63,92,29,1
11,11,0,5,74.66706003639251,40,36,21,1
14,15,3,29,90.05622099927963,10,46,23,1
8,9,7,13,102.41251426734948,36,32,33,1
9,9,17,20,69.35912946793596,59,58,33,1
2,3,12,14,65.59431892504224,1,0,16,1
13,13,19,3,63.83075809688368,12,48,39,1
13,13,11,1,59.38962924678104,18,72,46,1
10,11,14,22,91.6935247963032,85,42,53,1
19,19,17,15,130.5553157539001,0,1,35,1
8,9,5,21,84.40134419571534,22,97,35,1
7,7,16,23,141.85289445471045,94,1,31,1
18,19,16,1,122.9156057521312,66,97,54,1
4,5,14,11,72.15892638594866,20,57,12,1
16,17,10,23,119.7690279473527,96,20,25,1
1,1,10,13,116.22941919922752,5,21,16,1
14,15,0,22,64.32140393051927,8,44,17,1
17,17,13,6,84.26697302618092,88,42,35,1
8,9,21,1,124.21025940780464,64,71,44,1
1,1,0,18,50.96428441158933,88,18,53,1
8,9,4,4,132.80754133564713,76,9,13,1
14,15,11,1,105.72206387730628,93,53,64,1
19,19,16,8,130.33138462078617,82,81,10,1
5,5,22,20,146.12848593331307,90,95,64,1
15,15,1,14,83.65921171932003,14,56,49,1
12,13,17,8,72.02148472971125,30,80,50,1
9,9,5,20,139.8813055975342,13,42,27,1
10,11,13,15,98.93154762493344,4,76,50,1
9,9,15,21,71.40996965817962,14,36,41,1
12,13,23,21,255.18537215271957,5,79,39,1
7,7,15,4,70.16234100535608,69,93,2,1
7,7,9,8,149.6918891940986,95,82,46,1
13,13,20,28,80.50723849914021,0,10,27,1
7,7,19,6,140.61019875469665,21,84,10,1
11,11,14,17,100.90767900762448,60,5,14,1
7,7,13,2,123.13809900036355,61,48,2,1
0,0,6,7,70.51889409531688,37,36,8,1
4,5,17,5,145.7696459655211,89,37,55,1
18,19,18,21,115.93596488517724,99,81,16,1
11,11,4,19,59.2785904462741,31,50,57,1
15,15,16,13,101.83729615287366,89,74,40,1
17,17,6,19,136.7493538134204,39,57,44,1
17,17,10,15,99.35455651864984,41,0,17,1
12,13,11,22,68.47575047425804,60,36,48,1
5,5,6,10,52.77883721978818,16,76,41,1
11,11,16,27,201.78353236684035,6,62,41,1
2,3,7,1,145.1882336852371,81,45,41,1
7,7,12,21,139.24381458326,55,10,40,1
15,15,0,12,75.20843266232518,63,92,29,1
16,17,11,24,123.11716767887047,73,86,26,1
5,5,1,25,84.57940795529046,23,16,52,1
2,3,19,29,146.5796716646073,79,21,20,1
18,19,1,7,57.68724110789898,36,95,51,1
9,9,0,4,115.2546584301102,35,87,28,1
18,19,19,26,104.76312931049426,28,23,2,1
19,19,23,7,72.87813074471515,19,64,42,1
18,19,7,5,106.70027529921438,90,13,3,1
11,11,1,1,80.16490734078924,87,87,56,1
8,9,14,10,94.5098390002057,45,63,3,1
1,1,4,29,98.78718149005856,29,77,38,1
12,13,21,6,59.25241674796183,48,59,59,1
16,17,11,24,123.11716767887047,73,86,26,1
1,1,15,25,55.46282967969736,50,81,29,1
13,13,11,26,135.99087682671492,58,66,53,1
18,19,18,0,99.8482151224753,8,93,39,1
9,9,5,0,54.21384103819877,28,77,30,1
17,17,14,2,109.71553509756598,94,21,35,1
7,7,16,16,144.89846482721865,93,65,44,1
4,5,8,5,70.8084766767395,4,98,26,1
7,7,21,29,50.29269893777191,72,31,24,1
13,13,2,5,50.33276208028346,48,23,21,1
10,11,6,15,115.8866571402094,15,29,13,1
13,13,19,8,58.43496733005862,38,12,64,1
3,3,19,1,123.87944646709158,75,8,60,1
17,17,1,19,126.3039160909518,82,54,22,1
11,11,6,19,99.45621487290792,31,26,46,1
8,9,6,29,79.63696410839603,76,89,28,1
3,3,5,12,107.74809239504928,81,45,62,1
9,9,1,27,117.74128007450967,99,6,57,1
10,11,16,23,105.07310118262691,30,10,10,1
0,0,20,3,83.39980996937531,40,55,14,1
18,19,23,19,101.033570362604,55,51,38,1
17,17,6,19,136.7493538134204,39,57,44,1
3,3,7,7,118.2070701571321,85,78,32,1
6,7,17,27,137.7256793087362,15,34,55,1
2,3,23,27,111.47932933929556,5,62,55,1
2,3,9,29,80.79447030020917,8,55,64,1
12,13,7,5,57.79806319708855,25,39,34,1
2,3,14,19,71.33211399449334,75,96,47,1
3,3,3,4,133.21235016452263,31,99,56,1
15,15,21,0,128.5696583760461,96,93,13,1
16,17,6,22,122.55752046318132,44,10,42,1
0,0,21,25,139.406302720572,89,7,5,1
12,13,22,1,109.19625762398726,22,66,21,1
5,5,22,24,71.26613084888336,46,47,48,1
19,19,17,15,130.5553157539001,0,1,35,1
0,0,23,7,69.44397649253608,8,94,46,1
16,17,19,5,93.24843926028716,77,58,17,1
18,19,19,25,56.383456683249,63,25,36,1
4,5,23,11,114.56309529453404,29,94,17,1
3,3,16,16,51.30200010774209,4,11,2,1
7,7,14,9,147.67725417612658,39,87,30,1
17,17,9,23,67.90168429847688,38,45,51,1
5,5,5,24,126.07769602734932,55,48,20,1
2,3,15,20,128.1852180457081,98,94,50,1
17,17,10,15,99.35455651864984,41,0,17,1
1,1,14,6,104.00880089282684,48,13,1,1
1,1,4,28,73.89315749582407,76,78,20,1
7,7,13,18,88.66314074807985,93,95,32,1
12,13,1,9,104.3554657519151,76,60,55,1
7,7,12,5,144.88064314132026,37,9,21,1
3,3,16,27,81.37623727301418,35,90,9,1
9,9,1,0,95.1861394405146,26,89,46,1
10,11,15,11,93.69184648820472,72,18,22,1
18,19,18,9,54.89234812846343,56,61,31,1
12,13,17,8,72.02148472971125,30,80,50,1
0,0,19,17,124.46641001663804,40,20,61,1
8,9,17,0,136.09805020687205,73,25,2,1
7,7,13,11,116.08586549570047,86,17,11,1
19,19,11,23,127.92309809069056,69,18,36,1
3,3,6,4,132.65776534744023,28,44,6,1
15,15,9,19,148.4056857530131,44,13,51,1
2,3,7,2,55.71657301414984,62,92,51,1
10,11,19,19,99.83635767830026,6,55,7,1
13,13,16,12,53.66828998916717,49,55,48,1
8,9,3,25,57.91300865772742,8,90,31,1
4,5,11,16,140.80379314211086,1,87,10,1
8,9,11,14,85.42371316901989,54,22,17,1
6,7,20,9,79.90455408906669,82,85,28,1
19,19,10,24,58.01049357363871,55,71,33,1
1,1,16,19,107.52610162449416,70,8,2,1
0,0,15,23,73.23138398866904,99,59,31,1
16,17,9,21,92.50029819525643,27,42,56,1
11,11,6,18,96.75687197982953,3,89,12,1
7,7,23,23,86.75872727434827,13,41,44,1
0,0,15,18,139.5711385367241,22,5,39,1
3,3,5,13,135.31592962275028,73,92,65,1
4,5,5,6,81.9377321912438,66,54,41,1
9,9,7,29,124.82713601844029,20,62,44,1
6,7,10,23,57.315218286466894,5,42,14,1
14,15,3,29,90.05622099927963,10,46,23,1
7,7,15,17,116.62922881806792,54,29,31,1
13,13,23,25,143.77812071779852,68,33,35,1
16,17,0,22,131.85659744471283,18,72,37,1
4,5,11,7,63.51280885157754,73,97,64,1
19,19,20,6,136.87172024651335,47,26,20,1
11,11,18,0,89.16398672271794,69,8,41,1
7,7,8,21,111.8200313433808,76,57,11,1
6,7,2,29,140.96716208918846,63,8,49,1
13,13,16,12,53.66828998916717,49,55,48,1
17,17,21,7,80.81414598858714,74,41,56,1
9,9,4,2,63.88729909153346,38,10,13,1
9,9,18,8,146.0730529581036,72,37,31,1
7,7,4,12,123.29816985581049,46,65,47,1
13,13,2,27,75.38136743279706,30,98,47,1
11,11,7,23,85.5225921127506,82,61,34,1
14,15,11,23,149.3959787731227,60,3,29,1
18,19,19,26,104.76312931049426,28,23,2,1
16,17,17,9,51.86572049109588,75,75,3,1
7,7,14,5,144.29054410184975,62,65,53,1
6,7,10,6,102.52606125614209,25,20,13,1
10,11,0,23,86.48934672744909,71,57,29,1
2,3,1,4,83.44796332487519,52,54,16,1
14,15,9,8,136.0374359233921,50,25,54,1
8,9,17,23,144.10138638215838,86,48,51,1
8,9,3,28,125.89130475019242,10,0,62,1
19,19,19,25,73.59561083687805,48,37,8,1
3,3,1,28,70.47040760605385,38,66,51,1
9,9,2,17,98.86030721926636,7,26,42,1
8,9,5,21,84.40134419571534,22,97,35,1
4,5,13,5,56.035739569628376,50,98,38,1
1,1,22,26,119.25586979244214,53,85,25,1
19,19,9,0,65.53516797757051,9,16,49,1
13,13,20,22,279.6987922256616,4,86,51,1
12,13,8,24,136.3954014139752,52,43,65,1
8,9,22,14,136.81550366253822,86,91,43,1
16,17,7,14,147.20055328710944,3,87,25,1
0,0,13,29,94.1495198260514,95,97,8,1
10,11,2,6,138.8119619130347,77,7,23,1
8,9,4,4,132.80754133564713,76,9,13,1
7,7,9,8,149.6918891940986,95,82,46,1
14,15,5,27,109.89882651700252,62,61,50,1
10,11,6,15,115.8866571402094,15,29,13,1
16,17,18,21,128.011055430678,61,25,34,1
15,15,14,9,105.63663530680368,47,86,35,1
2,3,14,19,71.33211399449334,75,96,47,1
15,15,23,27,112.12410141435576,98,17,10,1
13,13,9,26,142.61728625266363,41,50,23,1
16,17,5,19,50.92237718652686,91,29,10,1
17,17,6,23,63.89439500912803,78,79,3,1
13,13,0,21,133.9373421522653,92,14,27,1
13,13,7,28,68.28252198898494,43,1,6,1
3,3,18,1,140.95762060532343,75,46,29,1
3,3,5,12,55.87603620587019,25,91,6,1
14,15,0,2,80.86312829689469,79,27,58,1
16,17,0,23,82.15680660380504,56,20,37,1
17,17,12,20,126.58772003229345,93,30,55,1
11,11,14,17,100.90767900762448,60,5,14,1
15,15,9,26,127.58497713544786,11,40,54,1
0,0,18,28,99.14105518284492,97,66,20,1
15,15,1,16,55.44212605416712,16,44,37,1
1,1,13,8,87.25417443665877,19,81,1,1
11,11,5,11,71.80524723413193,32,95,63,1
6,7,22,17,61.538292310605634,39,39,29,1
12,13,22,29,96.11958168089232,42,94,4,1
14,15,17,18,51.00871897113254,69,99,52,1
11,11,8,10,90.72376578962223,24,62,3,1
16,17,6,20,74.9091343207463,42,12,11,1
13,13,16,3,127.669210059524,95,81,36,1
9,9,2,15,71.40814251709821,98,90,15,1
9,9,10,19,71.34321077475899,80,68,16,1
4,5,18,9,147.71092308307067,38,2,51,1
10,11,21,5,61.7874532041797,46,19,17,1
6,7,14,29,76.36776544680781,41,67,52,1
4,5,4,21,82.09938554469319,7,68,41,1
3,3,16,27,81.37623727301418,35,90,9,1
10,11,22,15,135.0891090972735,3,63,24,1
15,15,4,27,130.7206766448458,15,86,15,1
8,9,20,14,53.2565559718956,29,44,63,1
13,13,20,4,65.8342212019157,43,39,23,1
5,5,1,4,85.73370257583693,19,86,55,1
9,9,1,20,96.35789906533648,78,32,35,1
3,3,13,8,131.98789100509086,80,87,2,1
4,5,22,4,107.04133909398418,28,5,36,1
14,15,11,23,149.3959787731227,60,3,29,1
9,9,15,21,71.40996965817962,14,36,41,1
6,7,11,9,118.76432881086578,7,43,63,1
9,9,19,19,135.86984619169655,56,98,50,1
5,5,4,16,64.29326274347382,38,54,42,1
5,5,18,7,50.27580588244847,39,31,46,1
8,9,23,12,55.851215174512504,39,88,41,1
18,19,18,14,128.89397861641814,10,87,60,1
16,17,22,28,54.98329445244313,86,3,28,1
19,19,19,26,112.50843919561854,62,75,17,1
19,19,0,6,69.10391146274762,34,12,34,1
9,9,3,25,135.96095484522775,20,72,30,1
1,1,19,25,66.78132260400656,74,66,27,1
12,13,1,2,51.7540905604197,86,95,7,1
14,15,7,25,141.06097567094554,43,65,18,1
10,11,19,19,99.83635767830026,6,55,7,1
7,7,21,12,97.48927205177276,94,39,58,1
18,19,8,23,86.11065108016653,4,2,36,1
15,15,21,11,84.44121043388196,0,15,24,1
11,11,11,23,61.21131534783062,51,74,9,1
14,15,19,3,69.10751190159895,7,53,23,1
15,15,21,24,98.6574819384953,74,8,1,1
10,11,14,22,91.6935247963032,85,42,53,1
12,13,3,2,68.30994192172946,14,61,20,1
15,15,19,4,97.34862134058189,58,5,21,1
13,13,0,21,133.9373421522653,92,14,27,1
17,17,11,4,109.1962077067955,0,9,10,1
19,19,5,20,118.38604867757336,45,30,19,1
14,15,17,18,51.00871897113254,69,99,52,1
11,11,0,0,76.1961906060854,45,64,28,1
3,3,6,6,132.1442877077328,77,60,43,1
5,5,6,10,52.77883721978818,16,76,41,1
9,9,4,16,99.19838887828324,7,79,55,1
19,19,16,8,130.33138462078617,82,81,10,1
16,17,13,19,58.01477202478471,86,49,17,1
0,0,9,25,124.67270546941376,40,67,31,1
11,11,14,2,62.457117906387595,85,0,62,1
6,7,9,27,115.02852092838086,47,83,51,1
17,17,11,5,108.8962145131604,12,84,8,1
6,7,11,21,51.33729360929004,30,83,5,1
5,5,4,16,64.29326274347382,38,54,42,1
2,3,6,29,128.87023874395138,71,63,41,1
16,17,19,5,93.24843926028716,77,58,17,1
14,15,0,22,64.32140393051927,8,44,17,1
18,19,3,18,134.39652363078048,96,16,5,1
7,7,13,2,123.13809900036355,61,48,2,1
5,5,23,16,105.4114070062348,76,11,15,1
9,9,20,7,140.71588744417397,42,68,1,1
9,9,6,18,95.98697515776304,76,93,31,1
7,7,14,9,147.67725417612658,39,87,30,1
14,15,21,13,133.76747079045467,83,21,50,1
3,3,1,13,103.45573611342252,57,4,54,1
12,13,7,5,105.24594092539758,85,80,62,1
6,7,6,27,119.7977237304313,78,94,46,1
3,3,16,27,81.37623727301418,35,90,9,1
19,19,15,23,107.06332574146256,1,87,15,1
4,5,8,5,70.8084766767395,4,98,26,1
17,17,13,15,76.07884598119844,25,41,54,1
13,13,11,29,93.81004556303158,80,70,56,1
16,17,21,5,106.23106090133602,94,43,62,1
16,17,13,19,58.01477202478471,86,49,17,1
7,7,8,16,75.51876738082262,99,92,52,1
11,11,2,26,125.2803728536865,27,17,41,1
15,15,1,16,55.44212605416712,16,44,37,1
0,0,20,3,83.39980996937531,40,55,14,1
9,9,15,23,112.44923882679107,19,0,19,1
15,15,9,21,123.2871122673772,78,62,44,1
3,3,7,7,118.2070701571321,85,78,32,1
12,13,11,13,103.80573025445314,11,74,30,1
15,15,17,20,50.21623271330691,3,65,29,1
15,15,18,19,73.82215355525527,41,42,1,1
16,17,9,29,95.31922847748204,36,86,22,1
17,17,22,1,93.0621739108398,8,90,40,1
2,3,3,26,90.27951025046625,63,16,39,1
0,0,21,14,63.464922830966785,86,65,15,1
13,13,2,27,75.38136743279706,30,98,47,1
4,5,4,27,133.63424363567978,22,83,50,1
15,15,10,23,107.68613987781062,64,69,30,1
17,17,16,0,81.56534807505287,34,11,28,1
3,3,10,29,115.98831721591267,30,83,16,1
10,11,21,29,73.41473117568607,73,40,9,1
15,15,0,21,93.13788757461892,90,69,30,1
0,0,0,21,121.89047537781482,52,49,2,1
14,15,22,4,50.339323574452656,71,15,1,1
19,19,0,6,69.10391146274762,34,12,34,1
14,15,21,13,133.76747079045467,83,21,50,1
2,3,9,17,110.89822861293506,14,34,6,1
12,13,10,4,142.84150261984058,71,75,6,1
2,3,20,9,96.56593370149535,25,36,28,1
1,1,19,10,143.14432889443938,77,64,13,1
4,5,1,29,138.64745863968977,9,59,20,1
4,5,14,13,118.70121285737646,76,7,2,1
7,7,17,17,59.82324339813875,7,95,55,1
10,11,18,1,86.2255555404173,87,81,39,1
15,15,14,25,124.07614822744776,4,39,35,1
6,7,9,27,115.02852092838086,47,83,51,1
11,11,3,0,135.94634380499494,33,59,17,1
13,13,7,28,68.28252198898494,43,1,6,1
10,11,18,14,135.99619350636095,35,91,50,1
16,17,1,4,146.22640086137923,1,6,15,1
8,9,7,23,123.32053035242396,80,29,57,1
7,7,13,2,123.13809900036355,61,48,2,1
9,9,19,23,145.4991052948386,41,31,26,1
10,11,14,29,117.5556427884397,46,75,48,1
7,7,5,2,90.00733139188667,45,64,41,1
16,17,21,5,106.23106090133602,94,43,62,1
16,17,0,22,131.85659744471283,18,72,37,1
8,9,5,8,111.46265633618512,37,71,45,1
18,19,19,11,84.53209740021677,1,26,64,1
5,5,2,18,88.03648926900013,54,32,10,1
6,7,14,8,137.60152310733912,3,96,10,1
8,9,17,23,144.10138638215838,86,48,51,1
16,17,23,12,126.65295110591389,33,83,63,1
14,15,17,17,60.260693872210695,74,22,34,1
7,7,9,0,113.14357456537954,90,74,48,1
0,0,20,26,81.24348691719135,35,52,24,1
0,0,16,15,116.36117532314616,89,45,44,1
7,7,10,22,121.77707566564764,26,85,32,1
0,0,23,7,69.44397649253608,8,94,46,1
14,15,17,7,149.90449198445805,98,0,1,1
13,13,7,28,68.28252198898494,43,1,6,1
19,19,21,17,75.36664706268425,33,36,3,1
3,3,15,0,109.60083688109926,58,67,2,1
17,17,13,6,84.26697302618092,88,42,35,1
17,17,20,0,63.76044531398507,72,66,53,1
19,19,13,3,81.29640227761081,50,32,30,1
1,1,5,8,104.31657804155594,65,46,62,1
12,13,1,12,97.96307441463333,94,33,16,1
4,5,17,21,137.94998361128003,23,36,40,1
16,17,19,28,62.51066710058043,0,85,44,1
14,15,10,25,53.40051963577647,68,33,14,1
15,15,19,16,83.9958477063893,37,19,37,1
15,15,9,28,91.8377331667276,42,95,27,1
19,19,15,18,70.43266640763014,4,11,36,1
10,11,18,1,86.2255555404173,87,81,39,1
14,15,18,4,110.0460278148742,50,86,41,1
2,3,7,1,145.1882336852371,81,45,41,1
6,7,2,29,140.96716208918846,63,8,49,1
14,15,7,22,127.84061672340536,34,19,52,1
3,3,13,15,63.11875438693166,72,43,50,1
7,7,5,28,57.708003441448064,32,89,10,1
16,17,9,21,92.50029819525643,27,42,56,1
4,5,19,16,97.79686893509918,97,29,13,1
0,0,9,4,68.32985505117347,41,58,13,1
12,13,8,27,70.83623293870863,66,16,19,1
17,17,13,8,112.68204948434784,30,83,43,1
15,15,4,5,82.70112348274417,63,97,2,1
15,15,17,20,50.21623271330691,3,65,29,1
11,11,0,0,76.1961906060854,45,64,28,1
15,15,1,16,55.44212605416712,16,44,37,1
1,1,22,26,119.25586979244214,53,85,25,1
9,9,2,13,100.19287755286788,32,78,42,1
0,0,3,9,50.2027019748548,88,8,38,1
9,9,19,14,93.90812923213736,7,42,16,1
4,5,22,8,78.92863311725296,52,69,23,1
10,11,7,0,83.84373611777943,78,98,13,1
13,13,12,2,126.302731419227,43,34,17,1
3,3,4,5,59.38813651993387,35,2,47,1
13,13,7,22,126.44040104983618,97,7,51,1
0,0,18,27,230.761998725172,8,93,24,1
7,7,19,6,140.61019875469665,21,84,10,1
6,7,11,21,51.33729360929004,30,83,5,1
8,9,12,26,110.8494805821742,10,79,14,1
16,17,8,7,140.38429449421486,42,31,12,1
15,15,2,1,130.18558476928845,52,97,64,1
15,15,3,24,209.45230038981532,1,76,11,1
15,15,1,16,55.44212605416712,16,44,37,1
3,3,20,27,63.96415951708413,75,8,58,1
19,19,15,18,70.43266640763014,4,11,36,1
16,17,13,19,58.01477202478471,86,49,17,1
11,11,4,19,59.2785904462741,31,50,57,1
19,19,17,13,103.1298480296577,1,2,29,1
19,19,6,23,141.6738543351928,74,93,55,1
13,13,19,16,141.91149252426374,54,68,51,1
14,15,4,14,93.80557163488528,32,85,48,1
4,5,9,1,142.08638634491163,51,30,35,1
9,9,5,5,73.37549774367737,17,86,1,1
18,19,3,9,100.35204146213006,3,57,59,1
12,13,23,6,95.73572369685397,54,23,56,1
15,15,10,24,136.2171993200174,83,58,8,1
5,5,17,17,102.43199797318222,30,51,32,1
6,7,10,29,130.62604272707404,63,62,62,1
5,5,14,20,304.5342184224617,9,63,30,1
14,15,7,16,132.90247362264586,15,4,49,1
14,15,6,19,60.121470879470806,35,5,65,1
12,13,15,4,85.35820370069447,29,55,30,1
2,3,5,6,148.66043153720335,6,5,62,1
17,17,13,15,76.07884598119844,25,41,54,1
15,15,10,2,62.02282111700428,27,12,3,1
5,5,10,11,105.58423059526392,5,18,53,1
3,3,15,14,85.22287997997732,17,87,22,1
0,0,9,4,68.32985505117347,41,58,13,1
7,7,16,23,141.85289445471045,94,1,31,1
4,5,2,9,50.61572175111754,73,68,48,1
10,11,21,12,74.64241304441896,60,0,33,1
3,3,7,20,126.90028413341932,59,15,43,1
18,19,21,27,77.80785153368991,23,29,54,1
12,13,8,27,70.83623293870863,66,16,19,1
16,17,14,22,105.202499279353,61,71,46,1
6,7,14,29,76.36776544680781,41,67,52,1
8,9,12,26,110.8494805821742,10,79,14,1
14,15,19,21,78.97653030456262,95,52,3,1
17,17,22,10,120.49566271491716,93,15,13,1
7,7,12,5,144.88064314132026,37,9,21,1
0,0,10,1,54.256121577022185,75,27,53,1
8,9,15,25,93.71717849086272,84,42,28,1
0,0,0,21,121.89047537781482,52,49,2,1
1,1,2,6,108.9483613677571,69,21,44,1
6,7,6,27,119.7977237304313,78,94,46,1
16,17,9,11,57.43484395760225,71,98,11,1
19,19,3,13,54.36179610330364,16,1,12,1
9,9,2,17,98.86030721926636,7,26,42,1
19,19,20,6,136.87172024651335,47,26,20,1
9,9,1,20,96.35789906533648,78,32,35,1
3,3,16,16,51.30200010774209,4,11,2,1
17,17,17,12,106.54930091334396,48,12,18,1
15,15,9,19,148.4056857530131,44,13,51,1
2,3,20,9,96.56593370149535,25,36,28,1
14,15,4,14,93.80557163488528,32,85,48,1
18,19,3,24,126.6934240105675,83,73,55,1
19,19,17,19,120.90494353054352,13,73,36,1
0,0,9,4,68.32985505117347,41,58,13,1
9,9,6,18,95.98697515776304,76,93,31,1
17,17,10,15,99.35455651864984,41,0,17,1
3,3,18,1,140.95762060532343,75,46,29,1
14,15,7,25,139.2764690801576,73,4,25,1
14,15,0,2,80.86312829689469,79,27,58,1
7,7,8,21,111.8200313433808,76,57,11,1
2,3,9,3,133.66901766795647,1,42,6,1
5,5,4,16,74.26824936888646,6,43,63,1
1,1,5,1,66.98266426777063,53,79,16,1
0,0,5,4,112.06693020186806,12,94,54,1
0,0,8,3,117.7163939282008,53,95,52,1
6,7,9,25,90.04359626734318,97,5,43,1
19,19,13,3,81.29640227761081,50,32,30,1
12,13,13,24,116.583514839798,13,0,35,1
18,19,13,22,67.28470209011526,85,72,41,1
19,19,20,6,136.87172024651335,47,26,20,1
8,9,22,14,136.81550366253822,86,91,43,1
4,5,19,28,95.42114504807292,25,24,46,1
19,19,19,0,94.10986500819472,80,90,58,1
16,17,6,22,122.55752046318132,44,10,42,1
3,3,5,28,134.06823292167573,54,81,42,1
19,19,18,22,84.56083060883707,11,58,12,1
14,15,3,12,121.34272802297698,13,84,3,1
13,13,19,3,63.83075809688368,12,48,39,1
1,1,4,10,110.13240132610814,10,97,1,1
10,11,0,23,73.72151523561939,32,23,60,1
17,17,17,1,62.30119311727056,82,27,27,1
7,7,14,17,74.77373599761584,0,30,38,1
6,7,11,8,113.66137265967411,69,37,18,1
19,19,10,19,59.8669516328165,34,13,41,1
5,5,3,6,101.15731987097917,68,87,64,1
17,17,8,28,134.6504697819954,44,14,59,1
14,15,11,23,149.3959787731227,60,3,29,1
10,11,20,2,92.2179050035542,7,6,45,1
4,5,4,27,133.63424363567978,22,83,50,1
12,13,23,21,255.18537215271957,5,79,39,1
10,11,14,13,53.57435346919398,77,60,26,1
7,7,5,2,90.00733139188667,45,64,41,1
1,1,15,10,84.56045255900862,91,59,21,1
7,7,10,20,127.97296058346132,50,18,63,1
11,11,8,10,90.72376578962223,24,62,3,1
0,0,23,16,72.44395981876359,76,97,28,1
1,1,5,5,103.48145121419743,6,63,5,1
7,7,9,0,113.14357456537954,90,74,48,1
13,13,17,17,83.36401860731334,53,56,33,1
0,0,7,14,100.09190961021352,7,78,43,1
15,15,17,1,141.10472801863213,13,10,60,1
19,19,4,6,133.8982871122103,90,35,49,1
4,5,14,11,72.15892638594866,20,57,12,1
1,1,2,6,108.9483613677571,69,21,44,1
12,13,7,5,57.79806319708855,25,39,34,1
5,5,7,11,139.82311409034654,95,70,12,1
5,5,17,17,102.43199797318222,30,51,32,1
18,19,23,1,82.15195151634667,42,10,17,1
1,1,12,27,143.67309541500603,86,95,61,1
6,7,11,8,97.27558863153372,32,53,46,1
12,13,23,21,255.18537215271957,5,79,39,1
13,13,2,5,50.33276208028346,48,23,21,1
7,7,2,12,104.7312671241844,50,28,45,1
18,19,11,9,52.635646461611216,1,13,20,1
19,19,15,23,107.06332574146256,1,87,15,1
18,19,18,14,128.89397861641814,10,87,60,1
4,5,17,5,145.7696459655211,89,37,55,1
16,17,11,24,123.11716767887047,73,86,26,1
5,5,4,6,51.194151724093985,71,31,4,1
3,3,5,10,91.60604274043652,10,90,16,1
7,7,0,19,63.27465908576413,60,91,24,1
12,13,7,5,57.79806319708855,25,39,34,1
9,9,19,23,145.4991052948386,41,31,26,1
0,0,1,23,58.17618591872442,75,79,6,1
16,17,16,18,70.24991719438907,98,76,58,1
4,5,2,9,50.61572175111754,73,68,48,1
8,9,21,1,124.21025940780464,64,71,44,1
2,3,14,20,99.33200708709968,10,88,60,1
14,15,5,27,109.89882651700252,62,61,50,1
9,9,19,19,135.86984619169655,56,98,50,1
5,5,10,11,105.58423059526392,5,18,53,1
12,13,17,8,72.02148472971125,30,80,50,1
17,17,5,21,141.90147331385816,90,54,39,1
14,15,11,23,149.3959787731227,60,3,29,1
9,9,23,19,50.76632633587688,4,30,44,1
14,15,7,22,127.84061672340536,34,19,52,1
11,11,10,17,139.05057730634772,34,69,60,1
17,17,13,6,84.26697302618092,88,42,35,1
4,5,19,28,95.42114504807292,25,24,46,1
17,17,1,4,76.6256604086198,76,58,20,1
7,7,6,22,83.08300959169775,29,61,50,1
12,13,7,23,114.56521555021708,41,12,62,1
13,13,11,1,59.38962924678104,18,72,46,1
18,19,7,8,105.93462722290003,15,84,60,1
0,0,16,15,116.36117532314616,89,45,44,1
0,0,9,28,119.43194406258525,7,95,36,1
9,9,4,5,117.28542977816949,58,89,25,1
1,1,1,6,138.50862887227095,30,46,8,1
12,13,11,22,68.47575047425804,60,36,48,1
9,9,1,0,95.1861394405146,26,89,46,1
12,13,1,9,104.3554657519151,76,60,55,1
12,13,16,11,75.07977173765808,59,82,22,1
4,5,17,21,137.94998361128003,23,36,40,1
11,11,18,4,60.493560773995334,79,88,29,1
7,7,23,17,116.2338029516229,36,33,25,1
10,11,22,15,135.0891090972735,3,63,24,1
6,7,11,8,97.27558863153372,32,53,46,1
13,13,12,2,126.302731419227,43,34,17,1
13,13,2,18,81.34478929436264,81,33,40,1
9,9,23,7,140.39419251311458,13,86,4,1
15,15,9,21,123.2871122673772,78,62,44,1
2,3,19,29,146.5796716646073,79,21,20,1
19,19,6,23,141.6738543351928,74,93,55,1
12,13,16,11,75.07977173765808,59,82,22,1
16,17,2,27,71.57997755717149,16,15,3,1
14,15,9,12,104.94156544070567,52,17,16,1
10,11,14,22,91.6935247963032,85,42,53,1
8,9,22,14,136.81550366253822,86,91,43,1
5,5,18,7,50.27580588244847,39,31,46,1
14,15,20,19,104.454925573466,76,26,58,1
18,19,16,3,66.68651602280156,45,16,29,1
6,7,2,5,149.6358878828041,60,23,65,1
7,7,4,17,91.525286545905,62,65,14,1
9,9,3,25,135.96095484522775,20,72,30,1
0,0,20,26,81.24348691719135,35,52,24,1
2,3,17,28,149.73498960198137,9,18,45,1
3,3,5,14,132.02335330227444,3,30,15,1
14,15,7,25,141.06097567094554,43,65,18,1
19,19,18,22,84.56083060883707,11,58,12,1
6,7,19,0,54.772139848111145,37,5,40,1
19,19,18,0,106.20032692161038,77,83,20,1
16,17,9,28,148.04926449560654,14,91,45,1
3,3,13,16,68.13284050206742,73,84,46,1
19,19,2,13,51.17107917010589,83,53,40,1
17,17,9,23,67.90168429847688,38,45,51,1
13,13,11,26,135.99087682671492,58,66,53,1
15,15,9,19,148.4056857530131,44,13,51,1
6,7,0,0,140.83171852533985,5,76,63,1
17,17,1,4,76.6256604086198,76,58,20,1
17,17,4,21,275.3104380100824,7,67,40,1
6,7,22,17,61.538292310605634,39,39,29,1
0,0,14,5,85.82641295551645,48,77,13,1
16,17,17,9,51.86572049109588,75,75,3,1
5,5,10,14,93.8749120643233,98,98,34,1
4,5,14,11,72.15892638594866,20,57,12,1
5,5,5,23,298.2912781630388,4,92,55,1
17,17,1,19,126.3039160909518,82,54,22,1
16,17,0,23,82.15680660380504,56,20,37,1
14,15,5,28,138.72175238585598,20,68,26,1
0,0,5,20,59.39951538342583,96,49,27,1
10,11,9,10,83.39848821770684,69,95,17,1
1,1,1,17,85.46194209159084,83,10,22,1
9,9,0,4,115.2546584301102,35,87,28,1
2,3,12,4,61.738808865664375,65,69,40,1
16,17,0,23,82.15680660380504,56,20,37,1
13,13,11,26,135.99087682671492,58,66,53,1
4,5,7,9,52.702718307436314,52,47,26,1
18,19,21,27,77.80785153368991,23,29,54,1
3,3,15,24,113.84526742861762,76,49,20,1
3,3,13,15,63.11875438693166,72,43,50,1
6,7,17,2,81.18308601910465,66,29,45,1
17,17,12,20,126.58772003229345,93,30,55,1
19,19,13,2,68.95454151588024,64,21,34,1
3,3,15,14,85.22287997997732,17,87,22,1
15,15,4,6,86.37693222292086,54,16,14,1
7,7,14,5,144.29054410184975,62,65,53,1
10,11,14,29,117.5556427884397,46,75,48,1
12,13,23,21,255.18537215271957,5,79,39,1
5,5,11,21,215.24428974851403,8,82,34,1
7,7,11,19,50.33509075021008,76,83,32,1
14,15,11,23,149.3959787731227,60,3,29,1
4,5,19,16,97.79686893509918,97,29,13,1
8,9,20,14,53.2565559718956,29,44,63,1
4,5,17,21,137.94998361128003,23,36,40,1
7,7,16,23,141.85289445471045,94,1,31,1
2,3,11,5,56.344936075907846,88,53,57,1
1,1,22,26,119.25586979244214,53,85,25,1
4,5,5,29,115.31045712310528,20,77,10,1
3,3,13,17,53.36359341421891,37,90,64,1
9,9,18,26,170.16031036866508,4,77,56,1
14,15,17,17,60.260693872210695,74,22,34,1
16,17,5,25,139.0911706267259,60,4,17,1
3,3,19,1,123.87944646709158,75,8,60,1
2,3,14,21,139.08830650341076,5,30,32,1
0,0,20,3,83.39980996937531,40,55,14,1
3,3,22,4,112.11143889161778,87,99,49,1
0,0,22,14,113.52884266233046,31,44,21,1
8,9,7,23,123.32053035242396,80,29,57,1
14,15,3,29,90.05622099927963,10,46,23,1
8,9,19,14,111.18812535123207,77,51,49,1
3,3,1,19,85.75587117709263,40,41,28,1
4,5,4,21,82.09938554469319,7,68,41,1
12,13,2,12,109.02741269700614,74,9,40,1
2,3,5,6,148.66043153720335,6,5,62,1
7,7,22,28,117.2537186991935,99,78,28,1
1,1,10,13,116.22941919922752,5,21,16,1
8,9,4,4,132.80754133564713,76,9,13,1
13,13,2,18,81.34478929436264,81,33,40,1
18,19,18,9,54.89234812846343,56,61,31,1
3,3,1,27,86.66745296769456,93,82,27,1
18,19,14,13,82.59453024303424,66,79,60,1
11,11,6,18,96.75687197982953,3,89,12,1
12,13,11,24,109.49570946828396,43,6,46,1
3,3,16,16,51.30200010774209,4,11,2,1
19,19,18,22,84.56083060883707,11,58,12,1
18,19,23,6,118.09232788403654,6,97,22,1
12,13,2,12,109.02741269700614,74,9,40,1
16,17,17,2,97.66647655637102,34,60,65,1
19,19,19,25,73.59561083687805,48,37,8,1
6,7,8,26,69.85674253939266,32,29,16,1
16,17,9,21,92.50029819525643,27,42,56,1
19,19,11,23,127.92309809069056,69,18,36,1
1,1,7,19,116.53817519952972,17,40,3,1
10,11,9,10,83.39848821770684,69,95,17,1
16,17,14,22,105.202499279353,61,71,46,1
2,3,17,28,149.73498960198137,9,18,45,1
5,5,0,25,103.52189336453768,67,37,57,1
6,7,2,29,140.96716208918846,63,8,49,1
14,15,11,1,105.72206387730628,93,53,64,1
15,15,5,24,133.5631871427392,25,5,46,1
4,5,6,19,146.7718664272285,59,19,40,1
1,1,16,19,107.52610162449416,70,8,2,1
9,9,12,2,131.88886966479947,38,66,32,1
15,15,15,15,104.77405643964828,99,27,32,1
19,19,22,23,84.25978961236218,0,69,22,1
11,11,16,27,201.78353236684035,6,62,41,1
10,11,17,26,124.56877485355622,81,67,40,1
4,5,8,10,96.8340248169719,43,9,37,1
3,3,22,26,74.02289229020892,41,82,20,1
18,19,7,27,50.801016323856786,46,21,7,1
11,11,16,27,201.78353236684035,6,62,41,1
13,13,12,9,112.68042478438956,8,40,11,1
9,9,20,7,140.71588744417397,42,68,1,1
13,13,0,25,68.47161545278198,31,5,3,1
4,5,9,1,142.08638634491163,51,30,35,1
5,5,22,20,146.12848593331307,90,95,64,1
9,9,15,20,81.92018566583326,54,35,13,1
3,3,15,0,109.60083688109926,58,67,2,1
9,9,4,2,63.88729909153346,38,10,13,1
1,1,15,17,69.08732339624783,93,23,15,1
1,1,13,8,87.25417443665877,19,81,1,1
3,3,1,27,86.66745296769456,93,82,27,1
7,7,22,20,134.22247318238868,89,21,41,1
15,15,10,23,107.68613987781062,64,69,30,1
15,15,10,23,107.68613987781062,64,69,30,1
9,9,0,4,115.2546584301102,35,87,28,1
7,7,13,11,116.08586549570047,86,17,11,1
8,9,19,4,114.84375209284458,41,36,56,1
1,1,2,6,108.9483613677571,69,21,44,1
15,15,9,28,91.8377331667276,42,95,27,1
0,0,23,7,69.44397649253608,8,94,46,1
5,5,6,18,85.49508671127096,3,96,39,1
19,19,12,17,140.39819185920422,91,99,48,1
4,5,19,7,141.0087897381582,48,47,3,1
16,17,10,27,89.94044506172241,87,17,54,1
4,5,19,1,91.21991474458464,65,20,24,1
16,17,0,22,131.85659744471283,18,72,37,1
16,17,16,18,70.24991719438907,98,76,58,1
1,1,7,0,105.69557899070296,32,23,22,1
14,15,23,7,66.89672239306921,60,8,64,1
14,15,18,4,110.0460278148742,50,86,41,1
3,3,6,8,71.41022983485573,62,96,45,1
19,19,15,0,69.45525041936607,0,21,37,1
0,0,5,20,59.39951538342583,96,49,27,1
10,11,23,27,124.00835635727718,79,61,21,1
5,5,3,6,101.15731987097917,68,87,64,1
17,17,18,4,58.821711089069325,14,8,25,1
6,7,4,20,139.77892614504768,90,57,41,1
12,13,2,12,109.02741269700614,74,9,40,1
3,3,7,29,115.90282234739136,57,75,26,1
16,17,17,9,51.86572049109588,75,75,3,1
15,15,10,26,122.69751300645235,55,47,1,1
0,0,23,16,72.44395981876359,76,97,28,1
12,13,13,28,137.37992515597247,13,85,23,1
7,7,15,4,85.23805308092295,71,30,18,1
10,11,1,14,82.31152523339325,25,30,6,1
16,17,6,20,74.9091343207463,42,12,11,1
18,19,19,24,145.5292705449659,2,13,42,1
5,5,15,17,89.6163868111379,60,19,28,1
6,7,11,9,118.76432881086578,7,43,63,1
9,9,23,15,148.28207186134452,57,92,25,1
17,17,15,1,123.60517193085325,49,5,40,1
3,3,14,28,65.1694046655722,19,89,56,1
15,15,10,24,136.2171993200174,83,58,8,1
0,0,9,25,124.67270546941376,40,67,31,1
17,17,12,20,126.58772003229345,93,30,55,1
19,19,18,0,106.20032692161038,77,83,20,1
9,9,11,10,147.88151471503727,7,23,30,1
7,7,15,4,70.16234100535608,69,93,2,1
19,19,22,23,84.25978961236218,0,69,22,1
11,11,22,21,109.09311514388288,12,8,62,1
0,0,20,0,80.97170560165593,89,44,22,1
9,9,1,20,96.35789906533648,78,32,35,1
12,13,16,23,135.34572678395995,45,35,43,1
7,7,2,9,94.78683980016596,9,85,33,1
9,9,5,0,54.21384103819877,28,77,30,1
9,9,19,14,93.90812923213736,7,42,16,1
15,15,16,13,101.83729615287366,89,74,40,1
12,13,7,5,105.24594092539758,85,80,62,1
11,11,16,27,118.47240527430358,79,93,21,1
19,19,19,25,73.59561083687805,48,37,8,1
13,13,22,27,52.118466501415185,75,78,5,1
7,7,22,28,117.2537186991935,99,78,28,1
12,13,8,27,70.83623293870863,66,16,19,1
2,3,12,28,115.00203872014174,38,51,45,1
4,5,19,16,97.79686893509918,97,29,13,1
12,13,14,29,107.3145315949842,52,85,36,1
16,17,9,21,92.50029819525643,27,42,56,1
12,13,11,22,68.47575047425804,60,36,48,1
18,19,19,26,104.76312931049426,28,23,2,1
12,13,3,2,68.30994192172946,14,61,20,1
2,3,7,1,121.09466289025218,19,22,53,1
5,5,22,20,146.12848593331307,90,95,64,1
13,13,7,22,126.44040104983618,97,7,51,1
3,3,21,12,85.42377355575024,58,27,26,1
4,5,14,13,118.70121285737646,76,7,2,1
11,11,22,14,59.950738255461665,32,72,21,1
1,1,19,25,66.78132260400656,74,66,27,1
4,5,11,7,63.51280885157754,73,97,64,1
17,17,22,1,93.0621739108398,8,90,40,1
15,15,18,19,73.82215355525527,41,42,1,1
19,19,20,14,110.06740149964004,53,19,41,1
17,17,10,15,99.35455651864984,41,0,17,1
14,15,14,0,133.0583475430368,3,58,31,1
3,3,1,27,86.66745296769456,93,82,27,1
19,19,16,8,130.33138462078617,82,81,10,1
12,13,0,29,96.87177841409375,81,3,49,1
3,3,14,6,55.36675458138459,4,94,12,1
17,17,12,5,78.3656369100261,18,29,40,1
1,1,16,19,107.52610162449416,70,8,2,1
16,17,9,21,92.50029819525643,27,42,56,1
14,15,13,3,83.44534215295552,40,17,10,1
15,15,14,9,105.63663530680368,47,86,35,1
19,19,4,22,84.8888970984005,17,73,53,1
4,5,9,23,106.46315437429833,53,4,52,1
19,19,15,0,69.45525041936607,0,21,37,1
4,5,22,4,107.04133909398418,28,5,36,1
7,7,8,21,111.8200313433808,76,57,11,1
1,1,8,24,79.2275732365631,18,19,15,1
15,15,4,11,149.7491022742396,27,14,58,1
11,11,0,22,64.01396919711907,69,35,51,1
16,17,19,5,93.24843926028716,77,58,17,1
12,13,16,11,75.07977173765808,59,82,22,1
3,3,16,27,81.37623727301418,35,90,9,1
0,0,16,15,116.36117532314616,89,45,44,1
14,15,10,25,53.40051963577647,68,33,14,1
15,15,15,21,99.44200163240754,12,66,15,1
15,15,14,22,109.92510996314724,83,76,20,1
2,3,3,26,90.27951025046625,63,16,39,1
4,5,6,1,147.90877311537,36,0,32,1
3,3,1,27,86.66745296769456,93,82,27,1
10,11,22,5,110.51501632899182,53,53,40,1
16,17,18,21,128.011055430678,61,25,34,1
8,9,7,23,123.32053035242396,80,29,57,1
15,15,15,21,99.44200163240754,12,66,15,1
7,7,15,4,85.23805308092295,71,30,18,1
15,15,9,21,121.84686849428827,8,26,64,1
2,3,13,19,123.4032725192542,0,54,40,1
4,5,11,7,63.51280885157754,73,97,64,1
4,5,11,16,140.80379314211086,1,87,10,1
10,11,14,13,53.57435346919398,77,60,26,1
0,0,13,29,94.1495198260514,95,97,8,1
1,1,10,13,65.7344721927028,78,78,61,1
9,9,3,25,135.96095484522775,20,72,30,1
10,11,10,16,115.37368228305796,18,53,62,1
11,11,15,20,60.12112490084832,87,7,11,1
4,5,17,5,145.7696459655211,89,37,55,1
18,19,16,3,66.68651602280156,45,16,29,1
15,15,21,0,128.5696583760461,96,93,13,1
10,11,18,24,139.2795422577687,78,81,57,1
5,5,4,23,138.7843944730658,65,29,52,1
16,17,23,2,73.92366299304402,98,21,53,1
16,17,23,12,126.65295110591389,33,83,63,1
14,15,8,2,87.00715290137187,54,48,6,1
2,3,4,14,67.94327940135433,78,17,64,1
17,17,6,23,63.89439500912803,78,79,3,1
8,9,14,10,94.5098390002057,45,63,3,1
4,5,18,24,94.62438653426388,19,14,34,1
5,5,4,16,74.26824936888646,6,43,63,1
14,15,7,25,139.2764690801576,73,4,25,1
13,13,19,29,91.5385379948987,90,17,65,1
13,13,23,25,143.77812071779852,68,33,35,1
12,13,6,18,88.78415143792142,90,86,62,1
16,17,3,17,106.65727897304912,12,35,49,1
17,17,20,0,63.76044531398507,72,66,53,1
3,3,15,14,85.22287997997732,17,87,22,1
8,9,6,29,79.63696410839603,76,89,28,1
14,15,7,22,127.84061672340536,34,19,52,1
4,5,23,11,114.56309529453404,29,94,17,1
16,17,2,27,71.57997755717149,16,15,3,1
13,13,21,24,125.2259934990628,90,48,55,1
10,11,3,9,119.90209022716589,94,35,16,1
17,17,20,0,130.32810435389308,75,69,8,1
17,17,19,26,70.63019558184747,23,6,20,1
5,5,0,15,120.41801239205594,53,94,44,1
13,13,20,22,279.6987922256616,4,86,51,1
13,13,15,23,60.26422285927823,22,18,57,1
14,15,14,19,124.53533714897222,55,78,58,1
5,5,7,11,139.82311409034654,95,70,12,1
4,5,2,15,144.9081944014698,85,42,51,1
1,1,2,20,132.31633553709864,75,5,53,1
10,11,21,2,106.8207198359594,69,13,48,1
7,7,0,25,74.5360161140324,22,84,62,1
19,19,13,2,68.95454151588024,64,21,34,1
13,13,19,3,63.83075809688368,12,48,39,1
15,15,17,1,141.10472801863213,13,10,60,1
11,11,18,11,51.78189698650628,71,90,47,1
10,11,18,1,86.2255555404173,87,81,39,1
13,13,9,19,62.443340381110744,68,3,21,1
14,15,7,25,141.06097567094554,43,65,18,1
9,9,15,21,71.40996965817962,14,36,41,1
1,1,16,25,141.17565061374353,70,53,30,1
16,17,15,3,126.18178114097128,9,83,11,1
15,15,17,10,74.35604689906386,84,77,64,1
0,0,20,3,142.28273769934808,4,61,43,1
8,9,11,14,85.42371316901989,54,22,17,1
2,3,1,16,105.63283471322627,18,12,38,1
3,3,22,4,112.11143889161778,87,99,49,1
7,7,13,11,116.08586549570047,86,17,11,1
2,3,7,1,121.09466289025218,19,22,53,1
5,5,2,18,88.03648926900013,54,32,10,1
0,0,19,20,133.09772846220588,91,52,42,1
7,7,22,28,117.2537186991935,99,78,28,1
4,5,5,20,66.26028844069114,50,49,65,1
17,17,6,23,63.89439500912803,78,79,3,1
8,9,6,12,111.79412711078598,53,92,49,1
7,7,13,11,116.08586549570047,86,17,11,1
8,9,22,7,107.9292138219316,47,24,50,1
0,0,20,22,137.27502098824715,65,97,10,1
6,7,19,8,145.75681500173363,68,49,49,1
1,1,17,13,127.7444133338537,75,89,12,1
2,3,10,12,129.87420880685477,2,78,47,1
1,1,13,8,87.25417443665877,19,81,1,1
4,5,23,22,129.01820355738886,69,12,27,1
2,3,6,29,128.87023874395138,71,63,41,1
5,5,2,22,118.52741541019068,40,51,14,1
15,15,14,25,124.07614822744776,4,39,35,1
10,11,15,11,93.69184648820472,72,18,22,1
4,5,12,8,51.98922129589375,58,79,38,1
5,5,10,11,105.58423059526392,5,18,53,1
3,3,12,18,102.39934035771483,13,41,25,1
12,13,23,24,85.84891337573342,88,54,63,1
10,11,4,20,58.029946889764574,86,9,25,1
0,0,23,7,69.44397649253608,8,94,46,1
1,1,3,23,77.0281991777639,3,71,61,1
2,3,1,23,140.5172007675682,99,70,32,1
5,5,10,11,105.58423059526392,5,18,53,1
0,0,2,13,131.15778940631117,22,88,63,1
6,7,10,6,102.52606125614209,25,20,13,1
2,3,19,29,146.5796716646073,79,21,20,1
15,15,14,9,105.63663530680368,47,86,35,1
12,13,8,3,125.98617221643438,44,93,64,1
8,9,9,29,148.4936599706957,18,88,22,1
11,11,23,24,127.00853577608537,11,57,9,1
13,13,16,12,53.66828998916717,49,55,48,1
2,3,9,3,133.66901766795647,1,42,6,1
8,9,19,14,111.18812535123207,77,51,49,1
16,17,19,28,62.51066710058043,0,85,44,1
18,19,3,24,126.6934240105675,83,73,55,1
18,19,6,20,112.06880683604342,33,78,35,1
1,1,16,25,141.17565061374353,70,53,30,1
18,19,19,11,84.53209740021677,1,26,64,1
18,19,19,26,104.76312931049426,28,23,2,1
7,7,17,17,59.82324339813875,7,95,55,1
2,3,1,23,140.5172007675682,99,70,32,1
4,5,14,11,72.15892638594866,20,57,12,1
12,13,4,27,78.23245680310484,75,20,38,1
2,3,19,29,146.5796716646073,79,21,20,1
7,7,19,6,140.61019875469665,21,84,10,1
14,15,9,8,136.0374359233921,50,25,54,1
16,17,0,23,82.15680660380504,56,20,37,1
14,15,3,22,74.79691633949835,49,75,64,1
10,11,7,12,113.6950446714236,48,13,56,1
15,15,2,2,51.526271983669695,50,45,29,1
10,11,15,11,93.69184648820472,72,18,22,1
17,17,11,5,108.8962145131604,12,84,8,1
5,5,4,23,138.7843944730658,65,29,52,1
16,17,23,2,73.92366299304402,98,21,53,1
18,19,20,22,81.56787966861695,31,28,10,1
15,15,17,19,114.1580017948142,40,5,48,1
8,9,19,4,114.84375209284458,41,36,56,1
5,5,4,23,138.7843944730658,65,29,52,1
17,17,23,20,62.78796372117404,59,47,51,1
6,7,12,8,103.6818632457505,25,66,60,1
16,17,5,19,50.92237718652686,91,29,10,1
