pilot_name,team_name,track_city,dnf_percent,avg_speed,collision
8,9,23,3,294.07548759695266,0
5,5,0,15,217.10584610574176,0
13,13,1,18,180.815237151742,0
4,5,3,23,262.8393162283683,0
4,5,10,11,86.08327352273434,1
9,9,12,23,279.28021884931906,0
4,5,19,6,88.206400845333,1
19,19,22,20,210.3955651759109,0
14,15,8,27,59.4385228682267,1
3,3,9,20,274.28673808592725,0
13,13,8,17,53.57661958718597,1
2,3,14,5,97.6131557939688,1
0,0,21,20,213.48921753974508,0
14,15,10,3,224.3026963904676,0
3,3,21,10,219.96231071552117,0
2,3,17,12,53.541963586937726,1
6,7,12,8,184.4380006626793,0
2,3,9,27,194.94720816889097,0
0,0,8,0,267.76039018982357,0
12,13,7,11,146.02999033058563,1
11,11,3,16,156.60813790506518,0
9,9,15,26,264.3776801297935,0
13,13,16,17,253.06778919721555,0
6,7,14,23,347.2255205453521,0
5,5,21,22,263.41185181553504,0
11,11,21,1,167.03374723113708,0
19,19,20,26,335.9806604604495,0
0,0,18,0,331.97603992041564,0
12,13,0,2,345.03704206679674,0
16,17,4,11,168.29354241033346,0
14,15,7,2,66.43934060079675,1
13,13,2,5,265.1266112092952,0
14,15,21,8,156.69365499479815,0
0,0,22,11,339.87649294996294,0
18,19,1,8,68.75649142189309,1
11,11,10,23,339.5549225372931,0
13,13,4,10,268.6952745075532,0
13,13,21,29,228.8630882381723,0
6,7,10,1,100.03450806216428,1
12,13,7,14,180.88422134709867,0
16,17,10,24,205.4984646385109,0
15,15,14,26,252.27789067834337,0
18,19,23,1,268.41159531951706,0
5,5,18,6,104.0918338001968,1
2,3,8,5,266.59715737213185,0
6,7,20,2,168.29733710058713,0
19,19,6,19,55.62230981897017,1
3,3,18,24,75.48632528733033,1
14,15,14,10,113.28069096117028,1
14,15,11,14,155.79032180135636,0
3,3,11,0,291.8273201235168,0
8,9,20,0,111.1020300502276,1
7,7,4,0,240.28879922977444,0
15,15,10,21,196.1163855027943,0
13,13,14,9,346.53120956074116,0
12,13,7,14,171.4204932586782,0
15,15,10,22,228.55025780743347,0
6,7,13,18,60.50769924400652,1
13,13,2,18,138.32588655233872,1
15,15,5,5,134.97987290397893,1
1,1,12,25,136.31644039530016,1
18,19,11,6,275.10371047145213,0
17,17,21,8,65.59249784855953,1
10,11,22,8,256.88032267751885,0
12,13,9,13,135.7979556297797,1
11,11,6,9,288.2403799358031,0
17,17,4,11,171.16684962424074,0
7,7,10,8,135.9373198889638,1
19,19,17,15,158.0605449058793,0
17,17,19,10,131.92385065390332,1
15,15,2,17,271.8487451961135,0
8,9,1,1,265.45614096934395,0
8,9,14,1,58.729187488508714,1
15,15,3,14,102.73195871933936,1
3,3,19,29,77.19315595703777,1
5,5,18,14,87.4820234035718,1
0,0,19,5,202.26357110290417,0
3,3,19,17,97.44873925282972,1
14,15,14,8,137.04778185479276,1
4,5,6,0,310.1425323071516,0
16,17,4,5,141.07842268016825,1
18,19,19,27,129.1624735564758,1
5,5,5,18,218.4592639151017,0
2,3,16,15,212.74809883885263,0
8,9,2,9,239.9218786332764,0
7,7,17,24,341.0301093226232,0
7,7,23,26,108.46359273478576,1
12,13,23,16,167.98245310410326,0
10,11,6,18,310.7178517143251,0
18,19,14,19,329.82767015856945,0
0,0,6,20,146.19465317636468,1
2,3,22,24,272.37449748039506,0
14,15,11,9,171.21456479895693,0
6,7,13,28,188.36264531231,0
18,19,9,23,100.92426495940452,1
6,7,11,21,239.84640882807287,0
15,15,1,29,175.05844160474405,0
14,15,6,19,259.080367432863,0
11,11,19,3,135.78389235835124,1
19,19,20,3,275.48912149099726,0
12,13,16,7,112.58687510334906,1
14,15,16,6,348.8516810630509,0
0,0,8,27,194.36028358605907,0
6,7,0,10,150.95818708203396,0
15,15,0,9,149.4100551797105,1
3,3,16,5,224.76331524407485,0
3,3,1,25,215.92387052981917,0
9,9,7,25,75.18043117768312,1
8,9,4,16,253.7479789263223,0
6,7,8,10,59.3784383233101,1
11,11,18,9,310.9499457501499,0
15,15,14,29,244.05673451862265,0
9,9,5,19,310.90690711444375,0
13,13,4,28,267.61895650726217,0
17,17,3,18,150.44401728554894,0
5,5,18,24,239.11437980409107,0
5,5,4,11,234.99889247156463,0
6,7,5,14,152.92446492790137,0
19,19,5,25,207.99803134460677,0
3,3,18,8,192.89681628249988,0
16,17,2,13,224.6018145630003,0
19,19,18,5,50.45171736620553,1
12,13,15,7,204.75806527548212,0
12,13,3,29,111.91370967121884,1
19,19,2,8,265.20354627703387,0
7,7,6,16,341.06092454825784,0
16,17,0,28,189.3443181874047,0
12,13,8,17,216.0728235040528,0
19,19,4,23,120.5518743780936,1
12,13,9,16,215.26191325997584,0
13,13,4,5,283.59917755155766,0
11,11,22,17,140.116886648646,1
5,5,14,6,278.11054139514835,0
18,19,11,10,149.37143850809835,1
0,0,2,11,329.96325718658255,0
17,17,6,10,232.02526659265783,0
5,5,15,2,100.1086860379502,1
16,17,4,13,187.4675306419163,0
9,9,1,1,99.42284898115756,1
10,11,21,5,142.67730235871656,1
16,17,3,6,231.7551131992172,0
13,13,10,26,84.76487990866175,1
19,19,8,18,205.8752552850087,0
1,1,4,18,184.34641629247605,0
7,7,4,19,315.3631815844977,0
12,13,11,2,223.66233534172855,0
0,0,22,3,58.61772987440968,1
19,19,2,18,152.884933353505,0
14,15,13,25,145.1494656472362,1
1,1,16,29,221.23596354399783,0
0,0,23,27,156.54906124372187,0
3,3,17,13,144.55498664224797,1
2,3,9,21,71.19237762493853,1
16,17,3,25,90.6839283384414,1
5,5,3,26,337.95698534785845,0
12,13,15,6,335.8407713060709,0
19,19,11,4,343.12133276181123,0
7,7,8,26,184.1401654823158,0
3,3,14,6,152.7970124717645,0
13,13,17,12,343.79989612887965,0
8,9,9,25,206.81801348513315,0
17,17,19,29,257.728370530141,0
6,7,3,29,53.487678141254314,1
1,1,10,8,215.14118503810164,0
10,11,22,28,251.74980812295857,0
2,3,12,18,131.53806854831177,1
7,7,17,13,206.39133130988404,0
12,13,3,22,236.60805060999425,0
17,17,15,13,310.15129111745216,0
17,17,5,27,342.09777475398784,0
15,15,10,17,258.84854386987206,0
16,17,20,14,348.57051854879126,0
14,15,16,7,243.596555101322,0
9,9,23,6,213.6760534749477,0
15,15,20,7,216.95980951700852,0
14,15,17,5,336.9183631886064,0
5,5,18,15,110.97037328515223,1
9,9,1,22,150.63722948520223,0
7,7,6,17,215.85806790958324,0
5,5,0,20,211.1919775017404,0
15,15,10,25,121.10688669577534,1
12,13,21,27,169.23774574994408,0
10,11,7,16,299.67801392993175,0
1,1,5,6,320.18823201570024,0
8,9,11,9,225.23219129394369,0
1,1,3,1,319.25792795852374,0
12,13,6,6,211.51573712032732,0
15,15,4,5,73.54560030311768,1
15,15,12,20,217.90794701727367,0
17,17,15,25,278.99327596164125,0
12,13,8,3,272.1013783051937,0
0,0,8,15,218.90931275549863,0
18,19,15,14,83.10887759893546,1
12,13,12,28,266.01170175856083,0
14,15,18,5,59.85576504410282,1
0,0,10,5,79.12252838870633,1
13,13,21,25,102.606071385874,1
14,15,9,8,236.2362094388727,0
13,13,2,12,85.31426176818087,1
19,19,23,8,66.7157388236744,1
11,11,10,18,237.30520048286027,0
18,19,9,4,345.37435785318553,0
17,17,8,15,277.8590291581686,0
14,15,7,5,311.67614825024003,0
18,19,17,10,280.98051829679423,0
11,11,22,24,211.16620978016692,0
9,9,16,3,153.38672921931104,0
13,13,2,14,236.71186393382385,0
2,3,7,7,236.5054042586211,0
0,0,23,29,140.9169924646221,1
10,11,18,20,272.45546171608055,0
12,13,10,13,315.04067265645455,0
17,17,9,23,291.31830271262396,0
18,19,7,20,310.06298662590694,0
6,7,20,21,54.14339475119176,1
19,19,17,6,227.8101122986194,0
19,19,20,11,213.36874787803615,0
9,9,2,5,302.38883350635575,0
6,7,10,21,66.7956029251499,1
18,19,21,16,131.70369930365746,1
0,0,12,21,212.20064060774607,0
11,11,20,0,65.02605821306379,1
3,3,18,15,253.53126659336732,0
8,9,15,23,157.0300309118324,0
15,15,5,1,211.44637282792996,0
12,13,6,10,179.64826716078585,0
16,17,3,20,264.9984136102264,0
7,7,0,13,134.40962083742403,1
4,5,4,14,279.3394189077822,0
14,15,2,12,80.44307846735384,1
13,13,3,0,343.129084777132,0
0,0,6,13,66.85949599825923,1
4,5,11,5,258.66009730951356,0
4,5,3,3,192.257260530586,0
16,17,23,19,76.26613471859456,1
1,1,20,8,97.10694877421837,1
19,19,20,23,217.3175736753924,0
5,5,5,18,334.86728733665547,0
5,5,20,11,227.1742400367664,0
15,15,16,29,243.99299148028553,0
12,13,15,29,218.43969033622295,0
13,13,17,4,61.467876444452926,1
2,3,5,12,167.0711637745748,0
3,3,4,10,131.67587250525716,1
17,17,16,25,95.76398989664344,1
4,5,3,25,213.94985848969137,0
19,19,3,4,332.66252812562414,0
14,15,18,23,84.89337092988471,1
17,17,23,11,163.0378495613314,0
12,13,17,24,224.080478240343,0
13,13,16,3,211.43663915581843,0
2,3,4,25,253.2546068963819,0
11,11,21,8,214.5028912239158,0
18,19,6,27,290.8978910625126,0
16,17,2,19,141.38746014344432,1
19,19,14,18,207.2830792023226,0
3,3,5,24,307.5472382149455,0
12,13,15,7,66.5307318620093,1
17,17,18,2,82.0628993433459,1
0,0,21,27,213.81028642321104,0
12,13,10,13,263.03848089200676,0
18,19,20,4,75.53766147121067,1
19,19,13,3,50.522545451346915,1
14,15,2,29,220.64549097275503,0
3,3,0,1,251.32216385421592,0
9,9,14,5,339.47925164654447,0
3,3,8,6,223.76128598362,0
16,17,21,0,113.44230334969146,1
19,19,21,29,119.9106895804434,1
13,13,20,5,280.7597521951337,0
0,0,8,25,192.40199766649928,0
1,1,11,28,188.0193368004254,0
15,15,3,14,124.25216500211803,1
10,11,1,20,272.0279754639749,0
7,7,3,11,227.99791294583113,0
0,0,11,0,162.46090255388066,0
14,15,23,2,170.7300287333001,0
3,3,22,20,304.07134552446513,0
1,1,10,16,259.50455853374217,0
18,19,11,4,234.72533053579713,0
9,9,22,27,136.02478451234435,1
1,1,22,29,187.3417494253769,0
4,5,15,15,186.82955723766491,0
6,7,16,27,265.9865445059806,0
14,15,5,26,250.18090605039137,0
10,11,10,29,83.3065385490825,1
13,13,2,10,65.4858022553478,1
9,9,8,25,78.42445586314183,1
6,7,18,16,324.19418237079765,0
15,15,6,2,342.96581583597913,0
8,9,16,12,111.28215068514612,1
4,5,18,15,330.76592113978984,0
18,19,8,9,59.2710555740257,1
0,0,2,4,257.7276169544927,0
1,1,12,2,162.49797025628894,0
8,9,19,0,56.19048973369928,1
4,5,1,29,200.6196351553141,0
7,7,3,3,50.82184953707244,1
11,11,8,6,159.03677672971483,0
5,5,4,4,154.0066716859682,0
11,11,23,20,211.23901449937003,0
10,11,15,2,181.5600181391909,0
1,1,20,16,131.69213764431584,1
8,9,21,17,199.45655099751505,0
13,13,12,4,176.49675757332878,0
13,13,6,22,343.7373426477306,0
5,5,9,15,203.91622619737652,0
13,13,18,19,115.55060369122744,1
5,5,11,8,230.48802277157395,0
0,0,23,12,322.56336298789535,0
4,5,17,29,186.04532753973209,0
19,19,10,28,72.67426904665875,1
15,15,11,22,165.85495710991412,0
15,15,23,6,60.91435193435552,1
2,3,6,25,310.4887974246204,0
6,7,3,4,345.6019806376915,0
9,9,21,7,261.85938798317255,0
9,9,6,23,88.73155604470792,1
4,5,10,10,158.31035364080572,0
7,7,7,26,83.08855564773174,1
13,13,7,14,206.87764235141591,0
17,17,11,23,80.32142644245978,1
11,11,6,15,222.59132427129975,0
1,1,21,19,139.8507239775912,1
19,19,20,19,217.8992640646945,0
9,9,23,2,108.41836151028282,1
13,13,11,6,241.92263810556256,0
6,7,3,5,258.8499432918358,0
19,19,9,21,336.91107720393546,0
0,0,20,26,202.42834001091543,0
7,7,2,23,215.912677929221,0
16,17,14,15,156.12281757293604,0
10,11,3,8,52.12419792662065,1
2,3,22,5,193.22068425305864,0
5,5,1,24,285.8047251735356,0
10,11,16,28,314.93231925372777,0
9,9,18,1,233.5054827067123,0
14,15,23,0,188.3429982494647,0
18,19,0,7,218.66646657750312,0
2,3,18,28,73.52593871557798,1
18,19,21,14,211.32634390190177,0
9,9,23,0,339.6264972558289,0
13,13,16,12,117.68898324327822,1
10,11,13,20,297.80210585098735,0
14,15,4,13,61.04989537571131,1
12,13,18,22,112.96108640794324,1
4,5,15,6,147.13480334953078,1
10,11,5,1,177.57296494357624,0
8,9,5,10,329.2513675732999,0
9,9,4,1,201.69065121890165,0
8,9,6,9,194.3740431429962,0
18,19,5,7,268.62939149773723,0
9,9,14,19,342.62062945486605,0
19,19,8,23,114.9979344324913,1
17,17,23,5,300.83220247155754,0
6,7,0,16,97.13501427533842,1
13,13,5,11,146.91153195449874,1
6,7,8,2,286.37868349716484,0
8,9,15,20,76.41813936026453,1
7,7,8,9,348.272292208543,0
11,11,14,9,257.75055225231307,0
8,9,5,29,305.0192113468595,0
14,15,11,5,153.86328382445436,0
2,3,13,20,50.30663184534109,1
9,9,0,1,239.70137077701003,0
19,19,2,23,262.6956672917846,0
1,1,7,23,273.4564606807154,0
16,17,11,15,62.08756825274118,1
9,9,7,7,265.3402323071319,0
7,7,23,12,289.02526821246914,0
19,19,18,24,270.63805426947516,0
11,11,2,21,178.46246659489327,0
6,7,2,12,275.2954462902461,0
12,13,0,27,155.3988114960188,0
16,17,23,29,74.95318494721631,1
16,17,6,6,187.83924613359568,0
7,7,15,23,213.02486032528768,0
10,11,4,29,76.02120705070338,1
13,13,15,24,313.8413002030478,0
0,0,7,19,188.22237864359408,0
14,15,1,4,71.66612258027722,1
4,5,14,2,125.92845789803896,1
4,5,11,12,288.55924033229024,0
3,3,22,22,285.44550978557845,0
9,9,2,6,266.2618372691754,0
9,9,21,14,203.68161994644765,0
4,5,20,29,201.09480464512427,0
10,11,16,11,64.9157931469256,1
10,11,11,14,243.61172664457288,0
2,3,14,16,177.21943445991656,0
2,3,2,21,105.081610459607,1
12,13,11,24,50.6577358753904,1
13,13,9,23,169.44796288125738,0
16,17,2,5,163.5266218250022,0
19,19,22,7,118.70079518573988,1
12,13,19,25,300.72641969054223,0
19,19,1,1,282.3443435197993,0
0,0,6,15,69.93400596927087,1
16,17,13,20,212.76677265398885,0
9,9,17,13,227.77584538015597,0
4,5,8,6,238.08901841192292,0
2,3,13,9,160.84640016189456,0
1,1,7,6,147.40132327820112,1
6,7,6,21,219.70043209660295,0
11,11,22,4,218.01797753330848,0
16,17,11,1,128.5845388741869,1
10,11,5,0,93.89315679061444,1
13,13,5,11,50.512621520785395,1
6,7,10,8,187.91728045717144,0
10,11,10,23,253.51296969779983,0
6,7,7,3,263.75429354158194,0
1,1,7,10,238.71051579934732,0
8,9,22,0,288.4851633146394,0
9,9,10,14,109.62378244947166,1
19,19,5,27,57.30907941398694,1
13,13,18,20,323.89520485593437,0
9,9,0,19,332.0105342072386,0
5,5,23,2,158.98775154089196,0
17,17,9,20,316.17090652798373,0
9,9,9,22,75.591539937161,1
0,0,22,18,244.42931024378788,0
14,15,8,6,182.9521325693699,0
14,15,12,0,340.33502155355916,0
0,0,0,4,239.92089920561213,0
9,9,5,8,295.96899165334224,0
5,5,16,3,170.62622692301167,0
1,1,20,28,341.31696562817893,0
12,13,14,29,134.73334959575809,1
18,19,3,22,247.7272711301757,0
4,5,16,26,334.7777108165833,0
1,1,19,6,283.72535736633375,0
12,13,6,11,234.2779056261526,0
10,11,19,10,130.58206137101664,1
10,11,4,15,278.6934046412187,0
18,19,10,17,66.08343796841878,1
7,7,18,5,222.2192059188605,0
15,15,7,20,72.72156581064664,1
14,15,18,23,275.3300262205541,0
11,11,0,0,317.32180702902815,0
4,5,10,3,212.06175947731785,0
0,0,14,10,93.08154137593874,1
8,9,17,24,95.22629678139738,1
19,19,3,1,126.13395371818235,1
1,1,21,14,315.9199650285278,0
12,13,8,13,318.73905576374847,0
17,17,17,24,51.38652101093575,1
2,3,9,9,91.60556269156604,1
15,15,20,11,298.65584380920006,0
7,7,16,23,268.39574562009375,0
7,7,15,12,290.7579771685714,0
6,7,21,24,174.63039289434386,0
4,5,3,7,84.25436109468077,1
0,0,0,23,140.71734844426888,1
16,17,21,0,84.38501309147894,1
17,17,12,11,262.55421650826133,0
16,17,5,10,100.89325799045628,1
4,5,3,21,100.18564557634107,1
8,9,23,7,209.46378579495288,0
3,3,3,8,293.77526722308073,0
10,11,14,19,143.99317858160356,1
0,0,15,20,93.27222802511812,1
9,9,4,6,180.06425173600636,0
3,3,15,9,239.9723949286844,0
15,15,3,3,306.9973597572466,0
10,11,5,10,156.6350108670247,0
6,7,6,18,86.78969367445079,1
1,1,23,7,132.54808776604185,1
1,1,10,25,79.47077606942578,1
4,5,17,16,92.85982367512511,1
4,5,14,12,185.1171885087549,0
19,19,16,26,222.5343237721872,0
11,11,17,0,175.7932371924054,0
9,9,17,2,220.39312047298412,0
19,19,5,28,299.78690751341793,0
17,17,18,15,63.08014183318855,1
15,15,23,0,216.9266988240916,0
16,17,2,10,335.7591667077316,0
11,11,16,6,334.4543776025183,0
15,15,2,29,203.9005196087075,0
0,0,17,22,89.60520398946692,1
19,19,10,19,310.6746178521033,0
10,11,16,29,191.82768384272515,0
0,0,4,27,271.17217955152285,0
14,15,8,7,263.09746142968555,0
0,0,0,10,71.83243659892563,1
14,15,13,4,292.5828118584484,0
0,0,1,28,286.0831777649974,0
13,13,3,15,241.7742779647832,0
15,15,18,22,236.8551530277805,0
6,7,3,4,84.64811010833321,1
6,7,17,29,186.76716397007388,0
19,19,0,15,284.99687340918064,0
8,9,10,24,160.91823028817944,0
13,13,6,20,220.0301548303368,0
19,19,23,22,171.89450264220852,0
1,1,23,13,206.55035658871105,0
3,3,12,1,232.7834730013658,0
5,5,20,15,220.99417591952513,0
15,15,12,19,227.9867219982228,0
9,9,12,15,241.85178796183465,0
6,7,6,5,161.99751380577234,0
14,15,8,17,94.24161256133958,1
13,13,23,16,345.48588008368716,0
8,9,19,28,178.8984990742891,0
8,9,19,9,273.93769299862146,0
18,19,1,6,238.6274788704568,0
14,15,23,0,169.9939659431999,0
1,1,15,4,300.2673903029342,0
2,3,17,15,121.90059706436868,1
0,0,16,29,283.0073781391112,0
4,5,12,8,157.06726541038637,0
9,9,1,10,251.4590153787402,0
8,9,9,13,313.0656162375347,0
0,0,10,26,339.7524053377486,0
3,3,22,25,103.60009941834592,1
6,7,14,26,83.0777535475444,1
17,17,9,23,317.4159431034494,0
18,19,5,12,200.58232644567684,0
9,9,13,21,280.21113320641973,0
14,15,5,15,269.173633102679,0
4,5,11,19,308.27550884088726,0
9,9,15,3,78.61188251326932,1
9,9,8,4,345.71677833851743,0
15,15,3,20,294.91130157645784,0
6,7,15,22,61.71125544575783,1
4,5,23,9,126.32444419086404,1
15,15,17,27,266.72355234060586,0
4,5,17,11,147.5707509977496,1
6,7,3,6,263.23464773478247,0
7,7,3,22,289.76808953779795,0
10,11,9,6,131.12056361180535,1
10,11,4,28,215.08094275363376,0
0,0,21,10,288.47892501937986,0
2,3,11,26,184.07423871774515,0
2,3,8,1,131.29221600948816,1
18,19,4,15,266.68495916375804,0
13,13,8,4,143.93747399242213,1
17,17,5,27,97.13563364672656,1
1,1,1,12,261.1660532263896,0
1,1,11,11,116.28022023528698,1
15,15,21,8,241.37243413766615,0
5,5,12,25,329.5457548784968,0
8,9,8,8,264.3660666379794,0
4,5,12,20,60.531101195051285,1
10,11,7,24,172.05282243977953,0
8,9,15,6,111.4475374244413,1
16,17,22,13,335.00673008007203,0
0,0,15,14,130.20415655654222,1
4,5,14,13,60.86796754553481,1
10,11,11,8,277.53992462578145,0
19,19,14,8,316.3360614787009,0
13,13,4,20,100.05318946903068,1
6,7,18,13,103.39984303352992,1
6,7,0,29,282.7023903225077,0
3,3,8,29,206.89557489605795,0
3,3,7,1,335.15486661458044,0
15,15,20,20,149.00205679161897,1
12,13,9,6,61.27887763346891,1
6,7,3,6,223.124336768813,0
4,5,3,22,105.69184505449932,1
12,13,12,27,229.359240996407,0
17,17,4,5,284.901516181722,0
0,0,9,18,175.60414829397095,0
6,7,1,0,124.71456731824314,1
8,9,8,22,332.3612533278322,0
3,3,20,3,175.10870228193426,0
12,13,2,24,163.5218103423646,0
14,15,2,19,51.22593112190768,1
6,7,14,0,73.09915463341439,1
1,1,18,22,276.1882614968474,0
6,7,23,1,228.7147433550952,0
17,17,0,1,250.3273035180963,0
8,9,20,18,186.3677878457793,0
3,3,6,18,74.3790762964811,1
14,15,7,20,341.23574102106045,0
12,13,4,19,338.6813372554332,0
0,0,0,5,295.9168002039358,0
9,9,11,18,156.07286438149103,0
18,19,14,10,167.13866059244822,0
15,15,12,23,226.0939248078448,0
16,17,8,5,181.83491517628303,0
18,19,14,6,105.0985483643656,1
10,11,2,23,134.07677021686584,1
5,5,22,7,168.3953873893663,0
2,3,1,19,335.0997458701892,0
6,7,16,15,276.95249378601835,0
18,19,22,12,257.05319638959645,0
19,19,11,7,69.11897148023357,1
2,3,14,26,181.44509742915636,0
16,17,6,23,134.2411208743131,1
2,3,19,6,213.50104024427296,0
4,5,3,6,152.58747684202595,0
10,11,13,1,269.6815420449529,0
2,3,23,15,112.29197459202092,1
15,15,7,25,325.3944376530156,0
11,11,23,27,278.02527281602823,0
12,13,12,14,92.80769384250614,1
16,17,11,27,106.87815766132624,1
17,17,15,25,157.9831776958268,0
7,7,15,20,171.20751743389033,0
5,5,7,25,83.51204951511473,1
7,7,19,11,156.30326473979062,0
18,19,11,15,132.9986159941429,1
11,11,4,13,273.81356188611636,0
14,15,12,14,237.9624047100952,0
3,3,5,11,347.5386232284178,0
5,5,22,29,290.7733617056235,0
10,11,0,14,180.9932760371191,0
10,11,12,23,329.5830286738359,0
1,1,10,29,109.24414694623168,1
1,1,0,27,51.88125554283079,1
8,9,13,12,292.66608251939107,0
19,19,0,26,267.6927225553591,0
14,15,6,26,179.22573372979298,0
6,7,3,23,194.08458090615568,0
6,7,13,1,312.41002558519915,0
18,19,20,6,292.2670117788439,0
15,15,19,16,127.45588449029424,1
13,13,8,1,268.8479606690379,0
14,15,23,26,92.9854789957304,1
19,19,12,26,200.83298953199505,0
12,13,14,18,240.2996878640499,0
14,15,3,6,111.94341263907154,1
17,17,21,20,227.55566165895868,0
19,19,11,17,184.77972281679033,0
13,13,12,18,166.4722654973583,0
6,7,14,22,253.00163545286085,0
12,13,5,27,50.8969751351586,1
16,17,19,19,316.944808599671,0
19,19,18,23,86.01324913107392,1
6,7,12,8,171.64794937105205,0
12,13,3,1,321.8325212956646,0
8,9,9,23,130.66733194089218,1
14,15,22,15,347.3684320078517,0
9,9,23,4,211.49569078064889,0
9,9,8,14,154.65628433568187,0
19,19,22,17,307.4337138158537,0
3,3,18,22,296.3096517897442,0
7,7,12,22,105.3354415056476,1
15,15,16,7,182.04895300834409,0
18,19,13,12,129.0779333954772,1
0,0,9,12,224.8237862344321,0
1,1,19,5,315.03049471871554,0
6,7,8,21,176.08499554213407,0
5,5,16,10,148.18506337594508,1
6,7,13,21,204.47240143150523,0
14,15,18,15,195.441670007366,0
11,11,11,29,157.0888773401379,0
14,15,17,24,57.91953344813875,1
17,17,13,7,96.26052532902474,1
1,1,4,23,71.29205896445895,1
5,5,0,13,92.44024852134616,1
19,19,8,1,163.37676399632176,0
12,13,1,16,213.58746668560792,0
16,17,16,29,292.83640280777036,0
18,19,21,25,276.6594393225048,0
12,13,21,16,283.191300694057,0
14,15,20,13,290.5891722478366,0
10,11,1,28,227.45034691925284,0
16,17,15,6,231.85657858760996,0
14,15,7,10,208.0604800719339,0
2,3,8,6,159.64072323415422,0
1,1,5,23,153.51813843163765,0
0,0,9,13,111.7032758065182,1
0,0,19,24,181.94447273885055,0
8,9,7,24,241.9298690415284,0
14,15,22,1,269.12267734752805,0
17,17,0,6,279.03627641823914,0
8,9,19,7,196.14796037863783,0
7,7,15,19,291.2819736200205,0
7,7,15,0,90.43243783938448,1
4,5,1,13,237.49584555827695,0
2,3,15,22,299.2343567190346,0
0,0,19,2,142.27127894991932,1
17,17,8,15,335.7432583122742,0
16,17,8,17,124.04272242934826,1
5,5,23,6,288.3729118936106,0
16,17,10,0,183.3759242125074,0
16,17,5,6,206.5779386297608,0
4,5,17,9,324.5121420413369,0
1,1,21,25,261.55736007974593,0
4,5,21,23,271.13842033542767,0
2,3,12,24,200.83058035833423,0
4,5,7,1,159.2189145497618,0
9,9,10,14,338.935994621764,0
17,17,17,26,226.5331349724203,0
0,0,1,29,159.06850038191504,0
4,5,17,3,257.77497801896806,0
5,5,6,20,118.08398212090428,1
2,3,20,26,169.24720519119896,0
14,15,23,17,185.62068953639772,0
0,0,23,13,309.23036146635303,0
19,19,21,6,67.78721231244508,1
0,0,9,0,333.50332707133214,0
17,17,15,8,129.99053962684775,1
11,11,2,28,118.88830117966243,1
9,9,19,28,311.62969308418354,0
16,17,9,18,69.29834826656145,1
15,15,7,18,154.11803302805745,0
19,19,13,17,78.05082429122469,1
12,13,16,12,324.10462489575116,0
16,17,5,5,157.26708825335157,0
3,3,17,2,125.06569038180434,1
5,5,11,15,263.2596613658635,0
3,3,3,21,344.0357220749455,0
15,15,20,3,66.31461469784435,1
16,17,16,25,324.1690188101797,0
0,0,9,18,73.13692177641009,1
13,13,4,11,283.39683974006664,0
16,17,18,12,72.68260511708519,1
4,5,22,20,331.0768467002166,0
12,13,22,14,227.00921889244665,0
6,7,23,12,97.25441616645378,1
8,9,15,16,232.04524132622447,0
9,9,16,17,295.34277338904707,0
9,9,14,6,307.0061856575347,0
19,19,18,23,214.37208954161784,0
4,5,3,18,117.33390369709772,1
7,7,9,28,292.6977365683269,0
7,7,11,22,177.14587898689166,0
15,15,19,6,279.69981220616495,0
8,9,6,0,237.25174956537472,0
4,5,18,6,258.2802737531978,0
18,19,19,24,110.93320945570991,1
1,1,20,21,153.17478096446456,0
15,15,12,29,212.6417588346791,0
13,13,4,9,100.60872704808534,1
18,19,3,14,218.7970978850348,0
8,9,14,13,296.54082946019264,0
8,9,8,10,121.8311210570524,1
1,1,18,21,162.0077478327813,0
13,13,8,14,323.514889254985,0
0,0,17,15,77.21782903532338,1
4,5,9,20,180.92982121823752,0
12,13,20,3,336.0549043021845,0
7,7,17,1,144.5352264858586,1
2,3,3,14,150.20850288908562,0
11,11,13,25,318.3607814454525,0
10,11,6,11,72.86736639175989,1
5,5,10,28,157.2460872260652,0
11,11,1,2,219.98214624016256,0
6,7,3,27,223.45409491321493,0
14,15,19,11,109.60141689074668,1
17,17,5,29,126.15756653243253,1
12,13,5,3,124.7603530735729,1
14,15,23,24,294.462657515864,0
9,9,3,28,168.6870239849016,0
13,13,10,22,242.77933267129535,0
2,3,19,12,199.51627107742985,0
17,17,14,26,137.47010282065585,1
1,1,2,16,270.2208848188226,0
0,0,19,5,308.98773187899,0
0,0,10,10,291.2307603437735,0
12,13,4,23,233.4226183825247,0
5,5,10,10,67.40499258504306,1
3,3,9,21,211.61667143064676,0
8,9,2,24,184.7862998444043,0
2,3,20,27,300.243699008861,0
9,9,6,27,94.01100902341496,1
18,19,5,29,308.64381341340896,0
8,9,2,6,145.72931698823697,1
12,13,7,29,72.77782575210743,1
17,17,19,27,313.96464972559215,0
17,17,13,19,74.48559397239524,1
3,3,10,7,265.4964076104406,0
13,13,10,29,200.25729522460685,0
14,15,20,21,278.29269059271957,0
2,3,2,22,144.43216112860847,1
1,1,9,3,230.64827862224604,0
2,3,3,21,100.38930518707843,1
11,11,3,16,281.9316968319368,0
4,5,20,7,103.22059273973753,1
4,5,13,7,294.2605918636269,0
18,19,3,10,217.61638273019403,0
16,17,10,7,218.85991563712753,0
1,1,7,14,176.4538936757271,0
19,19,6,24,305.50624702007735,0
0,0,19,2,310.1682324676443,0
9,9,19,26,126.2748224839166,1
2,3,1,24,254.54437438652337,0
6,7,8,2,306.2745398039098,0
12,13,0,16,233.96616497102357,0
19,19,14,23,77.4020913183471,1
14,15,19,10,227.38668256454903,0
12,13,13,14,316.4250624164365,0
6,7,16,19,275.28211301478785,0
18,19,10,25,182.075826734768,0
0,0,3,12,154.11625351821488,0
15,15,17,7,104.75402497883618,1
4,5,12,4,126.54698043614692,1
3,3,14,21,75.76124445034863,1
6,7,0,27,106.33176134918948,1
19,19,1,8,101.06265848013447,1
19,19,23,5,197.63621099777495,0
4,5,21,18,301.93486089483423,0
6,7,3,28,117.4914139557529,1
5,5,22,4,325.61227764623106,0
5,5,12,27,178.35055041638242,0
5,5,15,10,93.65148490272531,1
2,3,6,4,114.03158018202176,1
11,11,22,19,162.95450795749764,0
2,3,0,4,74.53844768716102,1
14,15,12,19,154.04350087450007,0
4,5,10,6,131.21434991205376,1
6,7,16,21,143.11982908050916,1
17,17,22,5,313.4582063862341,0
16,17,6,1,321.26684928105857,0
18,19,15,27,255.8628788343605,0
13,13,3,13,190.36979502813085,0
6,7,17,15,53.31739915679423,1
11,11,20,5,327.5173162732364,0
19,19,21,28,221.3065326665832,0
7,7,19,21,74.17183632542782,1
18,19,7,26,230.83163131654857,0
5,5,5,15,253.9680845817955,0
19,19,22,16,76.38854371713919,1
2,3,19,13,244.3182798910137,0
19,19,23,5,169.03449719022146,0
9,9,12,4,53.102475550691,1
14,15,21,23,243.79116045265096,0
14,15,15,4,198.4836990889597,0
6,7,10,1,247.4734689559952,0
5,5,22,0,129.21334570386557,1
6,7,11,17,268.99198995925303,0
6,7,12,4,160.9221412525685,0
13,13,11,9,89.19560044223924,1
10,11,22,3,338.2850205685067,0
11,11,14,21,258.6186598671602,0
11,11,11,27,63.29153017517983,1
5,5,3,13,205.52280139045277,0
9,9,20,25,242.79699400192612,0
3,3,23,26,180.50195310680783,0
11,11,3,10,310.927795441144,0
19,19,3,14,190.7888264243139,0
7,7,3,19,338.4552293589177,0
10,11,22,29,245.62707518021105,0
18,19,4,15,345.5665878950677,0
13,13,11,27,227.33005619811644,0
18,19,16,27,157.610377958257,0
19,19,13,9,173.9281783132672,0
2,3,19,1,157.27844033610918,0
14,15,19,1,211.82470444201428,0
2,3,16,23,289.56499272638604,0
18,19,9,27,166.21213297572098,0
8,9,5,20,62.314726925659805,1
5,5,22,27,93.40231876164292,1
14,15,1,27,162.5451176385712,0
13,13,12,26,277.41883461033933,0
5,5,14,0,90.3584199394592,1
0,0,14,14,78.66843331682445,1
2,3,22,15,292.39775732450113,0
14,15,20,24,111.82296960093076,1
0,0,17,0,51.61842014476436,1
16,17,4,11,190.57813493442103,0
5,5,17,6,95.26468773982025,1
17,17,13,5,340.8339670308015,0
11,11,5,18,62.21666888642484,1
1,1,19,18,220.23300882053343,0
3,3,11,5,317.0892408913289,0
12,13,5,5,287.17366088299934,0
6,7,7,21,194.36614142716417,0
7,7,12,26,104.84794554141703,1
5,5,21,26,175.62895655900596,0
6,7,17,0,322.2355696492534,0
14,15,13,24,135.21044692203532,1
12,13,9,28,135.26696055519045,1
3,3,12,23,205.12881529717976,0
12,13,5,10,143.77788722417267,1
15,15,22,20,101.26682655089442,1
6,7,5,19,286.4621184610918,0
5,5,5,16,127.36110154655704,1
2,3,3,26,152.96620522517532,0
11,11,23,5,87.73423674083953,1
6,7,0,14,285.9294632218853,0
19,19,12,20,250.38796458874305,0
17,17,5,26,166.51697755725232,0
14,15,16,11,288.645012390429,0
9,9,3,23,216.92371209772537,0
12,13,18,5,182.37675296339856,0
7,7,7,0,227.91846968316472,0
15,15,7,24,324.88347738101163,0
18,19,11,25,125.7875285684252,1
3,3,0,28,76.5251889448675,1
4,5,17,15,320.5603587907827,0
4,5,4,2,113.56549600953008,1
3,3,13,19,111.5927672722754,1
7,7,13,0,299.9958172060991,0
0,0,23,23,139.96515878146823,1
8,9,23,6,127.66207316066924,1
17,17,20,8,122.93806831859268,1
10,11,9,12,172.48061352942963,0
13,13,7,2,172.41265523829236,0
11,11,20,17,178.16066044221415,0
6,7,21,26,84.8756587106319,1
1,1,23,9,67.38304162486519,1
4,5,5,28,213.2122171223557,0
9,9,12,1,334.6860972290852,0
12,13,22,23,220.5611355216384,0
8,9,12,26,189.9233186693359,0
6,7,14,2,152.23854302715912,0
16,17,13,12,92.9316200000682,1
16,17,13,3,56.073629196687335,1
15,15,20,0,230.09433571339207,0
19,19,9,10,79.51407738068048,1
0,0,0,12,305.99488859325044,0
13,13,5,25,291.6766155913288,0
9,9,8,0,59.94881879421479,1
6,7,22,10,187.04758865872603,0
5,5,7,24,89.74828133276789,1
3,3,6,2,322.769115665665,0
5,5,9,25,55.192161452014666,1
15,15,12,11,83.46293364208007,1
4,5,2,0,225.57782442621095,0
2,3,4,29,71.67251854706458,1
13,13,7,27,51.69620882254164,1
2,3,14,15,180.6340790490582,0
18,19,1,29,337.1869000220665,0
10,11,22,13,109.1734874536052,1
11,11,20,16,182.63818112455493,0
6,7,3,25,302.1981035054228,0
15,15,21,5,271.29140513524203,0
6,7,15,10,112.5968161225486,1
5,5,0,11,115.5567484137906,1
16,17,14,4,347.67783682201764,0
8,9,20,1,119.13260174304182,1
12,13,11,11,294.8062410283507,0
3,3,19,0,198.4449061398839,0
2,3,1,16,348.3231077850704,0
13,13,1,7,344.5197107561509,0
11,11,15,28,54.42721322571688,1
15,15,21,14,278.6755544410595,0
9,9,5,28,210.84126122871857,0
15,15,2,22,119.2731836468631,1
6,7,8,15,110.33074304245724,1
16,17,15,21,347.803507330883,0
3,3,13,7,111.17226163119172,1
13,13,9,4,259.45643155449983,0
18,19,17,25,338.32863630800557,0
11,11,12,22,65.11725715960073,1
3,3,13,26,67.92224331021897,1
3,3,19,3,223.8733425010516,0
14,15,6,13,227.79105708908756,0
0,0,7,14,138.53362630578764,1
12,13,8,0,168.3586741432022,0
11,11,3,19,273.5330510823355,0
11,11,14,2,137.13120353214555,1
7,7,2,25,177.22837731765807,0
5,5,22,10,95.297196804107,1
0,0,2,16,155.7252778327816,0
14,15,11,29,181.0771397343275,0
15,15,11,24,68.96822675643179,1
7,7,10,25,130.4208281142394,1
1,1,4,25,327.45822142419905,0
16,17,4,8,235.7698481679285,0
17,17,6,10,75.10381213546526,1
2,3,5,19,217.089239515385,0
6,7,15,21,309.9857777997518,0
15,15,19,10,219.51136479134945,0
13,13,19,6,249.7827797819363,0
16,17,3,9,96.8846113756942,1
14,15,15,19,232.24673812292096,0
5,5,9,24,154.19788737405892,0
9,9,14,15,231.71701274419405,0
4,5,3,16,109.21808171270342,1
18,19,8,20,61.59656850984656,1
17,17,1,9,326.1877522685936,0
1,1,20,6,189.97320941950383,0
13,13,23,14,207.9241318865811,0
16,17,14,16,217.60215060873037,0
13,13,10,16,223.51580641746745,0
10,11,20,28,262.1656313023546,0
14,15,12,9,68.56305851788191,1
7,7,3,19,199.74142746885383,0
7,7,6,17,84.33308875937276,1
19,19,2,1,190.44743535352683,0
7,7,12,0,157.57074818319467,0
18,19,17,27,284.6169412708553,0
18,19,12,2,202.42257042633415,0
17,17,19,1,106.25305659278064,1
8,9,22,7,136.85218746521826,1
4,5,22,29,210.13813357580457,0
17,17,9,1,211.40421445667928,0
18,19,19,21,98.44580979905191,1
13,13,21,11,107.6861059288792,1
19,19,23,22,320.0036974018233,0
7,7,11,2,123.64765308674414,1
0,0,22,21,318.69557663995687,0
5,5,3,3,301.5841905986155,0
15,15,4,14,228.28987833711236,0
10,11,4,2,121.59161847746869,1
7,7,16,11,191.79606250179228,0
13,13,6,6,272.2825556570795,0
2,3,8,4,302.8049456838959,0
9,9,10,6,298.67495634239435,0
5,5,13,8,326.5299547545431,0
12,13,17,7,80.96645141434652,1
16,17,13,4,306.42149977587417,0
9,9,7,6,101.63682292506928,1
6,7,13,26,229.11973423766025,0
3,3,10,3,295.9578154700136,0
6,7,16,9,93.46540716074766,1
3,3,19,25,273.6795555513452,0
19,19,17,0,131.94771468670564,1
19,19,21,3,258.84961881832083,0
4,5,23,8,183.99783220186137,0
0,0,0,17,107.84386456190128,1
7,7,10,11,57.02645837572191,1
2,3,1,1,285.5529764019903,0
0,0,15,16,206.7867756252824,0
10,11,5,26,265.39267466388634,0
7,7,2,14,300.59559501641473,0
6,7,11,5,250.8001690082668,0
16,17,2,3,288.0074324303142,0
16,17,13,8,273.81089878764067,0
6,7,9,15,77.1266045207227,1
17,17,0,5,75.75617467440128,1
17,17,5,26,188.46889602125665,0
2,3,22,2,89.88427499463802,1
0,0,22,4,252.77433097448008,0
8,9,3,28,87.54143766141098,1
3,3,2,14,60.787986791397685,1
4,5,19,21,72.04954548946446,1
7,7,18,17,118.78826071223966,1
4,5,11,25,166.24539008971644,0
0,0,5,26,196.24838634407428,0
8,9,2,15,240.6498766808793,0
2,3,15,6,81.86837669277874,1
8,9,16,1,177.39463249538468,0
5,5,8,25,250.106330687663,0
2,3,13,28,295.1343795815454,0
11,11,8,3,317.2384106337876,0
1,1,1,24,157.13509668143138,0
4,5,8,26,294.25066288514194,0
12,13,13,6,214.18232708916375,0
8,9,9,6,255.5044232842152,0
11,11,13,26,125.90532978482018,1
16,17,18,21,270.8494127807165,0
17,17,9,23,333.9404442236582,0
13,13,16,5,274.14600306613426,0
18,19,17,8,90.67082060359532,1
17,17,15,5,238.2025839721779,0
8,9,11,20,301.3919529145556,0
16,17,23,20,88.55684169223683,1
15,15,20,19,89.13376247372663,1
16,17,14,3,346.15580538201453,0
17,17,15,0,244.35338471160864,0
2,3,6,1,77.11613013542232,1
18,19,8,16,284.9121639691638,0
3,3,11,16,284.59797619409176,0
14,15,2,5,253.86507364684127,0
9,9,19,0,242.19822118848853,0
5,5,22,8,308.48989099923654,0
14,15,9,12,117.94959594899976,1
14,15,15,15,82.45968302501487,1
11,11,1,8,84.09689992479773,1
1,1,7,9,57.49159093928885,1
16,17,23,1,211.03785359964104,0
10,11,13,12,331.8939511661268,0
1,1,1,28,77.0075462846786,1
11,11,21,13,142.76730674021735,1
6,7,20,25,168.45377599867092,0
19,19,1,14,179.96445623590918,0
9,9,1,9,69.51899628375114,1
17,17,23,7,320.23623391365174,0
5,5,21,0,192.3508031111583,0
12,13,13,21,261.15396445359255,0
7,7,8,23,85.39709130797169,1
10,11,19,1,192.22339159344688,0
16,17,20,21,240.0124006244721,0
4,5,13,0,324.64428512149203,0
3,3,9,13,348.34725719934636,0
5,5,13,28,113.61377405959172,1
0,0,10,12,217.98800115818196,0
9,9,19,16,92.76525748667054,1
13,13,21,17,211.78086370378543,0
7,7,12,6,310.343830486496,0
14,15,1,14,167.5035599367245,0
14,15,22,22,150.72137668673628,0
18,19,20,10,343.7341751268536,0
4,5,21,19,300.3025435046631,0
14,15,13,11,83.60726165293073,1
9,9,22,20,173.86886503078497,0
15,15,12,5,290.87594732479863,0
19,19,6,25,273.78957730672937,0
9,9,8,10,282.2685442599316,0
4,5,5,22,197.98320378703443,0
7,7,22,25,172.82712826442602,0
10,11,3,29,75.63651483078755,1
3,3,6,0,318.4814092726902,0
1,1,5,5,244.43333848056537,0
4,5,14,10,324.3864632810513,0
9,9,3,29,128.7533439418277,1
15,15,3,17,141.06159774152985,1
11,11,5,23,264.8994885404507,0
14,15,4,20,349.32952962264255,0
3,3,1,6,63.01802974287488,1
0,0,12,22,270.31612555017773,0
8,9,18,10,55.905586768776885,1
3,3,20,1,258.3871156447401,0
2,3,2,2,316.16591829423567,0
14,15,9,13,322.923769651422,0
18,19,11,16,268.5476511076691,0
15,15,23,6,123.1618642385,1
11,11,1,11,237.63275599867504,0
19,19,22,20,72.05062206501937,1
12,13,3,27,314.74364654635747,0
2,3,13,28,283.100217806697,0
11,11,7,16,289.2943263785454,0
9,9,23,16,261.5564658004089,0
17,17,7,5,179.1947209081107,0
5,5,2,4,183.5701802758043,0
2,3,6,1,89.10004587850105,1
7,7,10,8,152.10560245903162,0
0,0,7,28,67.26949750610663,1
7,7,3,25,127.7102796111876,1
1,1,12,20,60.81814839391095,1
1,1,3,21,316.617750368247,0
12,13,19,11,155.71161708425083,0
14,15,20,27,56.453626501638375,1
0,0,17,0,167.67109478542784,0
10,11,20,3,330.2612797425485,0
17,17,3,16,221.39996906587743,0
2,3,2,0,61.941018408152026,1
1,1,3,25,58.367177235135195,1
0,0,6,0,348.98662127046447,0
5,5,16,7,115.44701565598116,1
12,13,23,8,287.0021985269056,0
15,15,17,10,63.8170374777019,1
7,7,6,4,304.79912335534453,0
16,17,14,28,195.44108237951295,0
4,5,2,10,74.42659798363579,1
7,7,13,20,114.01336845745104,1
6,7,22,23,300.94886388266156,0
8,9,14,21,322.86696744845864,0
0,0,0,28,270.6966728895512,0
12,13,21,20,238.74576761149768,0
12,13,10,0,59.63317508501158,1
0,0,4,7,156.05803291752898,0
1,1,1,28,159.31272798145997,0
2,3,6,0,195.24157698927223,0
18,19,16,14,122.27508284089149,1
3,3,22,19,73.2624060619265,1
12,13,10,23,221.08363594649927,0
13,13,3,27,221.03376360373943,0
18,19,11,5,132.7402561041611,1
18,19,12,26,240.37651192611943,0
8,9,21,24,56.553055275029415,1
6,7,22,21,222.16406024020304,0
2,3,5,22,124.10574601933548,1
18,19,6,18,194.2282446804868,0
15,15,18,29,309.90041500864794,0
6,7,2,11,113.25613731122866,1
18,19,11,5,105.033659274969,1
8,9,11,13,143.52024135629253,1
10,11,14,11,90.05802761284542,1
8,9,8,14,239.45313447279867,0
8,9,10,22,246.37920697653055,0
3,3,7,7,83.36478917483117,1
13,13,19,16,319.43472311589943,0
7,7,0,5,156.44418520212824,0
2,3,13,1,247.56385057573365,0
14,15,16,26,291.3595983096943,0
6,7,1,10,321.0232180917524,0
11,11,3,22,261.1208573358519,0
12,13,9,9,340.1291148428436,0
10,11,11,26,199.97510306406633,0
18,19,11,4,243.78826844469663,0
17,17,5,16,265.35515866272914,0
14,15,15,29,222.7408202763349,0
6,7,22,27,136.95229470733076,1
19,19,23,17,246.3726545643656,0
8,9,9,23,171.7760792305874,0
3,3,19,21,330.4628418417697,0
10,11,7,13,336.7913431916712,0
5,5,17,6,192.60029716197735,0
17,17,13,11,332.38358874043473,0
9,9,20,3,323.601591026314,0
0,0,21,4,58.707288347964294,1
10,11,1,16,80.34966738496571,1
12,13,19,26,78.14599917758301,1
1,1,8,8,209.86011250189017,0
8,9,19,21,323.30100971518897,0
3,3,7,7,292.0582010571154,0
19,19,3,9,60.24514672500375,1
10,11,18,10,119.5761190813238,1
6,7,19,10,154.92472242224466,0
12,13,23,18,309.96331348158697,0
18,19,10,3,212.53179542066076,0
11,11,18,29,325.4949800116445,0
6,7,4,24,239.685577546432,0
18,19,19,4,322.539653286079,0
7,7,9,15,211.0510986865941,0
12,13,0,8,63.788763360874945,1
8,9,12,8,233.4080266303223,0
6,7,15,0,136.0305323650241,1
3,3,4,28,289.57905689439343,0
15,15,6,9,205.49977104007627,0
18,19,16,0,225.7538236947851,0
7,7,23,23,73.25754034864647,1
4,5,2,15,144.75738901054928,1
15,15,17,26,287.60397272910484,0
9,9,9,28,223.765304055563,0
9,9,7,21,106.49440654319125,1
3,3,3,6,233.726537754832,0
14,15,0,13,138.28699010847362,1
17,17,0,0,208.22797630586032,0
3,3,0,26,295.43867960436756,0
2,3,6,13,68.72787411396932,1
16,17,7,1,259.77546077694626,0
13,13,15,9,97.6300792240452,1
8,9,16,12,324.9691019761635,0
4,5,2,14,345.5186266419371,0
10,11,6,29,334.36992742814317,0
11,11,7,24,76.96376266964671,1
18,19,8,16,170.73821280676233,0
1,1,4,8,299.6771119065835,0
8,9,15,16,151.5965247097484,0
1,1,7,17,74.55442351121235,1
6,7,2,22,130.2334016023945,1
6,7,13,12,171.14556286934254,0
6,7,5,1,127.65336710817068,1
2,3,16,7,274.5453585941682,0
4,5,15,24,106.55642925989044,1
18,19,9,0,172.5351670195261,0
8,9,16,27,99.8824982294733,1
4,5,2,28,51.05610597896153,1
2,3,22,21,337.94997408806756,0
17,17,14,18,155.29932987196833,0
10,11,6,8,295.6489644132707,0
11,11,14,17,233.17895552747137,0
7,7,2,5,70.56363259768416,1
17,17,15,17,64.16056384084585,1
14,15,9,19,221.2921438784692,0
1,1,8,0,66.17061452370861,1
2,3,12,20,248.63993598576968,0
13,13,17,5,78.07628762416084,1
17,17,8,13,194.6485936413359,0
2,3,9,12,75.50399001200715,1
11,11,20,9,115.69840962580491,1
16,17,0,1,228.34493130608604,0
3,3,17,29,250.19248130759425,0
19,19,3,8,128.00379742022287,1
15,15,11,25,208.56578557212632,0
10,11,0,2,293.3067419022868,0
8,9,23,5,158.90491106724448,0
1,1,5,9,210.52760549452768,0
19,19,15,27,342.3192131680428,0
1,1,23,22,245.69879141662676,0
9,9,3,2,330.74992720180927,0
5,5,0,28,346.9783542397583,0
3,3,20,13,142.02473903162334,1
14,15,6,5,95.41590823491826,1
6,7,4,2,155.34701028419713,0
17,17,22,15,244.9004761731399,0
2,3,1,28,279.1798715535803,0
13,13,10,11,257.80020339845515,0
14,15,11,6,82.81845072308968,1
6,7,23,0,308.51295862649624,0
8,9,17,25,184.03087399858583,0
17,17,9,11,285.8104378617779,0
6,7,18,23,220.07491759924912,0
8,9,14,8,238.2169947210515,0
15,15,11,13,181.49457355012385,0
10,11,19,13,333.7512746346601,0
1,1,17,19,160.56910482439886,0
7,7,8,12,127.39253602893876,1
13,13,19,21,173.56878193706893,0
3,3,6,29,345.9695176654435,0
12,13,0,7,302.69553444994716,0
4,5,22,24,286.7902891652296,0
2,3,2,22,53.71032375921363,1
3,3,1,5,204.2969858130691,0
1,1,8,0,256.54424677754344,0
12,13,13,8,125.29663388699932,1
11,11,19,0,85.80958082248878,1
2,3,16,4,97.204092053968,1
15,15,4,15,145.57750479588577,1
2,3,21,9,261.8680404693695,0
2,3,19,20,196.57703100783215,0
11,11,8,14,266.76216288493015,0
18,19,22,11,127.79399020714813,1
10,11,3,3,181.76212921073267,0
8,9,0,13,92.63272486820624,1
8,9,15,8,181.81768449454935,0
12,13,11,16,200.7582119565719,0
19,19,8,3,303.26338587372913,0
3,3,22,3,77.72831711323607,1
16,17,23,15,307.941047753359,0
10,11,21,14,209.26496315845569,0
1,1,17,9,211.34709278548775,0
3,3,13,13,247.93901602611828,0
0,0,20,26,74.70046937072922,1
12,13,14,21,241.32330631857656,0
13,13,4,22,240.26974466106944,0
8,9,2,12,126.93386056496512,1
1,1,4,25,321.30190742919893,0
4,5,4,29,201.61138433022865,0
0,0,13,14,293.65507908342596,0
11,11,22,8,81.36830569077932,1
11,11,15,24,298.33924278550836,0
16,17,11,28,91.32992611641184,1
5,5,2,28,179.8414060778356,0
12,13,4,20,309.51729451616353,0
17,17,17,25,303.43726809201115,0
15,15,9,28,99.30529725818434,1
15,15,17,22,196.95978455813835,0
9,9,3,28,254.520453431838,0
11,11,23,1,136.83452963539727,1
3,3,22,18,311.31755379390546,0
18,19,6,14,131.8585029691908,1
4,5,10,27,301.0688766596525,0
17,17,8,29,192.32215303757528,0
19,19,12,26,149.93110699179095,1
0,0,14,22,327.4059129334071,0
14,15,6,20,174.19411209054653,0
17,17,10,9,50.72770089688643,1
10,11,2,12,329.49794249035966,0
17,17,5,19,322.18121120102956,0
13,13,7,22,165.49409666411162,0
7,7,20,9,97.60666276460375,1
2,3,11,17,329.8957664519491,0
2,3,20,6,129.32589151466385,1
4,5,15,2,283.2229989722575,0
0,0,17,26,57.19802174697441,1
17,17,23,20,205.8972828446898,0
14,15,23,6,319.9115725093838,0
4,5,2,8,60.01228599604615,1
10,11,11,0,265.50306162356594,0
2,3,18,5,331.8725601988266,0
9,9,5,0,172.56015909294425,0
0,0,10,24,243.91675297198427,0
5,5,22,23,67.63003968765379,1
19,19,4,14,98.31472544055693,1
0,0,4,1,215.6991174935724,0
0,0,0,12,242.06468265966436,0
0,0,21,11,119.93200807697526,1
1,1,11,22,76.09270948815806,1
14,15,3,15,193.27734192301864,0
7,7,7,12,280.5527582439875,0
2,3,0,25,55.57088517688354,1
0,0,7,12,240.22673275293752,0
3,3,11,24,52.32673043707384,1
16,17,19,21,275.70700929333543,0
1,1,3,12,130.73958069482066,1
16,17,7,28,131.06382986409417,1
13,13,14,9,124.17453990482316,1
18,19,23,24,118.86220971270065,1
3,3,21,0,336.3206693697311,0
17,17,5,24,224.67932583378888,0
8,9,10,17,297.23829657913143,0
14,15,23,10,156.76239834442876,0
4,5,7,27,206.5801137966776,0
2,3,10,17,242.380184948914,0
5,5,21,25,309.1211863412864,0
15,15,6,5,301.40312078388,0
18,19,18,25,90.69471495415522,1
4,5,9,22,215.3990095044543,0
10,11,7,25,260.1044643701704,0
1,1,14,6,227.95326633675197,0
3,3,2,14,63.89696894126493,1
6,7,1,14,71.80954367020958,1
3,3,2,4,158.3539548791287,0
4,5,20,10,324.098277045947,0
17,17,3,26,92.54653264404271,1
1,1,19,15,118.1877729638268,1
11,11,21,21,111.1514471785859,1
6,7,3,25,158.06528091397996,0
13,13,23,24,131.04179138728483,1
13,13,9,27,226.17178907923287,0
2,3,2,29,256.3169755717002,0
10,11,3,25,51.794479827938346,1
10,11,9,15,105.4578363674384,1
7,7,5,21,81.70627046081256,1
13,13,18,28,155.1329785973688,0
17,17,22,3,158.38476906076988,0
19,19,15,17,105.04390601903243,1
10,11,6,6,320.00297825222066,0
16,17,5,21,164.66241371270402,0
18,19,11,29,143.97630864486302,1
4,5,19,24,255.42983083848293,0
4,5,18,21,209.43040625158343,0
18,19,19,16,75.48261723153895,1
2,3,21,23,118.24988353694594,1
17,17,20,15,106.9414239777548,1
0,0,4,16,328.10232712467797,0
12,13,0,17,51.97854019056231,1
10,11,18,10,193.39662606748564,0
13,13,17,0,117.41011189805596,1
4,5,3,23,240.15751723060873,0
0,0,17,17,112.42097943395936,1
19,19,14,28,129.43438379141477,1
12,13,9,13,161.66039963494833,0
3,3,7,4,151.63000683105213,0
3,3,5,11,332.79370148246744,0
18,19,6,29,183.4229826173342,0
19,19,15,11,82.05953820505142,1
3,3,17,19,259.4848740078239,0
6,7,23,29,75.92745641021727,1
17,17,11,14,76.79061770062363,1
18,19,4,15,89.90525165509091,1
18,19,7,29,182.99638248128005,0
14,15,9,27,130.81061688781878,1
12,13,13,19,243.08220913403116,0
0,0,21,21,262.0141881669802,0
11,11,1,10,76.25374760073328,1
9,9,17,11,189.83632311752245,0
2,3,9,20,118.75367321028745,1
13,13,10,23,170.88429876695872,0
16,17,3,4,96.29740478836388,1
4,5,17,20,202.49786941936975,0
12,13,15,19,228.5041590544465,0
2,3,0,27,331.7801997969053,0
13,13,22,6,309.87091584256603,0
11,11,4,19,285.53649936888337,0
9,9,7,23,300.57634879214726,0
7,7,1,15,246.13315892393348,0
7,7,23,0,101.36749735704626,1
5,5,9,9,259.66469735132506,0
12,13,12,5,107.02933107812716,1
13,13,5,11,346.01553478359205,0
18,19,12,18,345.42320148854054,0
12,13,3,22,89.16876336607585,1
19,19,15,28,312.2271939882626,0
7,7,6,18,222.0238164841712,0
0,0,21,22,168.14327951415993,0
5,5,23,14,222.0558422864355,0
15,15,12,14,333.27387894130294,0
16,17,19,20,100.15063127055244,1
11,11,8,29,273.2847631433863,0
8,9,3,16,153.95910541909356,0
7,7,18,18,98.6031445612137,1
14,15,5,12,144.61997005663005,1
3,3,9,27,201.93177652300145,0
19,19,10,7,311.31899204836816,0
8,9,1,7,193.20556921445305,0
10,11,12,23,59.11311457940145,1
18,19,22,19,211.34490366346432,0
2,3,21,25,189.65203576715612,0
2,3,12,17,198.2777304297771,0
11,11,12,15,152.68436889395,0
8,9,19,9,149.00633218199073,1
19,19,10,19,198.1884159645792,0
16,17,23,1,247.4785450520698,0
7,7,17,8,97.27093317763024,1
0,0,6,11,110.39305971253978,1
17,17,18,2,206.53972683883575,0
17,17,4,16,214.2820994259012,0
17,17,23,23,202.22408883433644,0
18,19,8,17,74.8715315003125,1
10,11,1,11,114.67570603850608,1
15,15,6,11,53.74889004809573,1
7,7,18,29,306.8941961455808,0
11,11,11,0,285.0377518595061,0
15,15,18,9,259.18653297701303,0
17,17,4,23,51.73968448357639,1
11,11,11,3,165.08103832212467,0
8,9,2,24,63.38512481713722,1
18,19,15,0,108.71566928967968,1
8,9,17,15,173.0583097644975,0
16,17,11,23,216.2709629889014,0
19,19,12,14,246.4250227703368,0
4,5,23,20,292.2103871046056,0
19,19,6,12,275.0699911943668,0
0,0,1,21,244.51310242051315,0
7,7,14,21,322.8961700578266,0
12,13,12,26,290.60638200529837,0
2,3,5,23,318.0340903911014,0
9,9,2,26,243.1017642352412,0
1,1,7,15,129.3014567570656,1
19,19,2,24,343.28498113381573,0
14,15,22,8,81.78607764656871,1
14,15,12,27,227.4420252641383,0
6,7,7,0,80.39779962226096,1
13,13,2,9,109.47994182056354,1
17,17,14,2,260.5246598316876,0
1,1,21,24,242.95494185853968,0
5,5,21,18,234.80407093614417,0
8,9,15,18,282.351400173894,0
15,15,2,18,286.3336269806577,0
1,1,6,22,214.54166346694063,0
0,0,19,13,315.9759553250405,0
13,13,5,11,259.0671246553188,0
9,9,3,25,242.0349438806712,0
3,3,13,1,287.37897193771164,0
15,15,4,12,322.03024357906224,0
12,13,2,12,207.23428983486832,0
2,3,11,7,345.899294853168,0
4,5,23,11,230.1633580492959,0
6,7,21,12,131.57072512022313,1
15,15,23,7,110.15235064033595,1
18,19,6,5,345.29849976805383,0
7,7,11,20,84.57801428549976,1
1,1,19,7,230.1504049716129,0
9,9,1,17,310.96691911967287,0
19,19,18,14,260.6083847237361,0
16,17,4,28,140.09938122620088,1
16,17,7,13,125.29253428774626,1
18,19,16,7,249.23107778907217,0
19,19,4,20,263.5655099598312,0
2,3,8,25,62.10124208307596,1
5,5,18,10,304.98067495156187,0
15,15,18,17,331.22648414152803,0
0,0,18,15,78.57615329815896,1
12,13,12,26,175.39349787947916,0
13,13,3,22,140.3201435911774,1
4,5,5,15,311.8922463521495,0
4,5,7,25,339.7107802213619,0
11,11,7,5,150.03099628595828,0
11,11,7,15,172.96875644551673,0
5,5,10,10,164.16197330442554,0
13,13,3,9,257.85188392826495,0
8,9,6,3,96.16996745009574,1
4,5,16,13,129.49606668299973,1
4,5,7,22,316.7247872149383,0
13,13,8,16,105.08105992869,1
12,13,17,23,162.23570353166852,0
4,5,15,5,172.05722337741247,0
16,17,21,1,139.8615065182353,1
13,13,12,5,280.0771355252313,0
12,13,9,26,169.1716949144681,0
0,0,16,12,128.14968499733553,1
2,3,18,9,300.919574925584,0
2,3,6,23,69.552096224104,1
3,3,17,4,132.46438458589466,1
16,17,11,6,173.4957425619058,0
11,11,1,10,171.23799139160357,0
15,15,12,2,191.4393383704136,0
5,5,15,12,55.15442149904406,1
8,9,5,22,313.5021372236903,0
5,5,0,3,149.93952072000758,1
13,13,22,28,177.52685136625206,0
4,5,15,8,137.0466696780667,1
2,3,13,9,289.1386575462875,0
17,17,22,16,56.87682894871825,1
10,11,6,17,281.6534105621454,0
17,17,23,5,84.56651646348517,1
2,3,5,8,340.4106708757449,0
9,9,1,23,94.18349825337094,1
0,0,2,28,319.0631976407187,0
14,15,19,10,59.71487265673024,1
1,1,5,29,59.310721836719274,1
19,19,1,9,229.48881218032375,0
2,3,21,8,194.31966388102043,0
6,7,1,8,273.6219161310037,0
12,13,14,24,305.5609450581356,0
0,0,23,12,321.1145705872629,0
13,13,6,9,220.3421163846081,0
9,9,3,3,271.53657102932686,0
6,7,13,13,291.60886993153986,0
8,9,14,0,277.4208316287187,0
0,0,4,8,326.5807766798803,0
16,17,2,22,322.9152104662193,0
2,3,1,21,186.90890557909347,0
16,17,13,10,95.8050510292462,1
9,9,4,0,210.06297258798796,0
15,15,22,21,223.97951744957504,0
6,7,23,26,86.21694388768375,1
3,3,6,17,259.0366904409297,0
15,15,13,25,228.3594984048485,0
9,9,1,9,114.5427451646904,1
9,9,3,15,302.59226854877977,0
0,0,9,3,72.92055459795101,1
15,15,3,7,77.90611581702794,1
2,3,16,25,139.48068115255896,1
3,3,23,26,58.48997441845215,1
15,15,22,24,81.27404544341191,1
16,17,8,10,330.1166102128326,0
0,0,0,1,227.54857685176717,0
5,5,17,10,101.27203760227653,1
5,5,2,7,220.53249295737268,0
13,13,5,22,214.8597718151269,0
18,19,21,23,232.9349923095233,0
19,19,4,14,68.56423404159159,1
3,3,5,7,337.51554536189724,0
1,1,6,6,134.85809241700966,1
9,9,8,2,298.07215946396656,0
14,15,15,25,183.57266935341588,0
18,19,23,24,74.662159445004,1
7,7,11,27,220.4467352756412,0
14,15,19,3,276.6317053017735,0
15,15,16,7,232.33362966693585,0
13,13,13,24,297.6330559835991,0
0,0,16,4,182.91825467340664,0
13,13,16,10,188.69598008957468,0
1,1,9,2,134.10794789480053,1
0,0,21,18,226.89180625341217,0
18,19,17,20,262.37915176479544,0
12,13,20,10,309.48444057849593,0
2,3,18,4,263.693057104553,0
3,3,13,21,191.61834001592945,0
1,1,20,26,244.73287336612432,0
8,9,4,21,316.85741693709826,0
0,0,18,3,296.24855245921725,0
14,15,17,17,124.48467567511447,1
19,19,12,21,299.6651151830351,0
14,15,1,9,87.67396486741296,1
4,5,14,12,318.83751950335574,0
0,0,5,23,96.39209631468503,1
6,7,19,18,152.89013097532887,0
9,9,15,20,85.74875710901615,1
16,17,17,14,143.13842473138993,1
12,13,3,24,222.84955291643053,0
6,7,15,0,321.9662420659266,0
4,5,19,13,242.09564444415363,0
17,17,2,1,211.18480860476657,0
2,3,3,17,286.8070460615817,0
13,13,15,8,266.0376985978103,0
1,1,9,1,149.20734143082515,1
8,9,16,24,78.40764409932656,1
7,7,2,28,320.5065019262383,0
0,0,4,18,150.0237721036769,0
15,15,5,13,316.1973625459293,0
8,9,12,11,152.4244126542037,0
17,17,20,20,57.85887963816273,1
4,5,20,23,121.18681350640198,1
15,15,6,10,209.50123311386577,0
0,0,9,26,204.99780058959925,0
8,9,23,20,272.22684515356514,0
3,3,21,14,171.85732508247213,0
8,9,4,21,62.64636210322255,1
12,13,10,27,335.3709089229622,0
11,11,3,29,220.0594142877962,0
18,19,2,7,211.95053761945755,0
5,5,1,3,332.55425966928556,0
6,7,3,8,206.62126893404923,0
4,5,12,4,344.9242744505863,0
1,1,19,24,342.9904647133031,0
18,19,0,23,328.85239504802075,0
8,9,0,5,110.40674665814612,1
2,3,19,9,51.916500256622555,1
6,7,15,4,246.9603775125728,0
15,15,14,21,288.99697960942655,0
17,17,7,29,220.4335392514236,0
9,9,20,24,74.59279356560063,1
2,3,19,17,230.8241104395792,0
2,3,5,0,105.19437000533554,1
1,1,8,6,171.13026737357384,0
11,11,3,12,189.05605038940905,0
15,15,18,25,322.3784570848513,0
2,3,21,28,106.71663831895302,1
7,7,16,3,54.196317404498,1
5,5,13,24,334.1010400064555,0
13,13,0,20,277.08962873864425,0
4,5,6,19,57.80611474134664,1
16,17,16,28,135.48164153800005,1
4,5,2,18,168.3086177870476,0
5,5,17,8,194.60291422126775,0
16,17,14,10,283.47954862537483,0
3,3,0,8,138.95540708689646,1
5,5,0,23,336.48815264205194,0
16,17,10,22,205.96610404001356,0
0,0,10,24,161.28677049960032,0
8,9,6,27,320.09887467585634,0
12,13,3,4,322.4050175351083,0
16,17,4,21,108.58134466859158,1
0,0,0,27,247.90553816281107,0
16,17,18,16,84.26885486435128,1
9,9,14,7,61.86687265869071,1
10,11,7,17,256.65512284575027,0
13,13,14,27,219.6076987310201,0
0,0,2,5,129.8251846376991,1
4,5,0,5,219.7734745304198,0
11,11,22,20,292.93070006257324,0
18,19,16,22,170.1468328369295,0
5,5,4,11,190.7300372113057,0
15,15,16,4,150.83455440541982,0
2,3,1,27,337.7043472684633,0
19,19,16,17,165.93097204931877,0
17,17,9,26,258.6933026388202,0
4,5,15,16,84.32676198309161,1
6,7,0,19,256.20225679248966,0
5,5,3,1,137.2345227310515,1
0,0,12,23,329.3143251208154,0
10,11,12,18,77.88491059590963,1
9,9,2,22,87.46465693487333,1
14,15,12,24,271.62400327250907,0
9,9,23,3,212.3095850770352,0
16,17,6,3,75.75884029099676,1
12,13,2,23,343.69331544150447,0
5,5,10,7,118.95129132476583,1
5,5,21,14,107.80276152429124,1
15,15,21,6,53.61469676760131,1
5,5,19,4,211.7218125868298,0
2,3,21,28,80.578295514069,1
3,3,11,25,234.81686456347165,0
12,13,17,8,171.26314875157072,0
7,7,4,3,314.85247601209494,0
19,19,6,14,181.07845810055423,0
14,15,21,14,294.0504688720178,0
18,19,16,2,130.28871265827374,1
8,9,23,0,117.90343614220392,1
19,19,19,5,124.02638761095552,1
13,13,2,15,83.4332052612019,1
4,5,17,28,232.89775502819649,0
5,5,8,19,185.7322633716965,0
2,3,23,20,230.86568123752696,0
10,11,12,12,235.39922952631343,0
3,3,21,27,282.47791559009255,0
13,13,8,2,65.37219815566363,1
12,13,11,25,134.53078616632408,1
8,9,5,1,56.91403972767861,1
16,17,12,8,188.82105855839256,0
8,9,11,18,80.85607438750573,1
3,3,0,7,330.3078782239465,0
12,13,8,10,288.94038020465507,0
7,7,5,6,179.64059127448917,0
3,3,3,8,145.42394019290134,1
1,1,19,7,166.72173518340134,0
3,3,4,21,332.6685693795636,0
5,5,14,9,54.16409579643235,1
12,13,13,5,306.47805873792487,0
18,19,14,25,274.2657242048629,0
7,7,3,14,189.85742614433465,0
2,3,12,7,175.76927633346452,0
17,17,2,17,289.3207859007065,0
14,15,19,0,342.0966028444223,0
17,17,0,0,93.27284531253989,1
14,15,8,22,148.1268228110872,1
18,19,10,19,114.44408878183371,1
15,15,0,7,169.23365069325877,0
19,19,13,4,260.9986618789607,0
10,11,20,2,62.68289208504099,1
19,19,17,11,164.9959525832783,0
14,15,4,24,258.64216079895334,0
14,15,6,4,52.807622798744646,1
0,0,16,4,324.300548189828,0
7,7,7,23,160.22770639919756,0
8,9,6,11,62.576160191437936,1
10,11,2,28,215.74062057866328,0
13,13,0,0,248.05302614571144,0
3,3,7,4,263.35871105208264,0
14,15,17,19,69.14449014134293,1
14,15,22,0,120.2176420542552,1
8,9,15,18,341.7475333437046,0
8,9,4,15,76.1367388710173,1
14,15,19,20,74.39032624751438,1
15,15,23,15,78.37066916716961,1
18,19,2,7,282.0273662569646,0
14,15,19,23,187.5840673279768,0
13,13,7,4,132.0328360458436,1
17,17,10,28,86.04904145342648,1
14,15,11,20,96.89610373285096,1
16,17,20,23,230.1177413214594,0
2,3,2,21,245.3021650138316,0
1,1,15,10,291.28382133541027,0
4,5,21,11,79.03154985053708,1
10,11,5,18,190.42608716555796,0
12,13,7,21,322.4532041961513,0
5,5,4,12,95.6063001711721,1
0,0,23,26,199.50038147128808,0
17,17,17,28,171.2780667043879,0
2,3,23,3,206.83944810902236,0
1,1,16,16,117.51022496808072,1
17,17,13,18,141.10172961484946,1
6,7,13,25,170.3443894152619,0
10,11,8,21,119.2087728594775,1
10,11,15,7,296.8093352709028,0
6,7,9,4,345.0752332060828,0
8,9,3,12,344.87008775540323,0
7,7,20,2,153.0417874557345,0
9,9,15,0,257.6922398027927,0
12,13,4,18,227.73834152258988,0
13,13,12,16,159.0439691786644,0
6,7,18,24,325.9722843660006,0
10,11,22,4,159.3090080365277,0
9,9,6,23,74.88653041241929,1
7,7,20,6,178.65564820330894,0
4,5,2,0,296.2388285350796,0
6,7,18,15,322.8817328621306,0
18,19,8,21,133.45560954759975,1
19,19,8,17,199.11260817206616,0
11,11,18,8,305.353238505997,0
4,5,7,28,284.95957028170955,0
19,19,10,20,132.71653098913504,1
5,5,6,1,216.0737983823972,0
15,15,9,24,300.92800627209607,0
17,17,23,13,322.9125732248035,0
15,15,23,1,136.07397408967435,1
8,9,2,2,293.1274892013677,0
15,15,6,1,184.09515625914483,0
18,19,0,9,144.4732130426504,1
4,5,12,24,111.17471847077285,1
18,19,22,1,292.32057582969384,0
13,13,0,2,289.7793834350211,0
18,19,18,15,329.33741960106903,0
1,1,19,9,252.33383675093015,0
0,0,5,5,182.6100747811167,0
18,19,19,27,293.3776811261201,0
6,7,23,3,208.72185101075684,0
1,1,16,7,200.92906421740705,0
18,19,22,9,106.90945629057012,1
13,13,1,27,310.76119790705536,0
6,7,0,26,298.6895710654507,0
0,0,11,25,314.5940444901657,0
17,17,5,29,286.30694647231144,0
15,15,23,18,99.7921025549226,1
14,15,20,23,164.21762365576052,0
17,17,7,7,122.939495688497,1
15,15,5,10,158.5774210098434,0
10,11,6,21,303.9207326160511,0
9,9,0,16,147.9755247716397,1
13,13,3,12,171.12954108445328,0
8,9,13,2,119.30992266340994,1
2,3,6,16,80.64974836618536,1
18,19,20,17,83.58227875129086,1
10,11,8,28,60.89046877176085,1
5,5,1,26,337.69979484248597,0
5,5,22,20,342.9866856015359,0
15,15,15,17,302.9294095057915,0
16,17,7,8,208.97974775552285,0
15,15,12,18,177.15595085575922,0
8,9,6,13,52.195121753760134,1
2,3,16,4,80.99850734641521,1
6,7,23,24,158.22929201653102,0
17,17,3,13,290.8933429179287,0
2,3,19,9,304.788838585724,0
1,1,1,12,280.33654389733726,0
4,5,10,10,114.04252676030652,1
15,15,23,24,121.7985949361336,1
14,15,1,6,242.359637475286,0
3,3,1,23,143.37103176338417,1
19,19,19,23,292.9912653954114,0
1,1,17,0,344.2753201329414,0
18,19,1,21,258.9116444265947,0
12,13,8,15,68.31508008577212,1
1,1,12,8,340.6861212312591,0
0,0,15,1,151.44758573833977,0
10,11,1,14,212.54823987310272,0
13,13,16,17,252.63192844586777,0
12,13,10,21,82.02396239575118,1
15,15,9,20,331.40785955951225,0
11,11,5,21,78.00573978338537,1
11,11,23,14,212.49199610011848,0
6,7,0,24,346.7857440804607,0
8,9,12,9,220.74982406844873,0
11,11,0,7,318.6279949084954,0
2,3,14,29,215.85034652917295,0
3,3,1,8,155.7177546124514,0
17,17,14,10,77.87301289317574,1
15,15,14,6,116.90873904513352,1
5,5,20,24,325.4472111878384,0
15,15,14,20,240.93936598859065,0
15,15,18,9,132.90488605953712,1
10,11,6,4,336.43591492646783,0
5,5,15,20,88.53554668418104,1
10,11,19,13,118.5010608454993,1
5,5,9,27,301.99140618139944,0
11,11,15,16,266.2464353659313,0
0,0,5,25,232.1128667029561,0
0,0,17,5,84.46331739434572,1
5,5,17,22,246.2674908590908,0
11,11,19,11,186.7208907292097,0
9,9,12,18,125.25409330733746,1
9,9,21,7,136.02781951354845,1
0,0,15,23,272.0391446690347,0
15,15,18,26,61.39619233272929,1
3,3,15,8,193.66018793471255,0
7,7,14,13,115.7836117565687,1
0,0,4,18,212.0093653932503,0
19,19,21,23,155.38527445579783,0
10,11,5,14,266.6849138397723,0
17,17,22,24,345.5685110296401,0
15,15,1,15,194.99885537433016,0
18,19,8,10,118.34634359454644,1
4,5,12,25,150.49060974681657,0
10,11,14,9,263.56685687073275,0
15,15,13,9,266.8909481674187,0
14,15,2,12,210.1618705835508,0
9,9,19,15,348.18683875431117,0
8,9,21,6,51.71097693374095,1
18,19,23,26,100.02242733930868,1
2,3,22,25,212.3385659326576,0
19,19,0,15,321.584250132285,0
19,19,21,1,50.67920740684072,1
17,17,22,19,339.5007333769922,0
17,17,14,21,94.60468367850768,1
1,1,15,10,211.1326889731156,0
2,3,10,15,230.9236258332323,0
6,7,16,20,175.59245021727392,0
11,11,6,19,196.6402274654613,0
14,15,22,0,165.3537541391868,0
18,19,18,10,60.48070234713256,1
8,9,11,29,255.09173272768624,0
4,5,16,12,220.8286367472794,0
7,7,23,17,101.24047130848336,1
17,17,21,11,141.36243457833342,1
8,9,15,24,111.68124827784096,1
0,0,14,4,253.09015361233193,0
6,7,13,7,240.10345587391112,0
9,9,9,17,217.96627426340828,0
7,7,2,10,195.49123645115696,0
17,17,15,11,101.8393604165733,1
18,19,16,8,220.65865200829035,0
18,19,15,9,188.58533738389116,0
17,17,8,18,133.10449178652638,1
5,5,7,23,52.37379772750018,1
7,7,14,6,89.97144447727638,1
17,17,23,1,246.2039740877649,0
4,5,9,27,271.06070993135756,0
8,9,21,4,275.33603250804754,0
5,5,5,10,107.5673807882642,1
10,11,19,16,261.62258342602394,0
7,7,8,14,194.04776848521848,0
10,11,14,27,63.69229152440196,1
2,3,4,10,224.3211202025982,0
4,5,22,3,208.3233605365662,0
11,11,13,9,282.268393248656,0
15,15,6,9,221.08181878579353,0
8,9,8,19,120.3830113994758,1
9,9,13,14,200.28359489482733,0
9,9,4,9,216.21312416993945,0
8,9,2,27,110.54290863652852,1
14,15,15,20,100.73142896797832,1
3,3,3,1,107.82525039508286,1
8,9,2,5,222.9160636056479,0
7,7,4,3,67.01219440048811,1
13,13,23,11,81.96352992163334,1
13,13,21,17,338.59080133627015,0
0,0,2,23,344.8631871735504,0
4,5,4,23,125.12987780846274,1
5,5,19,16,109.6784266738785,1
13,13,21,22,267.8827926804039,0
15,15,12,1,312.82419945968695,0
4,5,19,1,257.26041329458985,0
11,11,10,24,88.0843054650206,1
2,3,11,7,337.467301607993,0
2,3,1,8,271.8283296965646,0
10,11,5,14,300.61276156906234,0
8,9,4,4,339.3703406491114,0
14,15,4,21,145.75082700783568,1
7,7,2,28,118.09836776126603,1
11,11,21,2,202.71169630178605,0
14,15,2,26,169.32291686536576,0
8,9,8,24,269.3931828208366,0
6,7,11,5,274.8364595360278,0
11,11,13,10,175.42502432726994,0
11,11,13,7,187.34918114305805,0
12,13,5,8,223.5176570998592,0
19,19,14,15,274.6791570863236,0
7,7,14,21,154.85588047771463,0
4,5,1,5,307.00441191617955,0
17,17,22,10,152.76235935984604,0
15,15,21,8,60.03719709661747,1
5,5,16,12,201.8617396165245,0
4,5,23,0,323.3503453684173,0
3,3,18,4,217.8798307147864,0
4,5,1,10,136.9207490448958,1
9,9,14,23,342.6600152491855,0
3,3,18,14,182.83305035047837,0
2,3,5,29,209.4987405400882,0
14,15,17,5,260.15285890503276,0
19,19,19,16,294.0069832559771,0
5,5,10,13,231.10015560832892,0
3,3,6,22,145.38416082284542,1
11,11,12,27,120.11340530378952,1
5,5,4,28,311.1494289298627,0
12,13,9,22,229.48221784073564,0
4,5,23,26,221.69563565834517,0
19,19,15,16,279.4340209339856,0
4,5,20,5,217.4977551135567,0
8,9,9,26,93.15279063830224,1
14,15,9,20,146.13372658885325,1
7,7,9,28,321.87798697062937,0
10,11,21,2,280.51794512373993,0
3,3,0,15,307.72857568427366,0
17,17,9,29,122.89963717793636,1
3,3,16,16,57.96800480091181,1
6,7,9,5,64.55882550515985,1
3,3,19,19,99.76660912835376,1
13,13,20,21,275.41704605051694,0
19,19,15,5,99.37779734450255,1
15,15,13,15,310.93703278779554,0
3,3,4,15,283.1638280478502,0
15,15,13,17,87.12767379388724,1
8,9,12,23,241.36140726547669,0
11,11,14,18,203.9031352057285,0
11,11,4,8,88.29503847186896,1
5,5,18,23,134.4157227079291,1
2,3,2,27,301.83619863533374,0
18,19,22,17,137.3843203068943,1
16,17,15,16,212.2248266939023,0
13,13,23,10,315.24777998231303,0
4,5,16,8,135.7094913562889,1
11,11,15,29,297.842746145173,0
0,0,8,19,289.5472359676465,0
5,5,8,14,281.70469942633935,0
12,13,4,19,144.28685122843376,1
14,15,7,15,143.11766324630676,1
19,19,13,5,101.62257432249176,1
4,5,20,1,332.2600334694699,0
10,11,1,28,332.0312190987038,0
11,11,9,0,171.10013149857565,0
11,11,22,12,254.91249828252353,0
3,3,22,26,254.34639072903784,0
15,15,19,24,209.93831574505725,0
5,5,18,19,103.71297149601446,1
13,13,8,28,140.10519093990268,1
12,13,17,11,180.4885076689216,0
7,7,22,28,275.94631908140184,0
3,3,22,27,301.7984651913075,0
13,13,12,22,209.59986803157727,0
9,9,21,9,244.0986884447797,0
9,9,7,19,138.4026616178384,1
4,5,22,21,57.717987364775304,1
16,17,3,5,175.179444751818,0
4,5,10,27,137.52386062065477,1
15,15,18,27,207.11765514979305,0
4,5,8,22,275.3366842656058,0
17,17,23,1,306.6921220350453,0
18,19,8,3,312.51321884346305,0
0,0,9,16,103.95711421646617,1
5,5,2,18,241.87409734289588,0
6,7,10,22,204.56965779739355,0
0,0,14,18,101.67639648165972,1
0,0,12,14,153.48520207003813,0
13,13,4,1,236.7761474363223,0
8,9,9,22,59.877462694281014,1
9,9,20,25,155.72006156201215,0
2,3,19,24,345.1904380489992,0
10,11,16,2,222.59718879552625,0
4,5,17,7,112.59897843713756,1
4,5,1,15,178.62891889296966,0
19,19,2,28,93.89748695210965,1
8,9,20,16,62.52497445197972,1
13,13,9,14,255.7835611490657,0
15,15,21,3,277.1008747170032,0
17,17,23,7,326.36470106669674,0
14,15,0,19,348.7351877765185,0
9,9,15,9,311.5842871660592,0
0,0,21,14,172.28313100013887,0
6,7,21,3,152.39549355534947,0
18,19,0,18,195.160637966524,0
14,15,6,16,94.77474109692196,1
14,15,21,18,251.9336353731504,0
13,13,20,3,66.67393185108675,1
9,9,23,10,182.64632500026303,0
9,9,10,25,265.99516273013734,0
10,11,8,1,90.52338096927942,1
5,5,3,5,56.9438503141269,1
1,1,9,3,258.3901231264562,0
11,11,6,16,177.34512038115787,0
16,17,21,0,160.85681515431222,0
11,11,1,3,283.8406059930072,0
19,19,18,22,232.6742944076595,0
2,3,11,27,80.09082723966323,1
17,17,9,20,253.03125595961444,0
13,13,6,17,51.35461212060521,1
17,17,17,16,84.4173464132102,1
9,9,5,9,203.5264609432916,0
17,17,16,6,178.52560915378018,0
6,7,13,6,286.90652975768944,0
0,0,20,10,116.62035159640396,1
13,13,10,16,249.5679938444013,0
18,19,0,11,70.41377646542642,1
17,17,4,5,135.62129076947028,1
12,13,2,6,251.18871818615293,0
9,9,5,24,126.77113941008857,1
13,13,0,11,115.2986064627308,1
17,17,10,13,84.83619873646198,1
10,11,21,3,106.16445998776338,1
1,1,6,0,119.98479671235172,1
5,5,8,15,144.932582127905,1
6,7,0,3,292.4801264671101,0
18,19,15,25,188.94910076179937,0
13,13,22,3,89.5170552528339,1
2,3,7,5,104.10680230014626,1
7,7,15,12,316.1429406842026,0
8,9,21,12,188.6211391391822,0
7,7,10,20,101.22606201739374,1
10,11,9,29,285.44756408031265,0
14,15,16,27,266.60042151409465,0
1,1,23,8,274.09021784186564,0
8,9,0,9,162.5886945176377,0
8,9,4,17,90.03163998990483,1
7,7,19,3,340.1296313034054,0
14,15,10,17,97.47221225309244,1
8,9,8,7,193.79607477913197,0
2,3,12,29,211.6215030028618,0
17,17,11,10,248.79717919392183,0
11,11,3,20,271.22892838904954,0
17,17,21,1,243.87131284793404,0
5,5,16,26,327.34504968428786,0
4,5,5,3,58.84981266819109,1
0,0,18,6,83.31333734908532,1
4,5,6,25,51.26048184501488,1
18,19,20,24,81.58852295919316,1
19,19,20,14,292.8148202497834,0
7,7,16,4,236.30532547726023,0
7,7,9,25,141.66163263809514,1
3,3,23,24,84.17355052344848,1
6,7,7,24,238.66702215975096,0
14,15,10,6,206.46751395043756,0
14,15,22,29,198.03750890633023,0
1,1,11,4,311.03378403542564,0
14,15,20,7,191.24398633480985,0
10,11,9,27,323.13546841228634,0
12,13,6,7,266.46885279792247,0
4,5,22,18,224.773426982922,0
9,9,20,4,114.90593680042292,1
4,5,15,20,104.34390426729168,1
11,11,20,2,149.8719592024632,1
11,11,3,4,307.198449324176,0
0,0,7,24,156.68632358548658,0
7,7,8,13,51.40327382209703,1
7,7,10,3,265.7579642767915,0
14,15,0,4,88.14843581281565,1
1,1,6,5,145.32820825836825,1
1,1,7,5,255.525457961603,0
6,7,13,3,154.81686782906283,0
9,9,5,3,289.32292891347623,0
0,0,1,22,142.87075107697365,1
5,5,7,7,200.00933402322525,0
8,9,21,27,173.37269553409155,0
11,11,3,9,129.35333566786403,1
13,13,20,29,64.21897949021815,1
15,15,5,22,244.5272472717315,0
10,11,3,24,250.64270184300017,0
4,5,2,11,230.3115552948178,0
17,17,9,21,256.7085865716865,0
0,0,21,8,300.49662934150916,0
18,19,12,29,69.7527047201192,1
12,13,14,26,245.8271039865957,0
12,13,18,14,156.45402486728085,0
1,1,13,3,144.90986911731397,1
0,0,7,5,320.2412444969155,0
15,15,1,2,166.5919068802224,0
1,1,9,20,333.4111606259479,0
16,17,20,27,334.16148727694167,0
12,13,11,10,296.9252595726582,0
13,13,0,14,141.3989333095072,1
13,13,23,4,134.8335416229442,1
19,19,2,25,265.11545509984245,0
16,17,21,21,285.33107329666933,0
12,13,2,21,296.45292363758495,0
3,3,3,13,312.55614896140213,0
11,11,18,29,80.8268339428602,1
4,5,9,2,195.7265706828364,0
5,5,5,11,143.20894807032124,1
0,0,23,12,150.2560273219372,0
9,9,18,2,141.39878534498186,1
7,7,5,19,333.1406873482562,0
4,5,10,15,169.28853533859314,0
3,3,0,8,174.31177035891344,0
7,7,15,18,163.80037560228573,0
12,13,11,19,199.056739961035,0
17,17,19,15,331.30496747583976,0
8,9,4,11,86.91496886895845,1
16,17,0,12,160.91831784490194,0
12,13,19,1,50.06366722172229,1
15,15,13,22,289.2417330108541,0
1,1,13,6,60.26105452188039,1
17,17,17,23,336.29986334671327,0
2,3,6,1,184.191249886368,0
18,19,5,3,166.6218724471007,0
9,9,23,1,272.97833728818387,0
16,17,20,7,172.16336698970238,0
6,7,0,16,206.97010449975647,0
17,17,14,25,73.15387862324553,1
12,13,17,5,233.3090976636548,0
17,17,0,2,240.14946640547467,0
4,5,22,15,69.17284765887949,1
18,19,8,23,116.83469789267689,1
5,5,19,20,61.7295348543576,1
0,0,3,13,253.67118976690537,0
16,17,9,23,130.70976483176028,1
16,17,4,6,51.55879411091124,1
12,13,19,22,96.3686558459047,1
11,11,3,6,205.93787796443556,0
9,9,8,20,251.37184751388992,0
1,1,21,24,186.23205244277696,0
13,13,11,7,144.05267465778388,1
4,5,20,26,222.22472082415248,0
3,3,21,6,135.1130589450045,1
11,11,19,29,293.1555650072732,0
17,17,4,10,215.40388227938269,0
9,9,12,27,70.09380989311015,1
0,0,0,29,160.46846252934992,0
18,19,5,13,317.02959750595534,0
6,7,21,23,253.2251871052459,0
6,7,8,9,178.36451032131905,0
7,7,20,12,96.85252398728508,1
3,3,1,0,273.7990436209025,0
17,17,0,20,269.0153012739927,0
4,5,6,19,244.04379023277744,0
4,5,2,17,213.1773673922693,0
1,1,10,10,332.63195122376294,0
7,7,6,8,84.87147892078949,1
19,19,11,22,338.5140603891876,0
18,19,0,9,113.8858625259396,1
11,11,7,5,293.4306069332455,0
14,15,17,24,114.59655132770718,1
4,5,11,12,293.80399749265797,0
9,9,19,25,101.37547178611524,1
6,7,23,23,101.93745431761369,1
16,17,0,16,77.34120980996767,1
15,15,0,11,130.62077824288096,1
8,9,17,9,85.71269396550817,1
8,9,8,26,235.6505012912653,0
15,15,8,3,304.75828003735006,0
6,7,3,10,257.6013180336597,0
15,15,20,8,233.58454265919292,0
2,3,7,14,57.83372136991899,1
19,19,1,24,241.86246919250868,0
1,1,5,12,318.5703436019089,0
5,5,3,11,199.57169474635987,0
15,15,12,12,279.92843027001584,0
10,11,16,17,231.82254470663884,0
17,17,21,25,277.0148296434609,0
4,5,18,23,96.83755258276132,1
18,19,16,4,296.67984103321544,0
9,9,11,12,236.81473073184108,0
12,13,18,1,197.736321533819,0
8,9,10,10,113.58287275615344,1
3,3,23,27,53.87078856552628,1
15,15,13,25,54.38160971078185,1
8,9,18,6,180.5643656122332,0
14,15,14,1,238.5390992473806,0
8,9,13,17,123.4827118782098,1
5,5,23,28,340.89308287154284,0
19,19,3,7,249.08513374635945,0
8,9,0,8,133.12145897910383,1
18,19,14,2,54.25964734193928,1
3,3,12,9,323.41527254753305,0
15,15,11,16,139.38910044573635,1
1,1,16,27,200.18620888128729,0
12,13,5,21,319.0190985346959,0
2,3,20,12,212.0039950420282,0
19,19,5,23,91.20189480751208,1
16,17,1,28,125.31351862717852,1
19,19,11,9,113.93708693466056,1
11,11,17,21,167.58125951689124,0
9,9,8,6,71.14963269536436,1
9,9,1,28,175.79660931917343,0
4,5,5,3,138.09611462850165,1
19,19,6,7,340.7747843569282,0
17,17,11,13,107.54639265447426,1
3,3,17,22,51.61885569372442,1
8,9,23,13,240.78605381795737,0
18,19,12,17,116.71257458986682,1
4,5,0,3,164.58549025825425,0
11,11,16,11,163.8079342705338,0
15,15,14,25,314.56227078731274,0
0,0,17,21,275.8394711177211,0
11,11,9,1,262.8918635913964,0
2,3,12,19,244.3106875621987,0
12,13,15,3,99.85324193800204,1
1,1,9,5,264.55210174045044,0
12,13,22,28,174.90646328141207,0
12,13,13,28,171.15492096436287,0
6,7,16,16,158.34987959924442,0
10,11,17,19,131.88363798476712,1
6,7,13,29,88.02957350214737,1
6,7,19,22,349.67499001347943,0
12,13,17,6,124.9257143508976,1
18,19,15,22,184.7447052947913,0
14,15,5,7,270.38809425194927,0
7,7,16,23,218.9617275687741,0
15,15,11,7,256.0631977311561,0
9,9,5,21,282.1589902391032,0
10,11,16,4,249.31518326966696,0
19,19,11,27,268.41648794168117,0
2,3,11,25,316.8253946698029,0
5,5,12,14,344.8204181981268,0
5,5,10,3,54.609768156783936,1
8,9,14,27,152.5541438043025,0
3,3,3,4,163.26778824618378,0
18,19,1,24,168.89831530870873,0
0,0,10,14,184.4410068547365,0
3,3,13,18,263.9702521823496,0
10,11,14,24,83.9961965175865,1
10,11,15,0,190.983822674714,0
1,1,0,19,308.26536259200884,0
10,11,7,19,158.6441649875968,0
12,13,21,0,231.3433792475616,0
12,13,18,9,301.4384769087246,0
0,0,22,11,87.76102530485946,1
17,17,23,23,269.7076190337897,0
17,17,4,1,80.4373358745495,1
8,9,19,12,188.96659462214268,0
18,19,11,13,105.59073385548368,1
9,9,20,18,316.76989932880167,0
17,17,15,3,81.3693514938835,1
9,9,18,20,155.80945823076226,0
12,13,20,20,239.15995591974544,0
1,1,23,28,257.96429436107906,0
18,19,18,24,332.4457239461243,0
0,0,6,18,117.1853251064022,1
11,11,2,16,252.4985002487839,0
18,19,16,18,120.13151126823212,1
6,7,23,8,71.45673143260693,1
13,13,10,26,260.3740424253843,0
0,0,13,27,278.670076995711,0
10,11,8,11,314.94789485631406,0
9,9,21,29,235.83018172606683,0
0,0,2,9,215.1972398913148,0
1,1,15,16,286.63149877730507,0
16,17,16,3,248.07057886995557,0
15,15,4,28,302.39733619228764,0
2,3,23,5,238.21625718920103,0
3,3,7,13,267.53639209172195,0
9,9,23,1,193.34662127580847,0
13,13,8,17,55.0475255020478,1
18,19,5,16,170.2888989265875,0
11,11,18,13,179.50885342909453,0
2,3,11,4,60.44055684968711,1
17,17,4,26,132.88117757490505,1
6,7,16,4,81.11615098324589,1
7,7,2,8,105.35861896938373,1
5,5,15,8,286.84311753964124,0
2,3,7,10,343.71531696850053,0
0,0,11,2,240.77958489103685,0
0,0,13,26,203.45183899882545,0
5,5,13,13,219.81378067401712,0
0,0,13,0,312.41083326422677,0
11,11,6,6,68.84708326297262,1
11,11,19,7,240.7707494231965,0
1,1,12,0,270.0898127565497,0
15,15,17,5,144.80093227199274,1
18,19,2,14,182.294170376036,0
19,19,21,6,203.8428370261801,0
19,19,19,3,348.646465762035,0
15,15,15,21,326.48853042449673,0
14,15,22,5,199.79730598740852,0
5,5,16,12,277.23976982675043,0
0,0,9,26,68.35887491045784,1
7,7,0,20,112.26316006842772,1
18,19,8,28,204.0899013467109,0
1,1,5,21,243.8992092586592,0
17,17,2,4,207.2995429633364,0
12,13,10,13,254.4187205577901,0
17,17,12,19,338.0212475534938,0
14,15,10,12,260.6387417677307,0
9,9,13,14,197.19048905982945,0
8,9,12,1,165.57077610048395,0
0,0,11,8,195.8982385132153,0
14,15,8,19,139.27882928205966,1
0,0,19,19,197.2223914247198,0
12,13,20,1,105.47354034164644,1
12,13,12,4,70.16198315106304,1
3,3,16,5,307.61014359453907,0
8,9,23,21,325.8527344450164,0
8,9,14,26,258.18560869587924,0
0,0,3,28,88.7253643679617,1
6,7,23,10,134.8802909312305,1
2,3,9,2,251.4942613934032,0
8,9,20,4,304.1698093118745,0
9,9,8,14,143.67244667655842,1
13,13,14,14,136.3059514353245,1
13,13,15,24,277.8505480269222,0
1,1,4,29,349.81979874226516,0
16,17,9,2,220.59822502075397,0
14,15,16,13,78.15032597776684,1
1,1,20,9,212.56715570487756,0
15,15,5,10,100.34948648204195,1
17,17,0,17,322.2333959678076,0
2,3,11,14,308.8365612242476,0
2,3,15,13,243.9286522823228,0
4,5,23,25,66.31615829648143,1
2,3,0,0,280.2249053306502,0
14,15,21,28,325.9282107609973,0
0,0,15,17,276.9052713738202,0
13,13,23,27,195.3710572051684,0
13,13,4,28,82.56277300220397,1
18,19,13,9,296.5978579488305,0
12,13,15,28,288.9097022864978,0
6,7,6,18,274.6940388509298,0
4,5,23,17,55.945333112167326,1
0,0,4,28,237.07245629835,0
0,0,5,7,271.47637263983563,0
8,9,5,5,246.56859419017655,0
7,7,3,24,326.6687809440985,0
13,13,7,9,227.95786278462452,0
4,5,20,21,125.22709428281058,1
12,13,20,15,142.21340833434212,1
19,19,10,24,259.4555525389104,0
4,5,1,17,308.58798509739626,0
3,3,8,12,167.44309272443436,0
19,19,9,25,108.2079804180227,1
3,3,22,7,210.03305439406907,0
0,0,14,28,242.10045497427228,0
15,15,4,16,121.64868289067492,1
19,19,12,17,141.38432961274322,1
4,5,14,8,173.30479218709308,0
7,7,13,21,260.6741603238962,0
7,7,7,1,175.82843658143906,0
5,5,5,16,146.52331949964653,1
10,11,9,20,64.66739678721248,1
3,3,19,6,134.0234683447166,1
10,11,20,8,78.13523915647662,1
1,1,16,16,265.0686663501521,0
3,3,17,23,139.3985467325501,1
14,15,2,15,208.96007728247395,0
9,9,10,0,77.66533869654477,1
13,13,8,21,227.2885036204776,0
5,5,16,26,318.5978191233409,0
3,3,12,7,92.37097888943472,1
14,15,13,27,155.46858722596951,0
13,13,6,27,114.31277106176856,1
3,3,19,13,100.89617962642,1
8,9,9,4,216.6451353693855,0
4,5,16,10,143.95414581643163,1
13,13,0,18,131.22663984571938,1
9,9,17,0,291.7165795270781,0
5,5,17,15,228.60335899389537,0
6,7,19,3,333.7573736094135,0
1,1,4,10,203.6006592446383,0
17,17,18,25,277.59300306209485,0
3,3,1,10,228.24942763055503,0
8,9,4,19,306.6937439605973,0
6,7,12,21,217.2510321902895,0
10,11,6,16,337.19133146246605,0
6,7,6,6,289.8886174116369,0
14,15,11,23,188.7740388113968,0
14,15,17,21,99.19604422074576,1
12,13,13,3,83.59868801461147,1
13,13,9,25,121.18805194121244,1
8,9,3,24,89.69625010701647,1
16,17,2,27,254.06723376252123,0
19,19,6,0,234.17107589470584,0
1,1,12,3,158.90632979094502,0
6,7,17,26,339.5581352257416,0
1,1,5,25,149.98743050666022,1
18,19,18,18,194.40292841200244,0
11,11,0,17,326.5059525943453,0
1,1,19,21,171.35895532303968,0
2,3,2,13,222.03284592226984,0
12,13,19,3,331.89927632141195,0
13,13,16,26,329.93813500867293,0
15,15,11,28,54.147355462948134,1
13,13,4,1,309.0844768142094,0
15,15,4,0,215.2879828198282,0
8,9,23,29,182.55768748162663,0
8,9,19,20,273.2550871701982,0
14,15,19,29,67.11754379455624,1
7,7,1,16,137.64569261366515,1
1,1,20,21,188.41015204413165,0
13,13,6,5,285.3608836880203,0
12,13,17,21,94.76755203098574,1
4,5,22,12,335.08839538396273,0
12,13,12,15,230.4606437404296,0
3,3,7,18,194.0529408537824,0
7,7,14,26,122.93098632877086,1
1,1,4,3,104.3428025407004,1
12,13,9,14,73.15530024583528,1
0,0,5,29,124.1121938079162,1
8,9,17,15,349.7131006761839,0
16,17,1,1,115.88361116291564,1
17,17,18,27,306.9060876609675,0
12,13,0,23,129.0857754509263,1
17,17,0,20,166.81663324893233,0
14,15,3,17,255.08475500788956,0
8,9,19,16,86.95022082354045,1
13,13,14,3,259.7057575522234,0
18,19,13,7,327.5115948513074,0
7,7,14,5,173.1683388829829,0
7,7,9,22,167.82526027191307,0
9,9,21,26,169.76694349852968,0
17,17,14,13,54.198715434584365,1
8,9,9,22,172.477326674325,0
14,15,18,27,124.8146197408412,1
2,3,8,22,134.2067028023612,1
11,11,12,13,300.31458793400134,0
7,7,3,5,238.5622389666635,0
6,7,19,16,168.18849272866595,0
15,15,19,2,262.54447866485754,0
0,0,0,24,78.47851158145981,1
0,0,1,19,344.7886960594285,0
10,11,5,15,140.91066911316994,1
5,5,13,12,88.61110836032204,1
13,13,0,15,164.79354418984275,0
1,1,20,22,325.42500564318624,0
5,5,19,10,130.27568189014082,1
1,1,15,19,89.07314395681239,1
8,9,16,15,67.11987820572755,1
2,3,22,16,340.44094371568985,0
12,13,21,8,79.22611826625621,1
4,5,14,27,341.05232073039895,0
6,7,6,5,319.9873565213593,0
1,1,17,12,336.6320347073606,0
5,5,16,4,156.82569238608815,0
18,19,16,17,206.76046887837867,0
15,15,22,22,119.15853960878052,1
16,17,6,8,206.4851898298913,0
17,17,6,16,80.63030865685187,1
6,7,11,13,246.38455032813087,0
5,5,0,6,81.46468032215927,1
12,13,9,8,217.92956678035483,0
19,19,14,25,297.53886843762615,0
7,7,1,20,107.442497895985,1
19,19,21,16,100.5474927880352,1
15,15,13,14,139.4938772657806,1
1,1,4,6,121.10287230884684,1
2,3,1,9,71.1444854677862,1
1,1,16,1,182.6178064529667,0
10,11,15,11,202.31615660696,0
17,17,17,26,187.7489416894391,0
17,17,11,19,332.24322054418997,0
4,5,6,23,170.14458341053933,0
10,11,19,13,79.67812761616298,1
6,7,12,9,292.53764338932183,0
8,9,15,10,295.96340888962027,0
13,13,8,23,147.52195653460052,1
13,13,7,19,178.45820485924548,0
11,11,16,19,76.16436656318548,1
3,3,19,8,161.84933823848974,0
13,13,2,19,153.83029010811987,0
14,15,16,7,108.419736756302,1
13,13,16,14,262.36423432602555,0
19,19,5,11,123.88283099221636,1
2,3,2,2,241.77464929479456,0
6,7,7,23,292.6055159019458,0
14,15,3,16,87.82918914072421,1
10,11,10,26,134.15380324552402,1
4,5,2,23,73.81902425989506,1
11,11,3,26,274.0486476673053,0
12,13,0,17,283.50520490388794,0
14,15,7,29,197.41751407556936,0
3,3,6,20,277.95567047467347,0
2,3,5,8,205.87433338597253,0
6,7,11,10,277.0928682959142,0
16,17,20,19,92.5756319089096,1
2,3,8,29,112.382152281605,1
13,13,7,20,105.43651255411194,1
6,7,18,26,203.72876376256187,0
19,19,9,8,194.0664653111038,0
17,17,11,2,175.1753334426335,0
10,11,23,15,129.63249362366145,1
12,13,22,7,112.43101070236152,1
10,11,19,10,118.8428440085306,1
0,0,14,20,246.3497510782943,0
8,9,23,6,128.91459642576794,1
7,7,19,15,117.1860695709534,1
13,13,8,15,286.4722669078283,0
9,9,14,19,92.73037013308654,1
15,15,20,18,171.86191800794427,0
4,5,20,14,249.5844238559246,0
11,11,18,23,155.0104254102251,0
0,0,11,1,111.3006094881881,1
9,9,7,11,120.21173174014528,1
7,7,13,13,132.98190807378035,1
0,0,1,14,323.769981664433,0
13,13,22,13,146.29203245242226,1
1,1,23,7,50.485154236139806,1
16,17,3,27,183.2200237597449,0
15,15,23,6,220.78461386386,0
15,15,23,26,315.51340329977677,0
13,13,1,3,124.30831115267333,1
2,3,2,29,82.42949788764183,1
2,3,22,29,282.67039060830496,0
15,15,5,27,228.42302256968088,0
7,7,11,18,212.39172000056735,0
12,13,5,14,196.1464001666259,0
2,3,19,14,176.99281613954565,0
10,11,23,2,291.6761191024942,0
19,19,12,28,60.70527315188393,1
9,9,21,29,54.68820920318381,1
4,5,10,17,70.70042354702244,1
16,17,2,13,316.9871407720397,0
14,15,19,20,188.62065088771308,0
5,5,22,19,242.44949840186536,0
3,3,5,18,302.5189293284427,0
5,5,4,10,80.1999196411773,1
15,15,3,28,188.9741046537611,0
15,15,20,24,183.4231802583868,0
1,1,5,11,241.18903811619649,0
0,0,21,22,53.91405243610925,1
12,13,6,16,315.0427227680718,0
4,5,18,20,259.3592079261509,0
7,7,15,8,275.7732765220763,0
13,13,6,12,71.42870458501642,1
16,17,23,6,329.88788506088196,0
15,15,14,15,343.13237711100453,0
12,13,13,18,165.50889471584554,0
15,15,4,16,259.97538481982644,0
5,5,9,6,91.68191927275076,1
11,11,21,26,205.48897468280987,0
5,5,0,13,163.9907809343226,0
11,11,7,3,311.6210540249836,0
15,15,23,13,255.87964658774615,0
4,5,5,0,116.94306071024832,1
15,15,23,6,175.2316528465579,0
16,17,16,15,133.61989681871108,1
7,7,0,29,64.0606016284236,1
16,17,9,5,164.62327369951691,0
11,11,14,19,208.1508773419,0
6,7,3,22,312.286128120052,0
11,11,14,6,123.80455544394091,1
15,15,12,18,193.78236610316725,0
2,3,22,11,89.85338441146548,1
18,19,18,29,236.8235438045089,0
5,5,11,13,118.35628143727936,1
14,15,3,7,231.38873541651844,0
7,7,20,27,150.99108915606126,0
16,17,5,29,56.35330724325166,1
19,19,0,4,84.02458375167615,1
18,19,4,10,261.4438119079619,0
10,11,6,4,170.254645952122,0
9,9,17,25,334.1731931663629,0
10,11,23,7,74.29464690021308,1
3,3,2,12,335.9962995252388,0
7,7,15,8,90.19680334603436,1
15,15,1,6,247.76310844741113,0
3,3,5,13,50.56697234834715,1
18,19,19,22,293.99890012865177,0
11,11,21,2,96.5539968266795,1
15,15,21,9,257.263509212516,0
19,19,0,28,83.37598471131568,1
12,13,12,22,165.0716122194629,0
12,13,14,6,188.4427190053282,0
14,15,7,12,81.19367106305371,1
19,19,18,20,147.77233534181985,1
1,1,0,1,98.24921435363753,1
11,11,22,1,107.13306689703565,1
6,7,16,28,52.96086134565507,1
6,7,15,25,304.8387603003804,0
7,7,3,4,338.02364029126244,0
3,3,11,9,221.51117580066227,0
19,19,13,23,291.0377766435808,0
12,13,15,20,116.23515968002592,1
10,11,13,20,343.57900307742614,0
12,13,6,27,180.67351792727555,0
9,9,21,20,169.05081985403044,0
6,7,9,23,318.4081692980882,0
9,9,16,4,275.7798760139727,0
6,7,7,14,56.42309258475981,1
7,7,5,4,266.2120426238323,0
16,17,5,22,144.9783935585456,1
16,17,10,28,217.7660953841593,0
11,11,11,2,137.80493389675024,1
15,15,18,6,86.37737720822139,1
10,11,9,21,195.36703489825484,0
17,17,6,29,99.58965613440596,1
1,1,17,9,313.5833653171514,0
10,11,15,9,196.46998533513784,0
2,3,8,13,111.50956869678744,1
19,19,14,18,139.56335001721496,1
16,17,21,23,343.909307896987,0
3,3,7,1,170.21315996880898,0
13,13,12,22,130.152781388888,1
15,15,8,7,137.98485999547484,1
15,15,21,21,206.49005172790052,0
5,5,22,19,217.36071452533977,0
8,9,9,12,203.2487974445475,0
0,0,11,8,260.5451763385335,0
5,5,8,6,66.65947075099314,1
8,9,5,17,263.1813394179467,0
15,15,13,16,326.13589567542124,0
15,15,3,15,193.36068353811984,0
14,15,2,3,165.94991908923882,0
15,15,4,23,166.26253069081207,0
19,19,6,14,72.82508655605857,1
7,7,10,26,341.03981747178284,0
17,17,4,15,272.51876408224086,0
8,9,19,28,179.5953864454426,0
1,1,21,24,79.87000603011208,1
0,0,18,8,168.16625168459697,0
19,19,1,13,52.92374258473117,1
13,13,9,23,260.0364615642566,0
7,7,10,16,74.82859093067817,1
11,11,10,1,318.86141715421155,0
6,7,9,2,124.18131215430152,1
1,1,20,24,290.4445403253937,0
12,13,6,18,186.880548825071,0
15,15,12,29,290.5349320828903,0
6,7,13,20,280.5042991954512,0
3,3,20,12,240.6164056441885,0
1,1,12,23,78.02719131449916,1
16,17,2,22,341.80099491160735,0
13,13,9,11,137.90981587000192,1
17,17,8,9,148.6009399890783,1
1,1,13,29,278.7173348659917,0
19,19,7,29,329.2742928536691,0
17,17,22,15,163.9814110000951,0
9,9,13,18,113.31400931270008,1
14,15,11,11,329.9370106417816,0
19,19,7,1,305.10786873990077,0
8,9,8,17,276.52556732878446,0
9,9,6,15,239.98906485389105,0
2,3,8,26,162.56635331397092,0
18,19,5,8,264.10330375267876,0
11,11,18,8,110.411286874694,1
7,7,16,12,271.7246162405849,0
19,19,1,10,330.52398021051386,0
10,11,13,19,216.54600942336228,0
12,13,7,28,311.35043363530446,0
14,15,7,4,151.646157661205,0
4,5,2,14,330.87402554204806,0
2,3,7,12,251.53676446658375,0
7,7,7,20,180.17100464517625,0
15,15,1,16,165.09723469682618,0
1,1,11,5,219.04576007906388,0
11,11,23,25,344.9814804366056,0
9,9,16,15,289.8465400158052,0
14,15,21,29,263.312535784584,0
1,1,19,1,223.25953852036855,0
14,15,15,4,269.2516752208681,0
16,17,0,18,78.82330632137608,1
9,9,13,5,155.89960574120093,0
0,0,15,5,334.8495520666136,0
15,15,18,13,275.2157813255677,0
15,15,2,24,84.85074804071702,1
6,7,14,8,267.03922553666393,0
2,3,0,12,126.56596865005037,1
16,17,22,4,161.53689093160438,0
13,13,21,10,308.73655358292774,0
18,19,19,25,98.52535568973322,1
17,17,6,23,61.453104191686336,1
15,15,1,27,285.76691488367726,0
18,19,12,6,272.87106976622,0
15,15,23,20,176.3575625850846,0
13,13,20,8,97.4877061194112,1
5,5,21,2,243.01787855313177,0
2,3,9,28,57.66893407230667,1
18,19,18,7,279.70683055779364,0
11,11,14,3,168.16007649353918,0
12,13,8,12,120.04974778334984,1
5,5,8,24,173.83257186471823,0
3,3,1,0,129.3438360726351,1
13,13,21,15,177.51759451493908,0
6,7,12,9,260.42995997970326,0
9,9,5,23,187.75558023331695,0
6,7,15,1,57.50712439346588,1
15,15,7,6,334.0286149518146,0
10,11,13,10,198.83971900334896,0
2,3,16,7,230.84741340091455,0
10,11,4,22,68.74396007313345,1
0,0,13,12,186.15444745611964,0
2,3,11,3,82.4138396150833,1
0,0,0,9,292.2240979147068,0
14,15,18,5,273.04543228896136,0
7,7,18,10,105.29826816238916,1
17,17,17,13,223.18597918169695,0
18,19,10,21,285.64350240344817,0
0,0,5,19,82.10651858443303,1
18,19,13,19,301.44574249382134,0
19,19,0,16,267.3589013185512,0
18,19,13,26,77.60161599040994,1
16,17,6,1,295.1814633342637,0
18,19,18,8,304.6062966257748,0
13,13,7,6,77.82602237543551,1
3,3,7,6,259.91149990193156,0
4,5,13,15,119.20050948666504,1
5,5,3,20,203.5593741220939,0
7,7,19,22,98.65462300053242,1
9,9,4,5,124.45901622851842,1
15,15,21,22,216.0461532154849,0
17,17,20,26,315.72448536000314,0
1,1,6,5,187.41609351906416,0
11,11,20,26,202.0922784645642,0
16,17,19,6,269.1197477158704,0
14,15,23,24,96.23408303894468,1
14,15,11,6,100.70381502865172,1
13,13,4,6,155.98236716025224,0
17,17,2,23,168.33948216271287,0
9,9,19,27,96.70854072033278,1
6,7,21,24,264.6403927468282,0
19,19,19,24,340.1906524318924,0
10,11,12,26,55.48587428741995,1
16,17,8,1,245.18911909896207,0
0,0,8,6,161.6030605792196,0
5,5,4,22,63.39622255145933,1
13,13,23,25,345.8023490208802,0
8,9,20,6,55.651349121515416,1
8,9,6,19,349.446240856859,0
16,17,6,1,292.04947108658854,0
13,13,3,0,137.57108198156982,1
2,3,15,27,246.0727894546822,0
17,17,8,16,65.74234263074199,1
11,11,0,16,107.36727432600604,1
16,17,22,8,207.3256109681081,0
14,15,16,9,223.15246361240267,0
16,17,6,22,334.32051092235736,0
13,13,6,5,180.4266565280169,0
13,13,8,10,110.48232666816446,1
0,0,20,15,339.9413877049374,0
16,17,16,9,268.32693336052023,0
11,11,10,3,85.88270923149976,1
4,5,7,9,107.07945088684043,1
15,15,22,27,133.76295003675577,1
16,17,11,9,284.75206808661306,0
8,9,0,15,260.5596144325645,0
7,7,18,0,105.11873420938872,1
7,7,16,22,141.56077320974708,1
6,7,2,18,330.045532968105,0
8,9,20,17,341.6490581724059,0
0,0,6,29,226.9806628109944,0
10,11,15,19,147.73774063310017,1
3,3,20,13,58.425863637742026,1
5,5,12,0,133.33678649545797,1
7,7,11,1,50.611668878807016,1
15,15,3,29,229.6153380921483,0
15,15,23,15,317.16427511663323,0
6,7,19,10,150.4063519121092,0
3,3,14,8,247.1528592666436,0
9,9,10,21,317.2079349142271,0
10,11,21,20,228.01128742546445,0
10,11,9,18,81.28431687665785,1
11,11,17,27,344.807543038852,0
14,15,4,2,239.8362749794956,0
6,7,23,0,276.2746632374541,0
16,17,7,15,195.96848316702145,0
9,9,23,0,212.25175695321812,0
12,13,15,25,210.86712001388236,0
10,11,21,26,55.38387719116184,1
0,0,7,11,232.69370371276904,0
1,1,23,18,250.786457867456,0
11,11,9,13,338.5441764568346,0
19,19,19,8,299.46802605304805,0
11,11,14,19,186.99218114638344,0
13,13,20,17,66.63247483489542,1
13,13,7,3,100.55268215673576,1
1,1,5,0,241.91173182980933,0
0,0,21,8,277.64935037615163,0
15,15,1,20,89.37483931979922,1
19,19,17,16,158.924267351081,0
4,5,0,6,184.74782721138888,0
17,17,0,25,326.9862250842582,0
19,19,7,28,289.58663316830587,0
1,1,13,28,305.92576321163097,0
7,7,1,23,56.44610347229306,1
0,0,13,23,257.3321878817296,0
3,3,14,23,75.61404656447388,1
12,13,20,14,172.19747587129038,0
14,15,7,15,259.75654928084197,0
6,7,22,8,330.11976018545994,0
18,19,9,13,162.79990269979683,0
0,0,15,25,283.3064606305078,0
1,1,16,7,131.5882934096717,1
19,19,22,24,95.35348749793488,1
7,7,4,5,346.4000993147758,0
16,17,20,13,304.74803755545787,0
6,7,12,8,125.35516104371716,1
6,7,16,28,112.7860636982507,1
2,3,18,10,121.60281331786912,1
2,3,11,27,168.10205479001522,0
14,15,21,16,228.15048703004632,0
19,19,19,17,338.17406429943804,0
4,5,2,9,203.6770351576702,0
8,9,11,4,254.43386481879227,0
2,3,13,26,191.83960544571025,0
1,1,15,5,57.75776394663031,1
15,15,21,18,325.24672407986895,0
14,15,11,1,63.230491796521314,1
13,13,8,16,257.0887320795513,0
0,0,16,27,285.611577447784,0
14,15,6,13,178.8837235440193,0
18,19,18,19,84.18801089039067,1
4,5,21,14,132.15203936754196,1
9,9,4,0,55.13069553719804,1
12,13,5,11,61.53248783297386,1
6,7,13,24,91.53571026503984,1
11,11,17,24,301.77398401786826,0
3,3,8,28,64.75375688799888,1
14,15,10,27,80.9484937808808,1
10,11,11,21,296.9008615291071,0
0,0,13,18,192.96515212182112,0
17,17,21,12,60.85192065649805,1
17,17,21,19,82.01290855463584,1
5,5,0,8,283.88814870319356,0
18,19,23,26,62.39705928224003,1
1,1,7,9,126.1395628988555,1
13,13,21,23,287.5586351723207,0
16,17,12,4,222.9003864215763,0
4,5,4,6,78.93136594730001,1
16,17,17,26,238.85954040997885,0
14,15,17,28,257.1895825835106,0
11,11,16,26,141.89448015086083,1
10,11,10,7,119.00032291723171,1
3,3,0,29,57.43443335286593,1
5,5,9,21,299.7230527241517,0
9,9,5,8,67.77576512535721,1
17,17,1,10,64.26030267921335,1
1,1,10,25,272.6067612218743,0
16,17,9,4,134.680897485061,1
19,19,8,29,336.52138463200225,0
9,9,21,14,249.02443427616217,0
3,3,22,18,160.52300908931227,0
0,0,19,24,52.68194322559571,1
8,9,15,7,289.65064313656535,0
10,11,23,21,220.0191113310057,0
2,3,23,2,335.6236875667054,0
15,15,20,26,118.53677552507476,1
4,5,17,22,177.42313874285637,0
1,1,10,18,302.4253724267407,0
17,17,10,16,165.0416998120105,0
1,1,15,11,209.9674058443992,0
16,17,1,6,246.78648524410505,0
3,3,6,14,139.83557408012908,1
13,13,8,22,64.9124323022113,1
12,13,21,15,280.6455175194505,0
8,9,3,29,256.0517722704866,0
0,0,22,20,144.06339783175272,1
0,0,14,22,224.5218462688424,0
3,3,9,22,322.92215062976453,0
0,0,15,9,55.21682742750605,1
16,17,9,15,175.4549362895883,0
16,17,6,0,242.66823600627112,0
13,13,3,1,94.67816649267456,1
13,13,4,18,164.97682801828014,0
4,5,15,12,213.33376011069365,0
4,5,23,27,119.8134087304205,1
14,15,19,17,166.7580781243214,0
14,15,1,13,316.7016221738288,0
15,15,23,29,298.6857299602215,0
7,7,0,2,137.60677946502878,1
10,11,19,0,143.6843673418838,1
6,7,11,1,147.9030998627077,1
15,15,18,3,69.44956376656538,1
3,3,4,15,57.868968636278176,1
10,11,10,9,272.3257178094113,0
1,1,20,9,243.65005673395552,0
1,1,0,2,241.9564617618642,0
18,19,18,0,321.226344945348,0
7,7,19,5,280.3176572629386,0
12,13,11,29,281.03240192904707,0
14,15,18,20,189.98181522198263,0
6,7,2,5,271.82874566884834,0
0,0,5,27,90.17031660781416,1
17,17,19,10,97.57177357899396,1
0,0,13,23,343.07779088822247,0
2,3,2,10,64.59569422085599,1
15,15,21,8,113.47904679112936,1
13,13,20,19,229.17429430549151,0
17,17,13,13,293.03050338036417,0
16,17,9,9,221.56536793023216,0
12,13,2,22,270.1521862507618,0
1,1,11,23,283.47359383452505,0
13,13,12,17,109.6918487470162,1
13,13,2,10,308.3381344260009,0
0,0,19,4,256.00480649730696,0
6,7,11,13,294.3617951006995,0
15,15,20,12,186.51730876145663,0
14,15,9,0,118.48521700525392,1
2,3,5,20,223.3322848958762,0
18,19,12,18,109.7719593234605,1
1,1,15,21,333.41852175148597,0
12,13,5,16,341.3536245200529,0
5,5,22,12,279.76752155732004,0
3,3,0,11,211.9880355950133,0
0,0,22,12,341.09289635521407,0
7,7,1,2,52.670996060866,1
14,15,3,5,197.9407097730196,0
1,1,17,5,296.0924815259049,0
2,3,3,16,233.62626205601777,0
9,9,15,21,136.3585093398859,1
8,9,13,6,248.85249369787076,0
14,15,22,1,255.5700823128057,0
8,9,8,5,166.07310801303595,0
7,7,18,2,149.88090473450524,1
7,7,1,3,151.76012970735857,0
10,11,21,2,123.32754763957102,1
5,5,12,23,176.40412249175233,0
1,1,17,13,144.74590224158703,1
0,0,14,19,308.991609113266,0
14,15,6,11,316.4882463736563,0
10,11,19,2,200.85021399714455,0
15,15,17,20,59.57116844392043,1
16,17,17,8,264.7290993594889,0
8,9,6,18,251.38286348784936,0
2,3,3,20,51.84219021056901,1
7,7,14,8,211.6635100271916,0
17,17,16,17,189.98205463519875,0
14,15,5,4,95.618759223971,1
6,7,20,7,248.2367015562772,0
19,19,13,25,177.84533018857775,0
3,3,21,19,219.54982451596487,0
15,15,7,21,100.01160720905746,1
14,15,1,22,264.16373349341984,0
7,7,16,14,214.2416029030744,0
1,1,23,21,82.92334642734747,1
7,7,22,20,71.52745111242525,1
16,17,3,27,269.4888378738198,0
13,13,4,10,319.51028688329274,0
16,17,0,29,343.69453940901576,0
4,5,14,8,265.75030408469405,0
15,15,15,23,120.8491036500453,1
17,17,20,27,151.77130975470104,0
5,5,15,7,169.97255320114252,0
7,7,23,15,198.2553132148806,0
5,5,4,14,323.94758010303156,0
11,11,19,14,251.92796659929243,0
8,9,8,21,176.29891545554747,0
9,9,14,16,248.20565145146753,0
17,17,3,3,108.8978497785284,1
0,0,8,25,222.55001474134613,0
8,9,2,4,329.57881982753486,0
12,13,21,7,300.7864720852781,0
10,11,0,18,136.32745578061198,1
2,3,5,22,264.4879853284147,0
14,15,9,14,99.10418581024292,1
17,17,21,19,122.65762288528865,1
4,5,19,6,113.02809872273048,1
17,17,19,5,131.9815523369329,1
3,3,18,5,334.5255784928528,0
8,9,1,2,235.45089287647764,0
16,17,20,16,60.289025137077616,1
11,11,23,9,116.9307452912014,1
14,15,2,7,69.9063253409518,1
15,15,15,27,124.18824534677388,1
17,17,14,12,323.92554604693447,0
19,19,21,16,100.5474927880352,1
1,1,6,5,145.32820825836825,1
0,0,0,24,78.47851158145981,1
7,7,16,22,141.56077320974708,1
3,3,4,10,131.67587250525716,1
1,1,7,9,126.1395628988555,1
19,19,15,17,105.04390601903243,1
7,7,22,20,71.52745111242525,1
13,13,22,3,89.5170552528339,1
17,17,6,29,99.58965613440596,1
11,11,22,17,140.116886648646,1
13,13,6,27,114.31277106176856,1
12,13,14,29,134.73334959575809,1
8,9,2,6,145.72931698823697,1
8,9,10,10,113.58287275615344,1
16,17,21,0,113.44230334969146,1
4,5,6,25,51.26048184501488,1
11,11,10,3,85.88270923149976,1
18,19,23,24,74.662159445004,1
8,9,4,17,90.03163998990483,1
7,7,18,0,105.11873420938872,1
18,19,18,19,84.18801089039067,1
0,0,22,3,58.61772987440968,1
14,15,22,8,81.78607764656871,1
3,3,1,23,143.37103176338417,1
15,15,3,17,141.06159774152985,1
0,0,21,4,58.707288347964294,1
13,13,14,14,136.3059514353245,1
6,7,23,29,75.92745641021727,1
5,5,7,23,52.37379772750018,1
14,15,4,21,145.75082700783568,1
1,1,20,16,131.69213764431584,1
13,13,20,3,66.67393185108675,1
9,9,3,29,128.7533439418277,1
2,3,16,25,139.48068115255896,1
7,7,16,3,54.196317404498,1
13,13,6,27,114.31277106176856,1
14,15,13,24,135.21044692203532,1
13,13,0,11,115.2986064627308,1
16,17,23,29,74.95318494721631,1
16,17,21,1,139.8615065182353,1
19,19,22,24,95.35348749793488,1
3,3,13,7,111.17226163119172,1
2,3,13,20,50.30663184534109,1
14,15,18,5,59.85576504410282,1
5,5,22,0,129.21334570386557,1
10,11,19,0,143.6843673418838,1
0,0,10,5,79.12252838870633,1
19,19,12,17,141.38432961274322,1
12,13,18,22,112.96108640794324,1
15,15,23,6,60.91435193435552,1
17,17,0,0,93.27284531253989,1
16,17,3,4,96.29740478836388,1
19,19,9,10,79.51407738068048,1
1,1,19,15,118.1877729638268,1
8,9,19,0,56.19048973369928,1
1,1,13,3,144.90986911731397,1
14,15,8,19,139.27882928205966,1
11,11,21,2,96.5539968266795,1
2,3,8,13,111.50956869678744,1
14,15,9,0,118.48521700525392,1
7,7,1,20,107.442497895985,1
9,9,21,7,136.02781951354845,1
16,17,20,16,60.289025137077616,1
19,19,22,16,76.38854371713919,1
8,9,19,0,56.19048973369928,1
7,7,17,1,144.5352264858586,1
15,15,23,15,78.37066916716961,1
12,13,18,22,112.96108640794324,1
3,3,20,13,58.425863637742026,1
15,15,20,26,118.53677552507476,1
8,9,9,22,59.877462694281014,1
18,19,8,21,133.45560954759975,1
3,3,23,27,53.87078856552628,1
2,3,21,28,80.578295514069,1
9,9,12,18,125.25409330733746,1
8,9,0,5,110.40674665814612,1
15,15,18,9,132.90488605953712,1
17,17,8,18,133.10449178652638,1
17,17,10,28,86.04904145342648,1
16,17,20,16,60.289025137077616,1
2,3,9,28,57.66893407230667,1
0,0,0,24,78.47851158145981,1
11,11,22,8,81.36830569077932,1
1,1,7,15,129.3014567570656,1
18,19,23,26,100.02242733930868,1
4,5,5,0,116.94306071024832,1
10,11,5,15,140.91066911316994,1
16,17,4,21,108.58134466859158,1
2,3,2,0,61.941018408152026,1
1,1,0,1,98.24921435363753,1
14,15,3,6,111.94341263907154,1
14,15,19,20,74.39032624751438,1
3,3,8,28,64.75375688799888,1
5,5,22,0,129.21334570386557,1
19,19,5,23,91.20189480751208,1
1,1,0,27,51.88125554283079,1
9,9,10,0,77.66533869654477,1
0,0,5,29,124.1121938079162,1
14,15,19,29,67.11754379455624,1
5,5,22,27,93.40231876164292,1
17,17,5,29,126.15756653243253,1
5,5,3,1,137.2345227310515,1
10,11,23,15,129.63249362366145,1
8,9,2,6,145.72931698823697,1
2,3,7,14,57.83372136991899,1
16,17,11,1,128.5845388741869,1
9,9,1,1,99.42284898115756,1
19,19,9,25,108.2079804180227,1
7,7,23,26,108.46359273478576,1
8,9,8,19,120.3830113994758,1
11,11,5,21,78.00573978338537,1
3,3,22,19,73.2624060619265,1
11,11,4,8,88.29503847186896,1
5,5,8,15,144.932582127905,1
19,19,12,28,60.70527315188393,1
14,15,18,5,59.85576504410282,1
15,15,17,7,104.75402497883618,1
11,11,11,27,63.29153017517983,1
19,19,14,18,139.56335001721496,1
8,9,9,22,59.877462694281014,1
13,13,6,17,51.35461212060521,1
1,1,7,9,57.49159093928885,1
1,1,9,1,149.20734143082515,1
15,15,23,7,110.15235064033595,1
7,7,23,17,101.24047130848336,1
1,1,13,6,60.26105452188039,1
13,13,21,25,102.606071385874,1
0,0,6,13,66.85949599825923,1
17,17,18,2,82.0628993433459,1
8,9,15,20,76.41813936026453,1
18,19,12,29,69.7527047201192,1
7,7,0,20,112.26316006842772,1
13,13,6,17,51.35461212060521,1
4,5,4,2,113.56549600953008,1
10,11,10,26,134.15380324552402,1
9,9,15,21,136.3585093398859,1
7,7,17,1,144.5352264858586,1
0,0,15,14,130.20415655654222,1
18,19,8,23,116.83469789267689,1
15,15,19,16,127.45588449029424,1
14,15,23,26,92.9854789957304,1
14,15,3,16,87.82918914072421,1
15,15,1,20,89.37483931979922,1
2,3,6,13,68.72787411396932,1
19,19,15,17,105.04390601903243,1
4,5,1,10,136.9207490448958,1
1,1,6,5,145.32820825836825,1
11,11,19,3,135.78389235835124,1
2,3,13,20,50.30663184534109,1
3,3,6,18,74.3790762964811,1
2,3,18,10,121.60281331786912,1
0,0,15,20,93.27222802511812,1
10,11,20,2,62.68289208504099,1
11,11,4,8,88.29503847186896,1
17,17,17,24,51.38652101093575,1
9,9,9,22,75.591539937161,1
16,17,23,19,76.26613471859456,1
2,3,2,21,105.081610459607,1
8,9,4,11,86.91496886895845,1
6,7,11,1,147.9030998627077,1
2,3,8,1,131.29221600948816,1
4,5,3,21,100.18564557634107,1
16,17,13,3,56.073629196687335,1
5,5,19,10,130.27568189014082,1
13,13,20,8,97.4877061194112,1
1,1,21,24,79.87000603011208,1
2,3,9,28,57.66893407230667,1
2,3,8,22,134.2067028023612,1
12,13,17,7,80.96645141434652,1
2,3,9,9,91.60556269156604,1
12,13,17,6,124.9257143508976,1
13,13,8,10,110.48232666816446,1
11,11,21,21,111.1514471785859,1
4,5,19,6,88.206400845333,1
2,3,0,4,74.53844768716102,1
12,13,12,14,92.80769384250614,1
5,5,8,15,144.932582127905,1
6,7,21,12,131.57072512022313,1
0,0,1,22,142.87075107697365,1
9,9,4,0,55.13069553719804,1
16,17,1,1,115.88361116291564,1
14,15,8,27,59.4385228682267,1
7,7,1,2,52.670996060866,1
15,15,21,8,60.03719709661747,1
7,7,19,22,98.65462300053242,1
18,19,22,17,137.3843203068943,1
9,9,10,0,77.66533869654477,1
6,7,16,4,81.11615098324589,1
4,5,6,19,57.80611474134664,1
16,17,5,22,144.9783935585456,1
2,3,9,12,75.50399001200715,1
18,19,4,15,89.90525165509091,1
5,5,7,24,89.74828133276789,1
17,17,21,11,141.36243457833342,1
16,17,4,6,51.55879411091124,1
13,13,7,3,100.55268215673576,1
0,0,18,15,78.57615329815896,1
3,3,1,23,143.37103176338417,1
14,15,10,27,80.9484937808808,1
2,3,6,1,89.10004587850105,1
17,17,21,12,60.85192065649805,1
17,17,22,16,56.87682894871825,1
19,19,3,9,60.24514672500375,1
5,5,18,6,104.0918338001968,1
16,17,13,12,92.9316200000682,1
16,17,4,5,141.07842268016825,1
13,13,8,2,65.37219815566363,1
4,5,21,14,132.15203936754196,1
0,0,11,1,111.3006094881881,1
0,0,9,18,73.13692177641009,1
14,15,8,22,148.1268228110872,1
3,3,23,27,53.87078856552628,1
13,13,17,0,117.41011189805596,1
8,9,15,24,111.68124827784096,1
10,11,6,11,72.86736639175989,1
15,15,13,25,54.38160971078185,1
4,5,3,18,117.33390369709772,1
15,15,23,24,121.7985949361336,1
13,13,20,17,66.63247483489542,1
8,9,10,10,113.58287275615344,1
13,13,7,3,100.55268215673576,1
19,19,0,4,84.02458375167615,1
12,13,9,6,61.27887763346891,1
8,9,6,13,52.195121753760134,1
13,13,9,11,137.90981587000192,1
1,1,21,19,139.8507239775912,1
6,7,8,15,110.33074304245724,1
8,9,17,24,95.22629678139738,1
1,1,13,6,60.26105452188039,1
10,11,14,24,83.9961965175865,1
7,7,2,8,105.35861896938373,1
6,7,15,1,57.50712439346588,1
17,17,13,7,96.26052532902474,1
0,0,17,17,112.42097943395936,1
15,15,7,21,100.01160720905746,1
3,3,17,23,139.3985467325501,1
19,19,4,14,98.31472544055693,1
6,7,17,15,53.31739915679423,1
0,0,23,29,140.9169924646221,1
4,5,12,24,111.17471847077285,1
18,19,18,25,90.69471495415522,1
0,0,0,24,78.47851158145981,1
8,9,5,20,62.314726925659805,1
10,11,21,5,142.67730235871656,1
15,15,13,14,139.4938772657806,1
1,1,12,20,60.81814839391095,1
6,7,10,21,66.7956029251499,1
0,0,17,26,57.19802174697441,1
1,1,7,9,126.1395628988555,1
17,17,13,18,141.10172961484946,1
2,3,21,23,118.24988353694594,1
14,15,19,20,74.39032624751438,1
10,11,23,15,129.63249362366145,1
7,7,1,16,137.64569261366515,1
15,15,1,20,89.37483931979922,1
15,15,4,16,121.64868289067492,1
0,0,7,28,67.26949750610663,1
6,7,11,1,147.9030998627077,1
15,15,22,20,101.26682655089442,1
1,1,7,17,74.55442351121235,1
19,19,14,23,77.4020913183471,1
15,15,10,25,121.10688669577534,1
17,17,4,5,135.62129076947028,1
6,7,15,22,61.71125544575783,1
3,3,3,8,145.42394019290134,1
2,3,6,1,77.11613013542232,1
2,3,3,21,100.38930518707843,1
4,5,10,17,70.70042354702244,1
11,11,11,2,137.80493389675024,1
16,17,11,1,128.5845388741869,1
0,0,6,20,146.19465317636468,1
1,1,13,3,144.90986911731397,1
13,13,2,15,83.4332052612019,1
3,3,18,24,75.48632528733033,1
2,3,16,25,139.48068115255896,1
14,15,9,14,99.10418581024292,1
1,1,10,29,109.24414694623168,1
9,9,6,27,94.01100902341496,1
4,5,3,22,105.69184505449932,1
0,0,9,26,68.35887491045784,1
14,15,7,12,81.19367106305371,1
14,15,13,25,145.1494656472362,1
6,7,21,26,84.8756587106319,1
19,19,1,8,101.06265848013447,1
10,11,9,18,81.28431687665785,1
8,9,4,17,90.03163998990483,1
16,17,7,13,125.29253428774626,1
5,5,14,0,90.3584199394592,1
7,7,1,2,52.670996060866,1
12,13,15,7,66.5307318620093,1
0,0,6,15,69.93400596927087,1
13,13,12,17,109.6918487470162,1
19,19,14,28,129.43438379141477,1
16,17,18,16,84.26885486435128,1
18,19,15,14,83.10887759893546,1
2,3,16,4,80.99850734641521,1
18,19,19,25,98.52535568973322,1
8,9,17,24,95.22629678139738,1
11,11,23,9,116.9307452912014,1
5,5,22,27,93.40231876164292,1
13,13,9,25,121.18805194121244,1
8,9,3,28,87.54143766141098,1
12,13,19,1,50.06366722172229,1
6,7,2,11,113.25613731122866,1
9,9,13,18,113.31400931270008,1
13,13,0,11,115.2986064627308,1
7,7,23,0,101.36749735704626,1
9,9,7,11,120.21173174014528,1
18,19,14,2,54.25964734193928,1
19,19,10,28,72.67426904665875,1
14,15,10,17,97.47221225309244,1
17,17,20,15,106.9414239777548,1
3,3,2,14,60.787986791397685,1
16,17,4,6,51.55879411091124,1
7,7,2,5,70.56363259768416,1
7,7,8,23,85.39709130797169,1
16,17,3,9,96.8846113756942,1
6,7,5,1,127.65336710817068,1
6,7,23,12,97.25441616645378,1
0,0,14,14,78.66843331682445,1
17,17,10,28,86.04904145342648,1
1,1,23,7,132.54808776604185,1
10,11,21,2,123.32754763957102,1
7,7,18,2,149.88090473450524,1
17,17,4,5,135.62129076947028,1
15,15,22,22,119.15853960878052,1
0,0,0,17,107.84386456190128,1
4,5,3,22,105.69184505449932,1
3,3,11,24,52.32673043707384,1
11,11,22,1,107.13306689703565,1
14,15,18,5,59.85576504410282,1
5,5,18,14,87.4820234035718,1
5,5,22,0,129.21334570386557,1
3,3,17,22,51.61885569372442,1
14,15,6,4,52.807622798744646,1
12,13,12,5,107.02933107812716,1
13,13,7,20,105.43651255411194,1
8,9,0,13,92.63272486820624,1
12,13,14,29,134.73334959575809,1
12,13,19,1,50.06366722172229,1
13,13,11,7,144.05267465778388,1
12,13,17,7,80.96645141434652,1
16,17,4,21,108.58134466859158,1
8,9,19,9,149.00633218199073,1
9,9,1,1,99.42284898115756,1
2,3,7,5,104.10680230014626,1
10,11,9,15,105.4578363674384,1
19,19,3,8,128.00379742022287,1
11,11,21,21,111.1514471785859,1
7,7,18,17,118.78826071223966,1
11,11,3,9,129.35333566786403,1
6,7,16,28,112.7860636982507,1
7,7,6,17,84.33308875937276,1
7,7,1,2,52.670996060866,1
0,0,5,23,96.39209631468503,1
15,15,19,16,127.45588449029424,1
3,3,0,8,138.95540708689646,1
7,7,16,3,54.196317404498,1
7,7,10,25,130.4208281142394,1
3,3,17,22,51.61885569372442,1
19,19,18,20,147.77233534181985,1
7,7,7,26,83.08855564773174,1
13,13,2,15,83.4332052612019,1
0,0,15,20,93.27222802511812,1
7,7,8,12,127.39253602893876,1
18,19,22,11,127.79399020714813,1
17,17,17,24,51.38652101093575,1
2,3,0,12,126.56596865005037,1
16,17,2,19,141.38746014344432,1
2,3,6,16,80.64974836618536,1
9,9,0,16,147.9755247716397,1
8,9,11,18,80.85607438750573,1
3,3,13,19,111.5927672722754,1
4,5,17,16,92.85982367512511,1
1,1,21,19,139.8507239775912,1
13,13,2,9,109.47994182056354,1
0,0,22,20,144.06339783175272,1
19,19,17,0,131.94771468670564,1
19,19,3,1,126.13395371818235,1
14,15,17,24,114.59655132770718,1
2,3,3,20,51.84219021056901,1
8,9,13,2,119.30992266340994,1
17,17,0,0,93.27284531253989,1
5,5,16,10,148.18506337594508,1
18,19,14,2,54.25964734193928,1
11,11,23,9,116.9307452912014,1
7,7,18,17,118.78826071223966,1
11,11,15,28,54.42721322571688,1
13,13,1,3,124.30831115267333,1
7,7,8,13,51.40327382209703,1
10,11,15,19,147.73774063310017,1
8,9,19,0,56.19048973369928,1
15,15,17,20,59.57116844392043,1
4,5,16,13,129.49606668299973,1
18,19,11,13,105.59073385548368,1
14,15,7,2,66.43934060079675,1
5,5,3,5,56.9438503141269,1
13,13,7,20,105.43651255411194,1
10,11,17,19,131.88363798476712,1
6,7,15,22,61.71125544575783,1
17,17,17,16,84.4173464132102,1
14,15,9,14,99.10418581024292,1
18,19,14,6,105.0985483643656,1
18,19,1,8,68.75649142189309,1
9,9,1,1,99.42284898115756,1
17,17,4,1,80.4373358745495,1
13,13,2,18,138.32588655233872,1
5,5,15,10,93.65148490272531,1
7,7,10,25,130.4208281142394,1
10,11,6,11,72.86736639175989,1
11,11,23,9,116.9307452912014,1
18,19,11,25,125.7875285684252,1
5,5,10,3,54.609768156783936,1
14,15,12,9,68.56305851788191,1
17,17,18,15,63.08014183318855,1
19,19,4,14,98.31472544055693,1
1,1,16,16,117.51022496808072,1
6,7,18,13,103.39984303352992,1
7,7,1,20,107.442497895985,1
18,19,12,17,116.71257458986682,1
19,19,21,29,119.9106895804434,1
17,17,21,19,122.65762288528865,1
13,13,8,4,143.93747399242213,1
2,3,8,22,134.2067028023612,1
3,3,19,6,134.0234683447166,1
6,7,15,22,61.71125544575783,1
5,5,4,12,95.6063001711721,1
13,13,12,22,130.152781388888,1
2,3,2,0,61.941018408152026,1
18,19,17,8,90.67082060359532,1
19,19,19,5,124.02638761095552,1
1,1,5,25,149.98743050666022,1
12,13,19,26,78.14599917758301,1
6,7,13,24,91.53571026503984,1
0,0,9,3,72.92055459795101,1
10,11,4,2,121.59161847746869,1
6,7,16,9,93.46540716074766,1
17,17,21,19,122.65762288528865,1
19,19,5,11,123.88283099221636,1
18,19,9,23,100.92426495940452,1
14,15,7,2,66.43934060079675,1
17,17,8,9,148.6009399890783,1
14,15,2,7,69.9063253409518,1
11,11,11,27,63.29153017517983,1
8,9,10,10,113.58287275615344,1
17,17,20,8,122.93806831859268,1
8,9,4,21,62.64636210322255,1
4,5,20,21,125.22709428281058,1
5,5,18,6,104.0918338001968,1
1,1,23,7,50.485154236139806,1
6,7,9,15,77.1266045207227,1
2,3,8,25,62.10124208307596,1
2,3,23,15,112.29197459202092,1
15,15,15,23,120.8491036500453,1
19,19,21,1,50.67920740684072,1
16,17,2,19,141.38746014344432,1
3,3,11,24,52.32673043707384,1
13,13,2,15,83.4332052612019,1
10,11,21,5,142.67730235871656,1
1,1,16,7,131.5882934096717,1
18,19,23,24,74.662159445004,1
5,5,15,20,88.53554668418104,1
8,9,15,6,111.4475374244413,1
8,9,20,16,62.52497445197972,1
2,3,11,3,82.4138396150833,1
15,15,9,28,99.30529725818434,1
3,3,5,13,50.56697234834715,1
1,1,6,6,134.85809241700966,1
2,3,7,14,57.83372136991899,1
12,13,14,29,134.73334959575809,1
4,5,14,13,60.86796754553481,1
0,0,19,24,52.68194322559571,1
9,9,12,27,70.09380989311015,1
16,17,4,28,140.09938122620088,1
13,13,2,15,83.4332052612019,1
7,7,18,18,98.6031445612137,1
18,19,9,23,100.92426495940452,1
3,3,17,22,51.61885569372442,1
11,11,5,21,78.00573978338537,1
14,15,9,27,130.81061688781878,1
15,15,23,1,136.07397408967435,1
4,5,15,24,106.55642925989044,1
2,3,4,29,71.67251854706458,1
9,9,1,9,69.51899628375114,1
9,9,8,6,71.14963269536436,1
2,3,6,23,69.552096224104,1
15,15,3,7,77.90611581702794,1
10,11,20,8,78.13523915647662,1
17,17,14,21,94.60468367850768,1
6,7,7,14,56.42309258475981,1
11,11,2,28,118.88830117966243,1
16,17,9,23,130.70976483176028,1
12,13,8,15,68.31508008577212,1
12,13,21,8,79.22611826625621,1
11,11,18,8,110.411286874694,1
3,3,0,8,138.95540708689646,1
19,19,12,17,141.38432961274322,1
16,17,6,3,75.75884029099676,1
5,5,16,7,115.44701565598116,1
6,7,9,15,77.1266045207227,1
11,11,22,8,81.36830569077932,1
3,3,0,29,57.43443335286593,1
13,13,0,14,141.3989333095072,1
13,13,16,12,117.68898324327822,1
19,19,6,19,55.62230981897017,1
2,3,8,25,62.10124208307596,1
8,9,19,16,86.95022082354045,1
16,17,7,13,125.29253428774626,1
4,5,14,13,60.86796754553481,1
15,15,13,17,87.12767379388724,1
19,19,22,20,72.05062206501937,1
14,15,8,27,59.4385228682267,1
5,5,0,3,149.93952072000758,1
13,13,8,22,64.9124323022113,1
17,17,0,0,93.27284531253989,1
18,19,8,20,61.59656850984656,1
7,7,6,17,84.33308875937276,1
17,17,9,29,122.89963717793636,1
8,9,11,13,143.52024135629253,1
18,19,18,25,90.69471495415522,1
4,5,3,18,117.33390369709772,1
18,19,15,14,83.10887759893546,1
13,13,8,10,110.48232666816446,1
11,11,16,19,76.16436656318548,1
5,5,7,24,89.74828133276789,1
7,7,8,13,51.40327382209703,1
2,3,4,29,71.67251854706458,1
13,13,5,11,146.91153195449874,1
5,5,19,20,61.7295348543576,1
6,7,9,15,77.1266045207227,1
2,3,3,20,51.84219021056901,1
19,19,3,8,128.00379742022287,1
5,5,8,15,144.932582127905,1
3,3,3,8,145.42394019290134,1
3,3,12,7,92.37097888943472,1
2,3,3,21,100.38930518707843,1
13,13,20,17,66.63247483489542,1
17,17,11,14,76.79061770062363,1
9,9,6,23,88.73155604470792,1
17,17,15,11,101.8393604165733,1
10,11,3,29,75.63651483078755,1
10,11,4,22,68.74396007313345,1
15,15,18,26,61.39619233272929,1
19,19,19,5,124.02638761095552,1
0,0,23,23,139.96515878146823,1
2,3,8,29,112.382152281605,1
4,5,3,18,117.33390369709772,1
0,0,17,26,57.19802174697441,1
10,11,12,18,77.88491059590963,1
1,1,20,8,97.10694877421837,1
16,17,13,3,56.073629196687335,1
7,7,11,20,84.57801428549976,1
11,11,21,13,142.76730674021735,1
12,13,15,20,116.23515968002592,1
15,15,18,9,132.90488605953712,1
4,5,15,16,84.32676198309161,1
19,19,4,14,68.56423404159159,1
10,11,14,19,143.99317858160356,1
15,15,2,24,84.85074804071702,1
9,9,7,21,106.49440654319125,1
7,7,15,0,90.43243783938448,1
4,5,4,6,78.93136594730001,1
16,17,19,20,100.15063127055244,1
8,9,17,24,95.22629678139738,1
9,9,10,14,109.62378244947166,1
13,13,2,9,109.47994182056354,1
17,17,5,29,126.15756653243253,1
9,9,1,9,114.5427451646904,1
5,5,15,10,93.65148490272531,1
15,15,11,28,54.147355462948134,1
3,3,17,13,144.55498664224797,1
0,0,9,26,68.35887491045784,1
7,7,14,6,89.97144447727638,1
15,15,14,6,116.90873904513352,1
7,7,1,20,107.442497895985,1
12,13,8,12,120.04974778334984,1
3,3,13,7,111.17226163119172,1
2,3,2,29,82.42949788764183,1
14,15,19,11,109.60141689074668,1
18,19,23,26,100.02242733930868,1
18,19,8,20,61.59656850984656,1
8,9,4,11,86.91496886895845,1
6,7,3,4,84.64811010833321,1
17,17,14,21,94.60468367850768,1
7,7,10,11,57.02645837572191,1
10,11,22,13,109.1734874536052,1
1,1,17,13,144.74590224158703,1
13,13,6,27,114.31277106176856,1
17,17,5,29,126.15756653243253,1
14,15,3,16,87.82918914072421,1
0,0,9,13,111.7032758065182,1
19,19,1,13,52.92374258473117,1
0,0,5,23,96.39209631468503,1
13,13,0,11,115.2986064627308,1
7,7,23,26,108.46359273478576,1
13,13,6,17,51.35461212060521,1
17,17,6,16,80.63030865685187,1
6,7,0,27,106.33176134918948,1
0,0,20,26,74.70046937072922,1
8,9,4,11,86.91496886895845,1
17,17,4,1,80.4373358745495,1
14,15,20,24,111.82296960093076,1
14,15,17,17,124.48467567511447,1
3,3,0,29,57.43443335286593,1
1,1,0,1,98.24921435363753,1
1,1,4,6,121.10287230884684,1
7,7,1,16,137.64569261366515,1
8,9,3,28,87.54143766141098,1
16,17,6,3,75.75884029099676,1
9,9,10,0,77.66533869654477,1
10,11,0,18,136.32745578061198,1
4,5,15,8,137.0466696780667,1
8,9,17,24,95.22629678139738,1
18,19,13,12,129.0779333954772,1
17,17,20,8,122.93806831859268,1
16,17,8,17,124.04272242934826,1
2,3,2,0,61.941018408152026,1
10,11,12,18,77.88491059590963,1
14,15,22,8,81.78607764656871,1
8,9,6,3,96.16996745009574,1
13,13,20,3,66.67393185108675,1
17,17,8,18,133.10449178652638,1
7,7,14,13,115.7836117565687,1
19,19,21,29,119.9106895804434,1
17,17,21,19,122.65762288528865,1
10,11,8,21,119.2087728594775,1
15,15,6,11,53.74889004809573,1
6,7,1,0,124.71456731824314,1
19,19,12,28,60.70527315188393,1
15,15,21,8,60.03719709661747,1
16,17,1,1,115.88361116291564,1
18,19,8,17,74.8715315003125,1
6,7,13,24,91.53571026503984,1
0,0,6,18,117.1853251064022,1
7,7,4,3,67.01219440048811,1
12,13,15,7,66.5307318620093,1
13,13,6,27,114.31277106176856,1
2,3,11,3,82.4138396150833,1
5,5,22,23,67.63003968765379,1
10,11,1,11,114.67570603850608,1
18,19,22,11,127.79399020714813,1
1,1,9,1,149.20734143082515,1
15,15,23,1,136.07397408967435,1
18,19,8,17,74.8715315003125,1
1,1,8,0,66.17061452370861,1
10,11,5,0,93.89315679061444,1
17,17,10,28,86.04904145342648,1
0,0,17,26,57.19802174697441,1
6,7,2,11,113.25613731122866,1
14,15,11,1,63.230491796521314,1
4,5,5,3,58.84981266819109,1
18,19,10,19,114.44408878183371,1
3,3,19,13,100.89617962642,1
19,19,10,28,72.67426904665875,1
1,1,23,21,82.92334642734747,1
18,19,12,17,116.71257458986682,1
14,15,23,24,96.23408303894468,1
19,19,22,16,76.38854371713919,1
3,3,2,14,60.787986791397685,1
11,11,21,13,142.76730674021735,1
10,11,3,25,51.794479827938346,1
14,15,1,9,87.67396486741296,1
17,17,16,25,95.76398989664344,1
12,13,9,28,135.26696055519045,1
10,11,2,23,134.07677021686584,1
4,5,19,6,88.206400845333,1
10,11,10,26,134.15380324552402,1
5,5,7,24,89.74828133276789,1
19,19,22,7,118.70079518573988,1
14,15,22,8,81.78607764656871,1
8,9,2,12,126.93386056496512,1
1,1,10,29,109.24414694623168,1
8,9,5,1,56.91403972767861,1
10,11,14,24,83.9961965175865,1
4,5,2,10,74.42659798363579,1
18,19,23,26,100.02242733930868,1
9,9,21,7,136.02781951354845,1
4,5,1,10,136.9207490448958,1
4,5,10,17,70.70042354702244,1
1,1,5,29,59.310721836719274,1
6,7,23,10,134.8802909312305,1
0,0,17,15,77.21782903532338,1
0,0,0,10,71.83243659892563,1
7,7,23,17,101.24047130848336,1
7,7,20,9,97.60666276460375,1
4,5,10,17,70.70042354702244,1
10,11,10,26,134.15380324552402,1
4,5,15,20,104.34390426729168,1
19,19,6,19,55.62230981897017,1
4,5,14,2,125.92845789803896,1
8,9,4,21,62.64636210322255,1
14,15,20,27,56.453626501638375,1
11,11,11,2,137.80493389675024,1
14,15,5,12,144.61997005663005,1
5,5,16,7,115.44701565598116,1
2,3,11,4,60.44055684968711,1
7,7,2,8,105.35861896938373,1
13,13,2,18,138.32588655233872,1
17,17,5,29,126.15756653243253,1
8,9,16,12,111.28215068514612,1
1,1,11,22,76.09270948815806,1
8,9,17,24,95.22629678139738,1
1,1,23,7,50.485154236139806,1
13,13,12,17,109.6918487470162,1
6,7,13,24,91.53571026503984,1
11,11,22,8,81.36830569077932,1
15,15,21,8,113.47904679112936,1
10,11,21,5,142.67730235871656,1
14,15,4,21,145.75082700783568,1
10,11,9,20,64.66739678721248,1
3,3,22,3,77.72831711323607,1
6,7,18,13,103.39984303352992,1
3,3,2,14,63.89696894126493,1
19,19,15,17,105.04390601903243,1
16,17,0,18,78.82330632137608,1
0,0,15,20,93.27222802511812,1
16,17,3,25,90.6839283384414,1
12,13,12,4,70.16198315106304,1
18,19,1,8,68.75649142189309,1
3,3,23,27,53.87078856552628,1
11,11,7,24,76.96376266964671,1
13,13,7,4,132.0328360458436,1
5,5,14,0,90.3584199394592,1
0,0,22,3,58.61772987440968,1
11,11,18,8,110.411286874694,1
2,3,17,15,121.90059706436868,1
10,11,5,15,140.91066911316994,1
14,15,19,20,74.39032624751438,1
5,5,22,23,67.63003968765379,1
18,19,22,17,137.3843203068943,1
5,5,9,25,55.192161452014666,1
16,17,5,29,56.35330724325166,1
16,17,13,12,92.9316200000682,1
18,19,19,16,75.48261723153895,1
11,11,23,9,116.9307452912014,1
13,13,8,10,110.48232666816446,1
11,11,21,13,142.76730674021735,1
11,11,0,16,107.36727432600604,1
0,0,22,3,58.61772987440968,1
15,15,23,6,123.1618642385,1
0,0,23,29,140.9169924646221,1
0,0,21,22,53.91405243610925,1
5,5,18,6,104.0918338001968,1
16,17,20,16,60.289025137077616,1
2,3,9,12,75.50399001200715,1
7,7,2,28,118.09836776126603,1
0,0,17,15,77.21782903532338,1
8,9,19,16,86.95022082354045,1
14,15,23,24,96.23408303894468,1
4,5,10,6,131.21434991205376,1
8,9,10,10,113.58287275615344,1
3,3,8,28,64.75375688799888,1
7,7,3,25,127.7102796111876,1
10,11,19,0,143.6843673418838,1
17,17,22,16,56.87682894871825,1
0,0,2,5,129.8251846376991,1
13,13,10,26,84.76487990866175,1
0,0,15,9,55.21682742750605,1
15,15,17,7,104.75402497883618,1
19,19,22,24,95.35348749793488,1
15,15,3,14,124.25216500211803,1
8,9,21,6,51.71097693374095,1
12,13,5,3,124.7603530735729,1
15,15,17,7,104.75402497883618,1
9,9,8,14,143.67244667655842,1
10,11,9,15,105.4578363674384,1
14,15,9,14,99.10418581024292,1
9,9,4,5,124.45901622851842,1
9,9,1,9,69.51899628375114,1
19,19,5,23,91.20189480751208,1
17,17,19,5,131.9815523369329,1
16,17,3,4,96.29740478836388,1
13,13,12,22,130.152781388888,1
12,13,9,6,61.27887763346891,1
14,15,9,0,118.48521700525392,1
3,3,18,24,75.48632528733033,1
5,5,9,25,55.192161452014666,1
0,0,21,11,119.93200807697526,1
0,0,22,20,144.06339783175272,1
0,0,22,20,144.06339783175272,1
7,7,23,17,101.24047130848336,1
16,17,5,22,144.9783935585456,1
16,17,23,20,88.55684169223683,1
18,19,8,20,61.59656850984656,1
19,19,5,11,123.88283099221636,1
2,3,8,22,134.2067028023612,1
6,7,15,0,136.0305323650241,1
17,17,10,13,84.83619873646198,1
0,0,14,18,101.67639648165972,1
3,3,20,13,142.02473903162334,1
19,19,18,5,50.45171736620553,1
10,11,6,11,72.86736639175989,1
14,15,17,17,124.48467567511447,1
19,19,2,28,93.89748695210965,1
4,5,23,9,126.32444419086404,1
17,17,8,9,148.6009399890783,1
3,3,0,28,76.5251889448675,1
6,7,9,5,64.55882550515985,1
6,7,23,10,134.8802909312305,1
13,13,8,17,55.0475255020478,1
4,5,4,6,78.93136594730001,1
14,15,15,20,100.73142896797832,1
16,17,18,12,72.68260511708519,1
0,0,22,3,58.61772987440968,1
18,19,20,4,75.53766147121067,1
10,11,14,24,83.9961965175865,1
7,7,18,10,105.29826816238916,1
7,7,14,6,89.97144447727638,1
16,17,0,16,77.34120980996767,1
15,15,4,15,145.57750479588577,1
17,17,0,5,75.75617467440128,1
14,15,7,12,81.19367106305371,1
1,1,3,25,58.367177235135195,1
3,3,17,4,132.46438458589466,1
13,13,9,25,121.18805194121244,1
15,15,18,3,69.44956376656538,1
5,5,18,19,103.71297149601446,1
11,11,6,6,68.84708326297262,1
10,11,20,8,78.13523915647662,1
14,15,6,4,52.807622798744646,1
11,11,11,2,137.80493389675024,1
14,15,1,9,87.67396486741296,1
6,7,10,1,100.03450806216428,1
5,5,3,1,137.2345227310515,1
0,0,15,9,55.21682742750605,1
13,13,4,28,82.56277300220397,1
15,15,20,3,66.31461469784435,1
18,19,15,14,83.10887759893546,1
17,17,20,20,57.85887963816273,1
18,19,16,14,122.27508284089149,1
7,7,17,1,144.5352264858586,1
5,5,15,20,88.53554668418104,1
3,3,22,19,73.2624060619265,1
6,7,16,28,112.7860636982507,1
17,17,6,23,61.453104191686336,1
0,0,23,29,140.9169924646221,1
6,7,20,21,54.14339475119176,1
4,5,19,6,113.02809872273048,1
2,3,17,15,121.90059706436868,1
2,3,8,25,62.10124208307596,1
18,19,12,18,109.7719593234605,1
1,1,23,7,50.485154236139806,1
11,11,13,26,125.90532978482018,1
5,5,18,6,104.0918338001968,1
19,19,12,28,60.70527315188393,1
1,1,13,6,60.26105452188039,1
1,1,23,7,132.54808776604185,1
6,7,13,29,88.02957350214737,1
19,19,5,23,91.20189480751208,1
3,3,5,13,50.56697234834715,1
14,15,4,13,61.04989537571131,1
4,5,16,13,129.49606668299973,1
6,7,1,14,71.80954367020958,1
14,15,10,17,97.47221225309244,1
15,15,13,25,54.38160971078185,1
8,9,11,18,80.85607438750573,1
2,3,6,16,80.64974836618536,1
5,5,17,10,101.27203760227653,1
5,5,8,15,144.932582127905,1
12,13,11,24,50.6577358753904,1
5,5,9,25,55.192161452014666,1
5,5,22,0,129.21334570386557,1
9,9,5,8,67.77576512535721,1
13,13,8,16,105.08105992869,1
10,11,21,3,106.16445998776338,1
17,17,22,16,56.87682894871825,1
5,5,18,6,104.0918338001968,1
5,5,13,28,113.61377405959172,1
0,0,7,28,67.26949750610663,1
7,7,9,25,141.66163263809514,1
10,11,14,11,90.05802761284542,1
6,7,9,5,64.55882550515985,1
18,19,19,25,98.52535568973322,1
13,13,20,17,66.63247483489542,1
18,19,19,24,110.93320945570991,1
14,15,13,11,83.60726165293073,1
12,13,10,0,59.63317508501158,1
12,13,17,7,80.96645141434652,1
18,19,8,17,74.8715315003125,1
7,7,1,2,52.670996060866,1
19,19,21,29,119.9106895804434,1
10,11,4,2,121.59161847746869,1
5,5,14,9,54.16409579643235,1
4,5,20,7,103.22059273973753,1
3,3,13,19,111.5927672722754,1
10,11,12,26,55.48587428741995,1
5,5,9,25,55.192161452014666,1
15,15,22,24,81.27404544341191,1
15,15,4,16,121.64868289067492,1
18,19,1,8,68.75649142189309,1
5,5,14,9,54.16409579643235,1
15,15,4,15,145.57750479588577,1
7,7,23,23,73.25754034864647,1
5,5,4,22,63.39622255145933,1
15,15,13,25,54.38160971078185,1
3,3,1,23,143.37103176338417,1
9,9,1,9,114.5427451646904,1
17,17,13,18,141.10172961484946,1
5,5,7,23,52.37379772750018,1
19,19,10,28,72.67426904665875,1
16,17,23,29,74.95318494721631,1
4,5,7,9,107.07945088684043,1
7,7,23,26,108.46359273478576,1
4,5,5,3,58.84981266819109,1
4,5,3,21,100.18564557634107,1
13,13,4,9,100.60872704808534,1
18,19,21,16,131.70369930365746,1
9,9,6,23,74.88653041241929,1
1,1,16,16,117.51022496808072,1
14,15,0,4,88.14843581281565,1
11,11,20,2,149.8719592024632,1
15,15,10,25,121.10688669577534,1
8,9,15,20,76.41813936026453,1
13,13,7,6,77.82602237543551,1
9,9,6,23,88.73155604470792,1
3,3,12,7,92.37097888943472,1
8,9,23,6,128.91459642576794,1
8,9,15,24,111.68124827784096,1
18,19,15,0,108.71566928967968,1
1,1,4,3,104.3428025407004,1
18,19,17,8,90.67082060359532,1
5,5,16,7,115.44701565598116,1
11,11,19,3,135.78389235835124,1
17,17,20,8,122.93806831859268,1
12,13,17,6,124.9257143508976,1
1,1,8,0,66.17061452370861,1
12,13,22,7,112.43101070236152,1
15,15,22,27,133.76295003675577,1
15,15,17,5,144.80093227199274,1
14,15,14,8,137.04778185479276,1
0,0,20,10,116.62035159640396,1
1,1,12,20,60.81814839391095,1
2,3,22,11,89.85338441146548,1
1,1,20,16,131.69213764431584,1
17,17,3,3,108.8978497785284,1
6,7,3,4,84.64811010833321,1
19,19,9,10,79.51407738068048,1
13,13,23,4,134.8335416229442,1
6,7,16,28,52.96086134565507,1
3,3,22,25,103.60009941834592,1
14,15,5,12,144.61997005663005,1
15,15,18,9,132.90488605953712,1
2,3,2,29,82.42949788764183,1
17,17,19,10,97.57177357899396,1
14,15,7,2,66.43934060079675,1
17,17,14,10,77.87301289317574,1
3,3,2,14,60.787986791397685,1
5,5,22,27,93.40231876164292,1
9,9,14,19,92.73037013308654,1
4,5,6,25,51.26048184501488,1
19,19,10,20,132.71653098913504,1
10,11,16,11,64.9157931469256,1
14,15,10,27,80.9484937808808,1
6,7,3,29,53.487678141254314,1
16,17,3,25,90.6839283384414,1
16,17,5,22,144.9783935585456,1
6,7,13,29,88.02957350214737,1
