pilot_name,team_name,track_city,dnf_percent,avg_speed,wins_count,number_of_overtaking_last_year,driver_salary_mln,penalty_points,personal_position,rain_forecast,collision
14,15,2,4,239.20621947597743,62,40,21,6,17,1,1
5,5,4,8,236.06234252441064,47,85,6,2,20,0,0
7,7,2,4,292.1387630177637,92,47,34,5,5,0,0
9,9,2,3,310.8861731262681,50,72,17,8,7,0,0
15,15,12,13,249.04200832576475,52,16,38,9,19,1,1
11,11,2,12,302.7986332968863,48,63,33,5,9,1,1
2,3,12,19,296.94673700593256,37,82,54,2,6,1,1
5,5,23,24,89.31691476638538,26,52,17,9,14,1,1
8,9,7,29,62.18577572160318,46,1,4,2,17,0,1
10,11,22,25,135.09805799531915,28,27,49,1,13,0,1
5,5,0,16,287.64109872946676,1,12,45,8,5,1,1
12,13,23,3,267.42786631990947,40,21,36,6,1,0,0
5,5,19,6,140.55313100181976,37,97,6,5,20,1,1
19,19,10,10,107.78303566431605,15,26,5,7,2,1,1
16,17,0,22,176.95418179159535,59,61,26,8,1,1,1
15,15,15,9,194.9219586128723,94,38,53,7,9,0,0
0,0,12,1,172.7898106839265,23,54,42,4,3,1,0
9,9,11,11,192.76852748138384,11,21,62,5,7,0,0
19,19,0,14,235.36411825412677,91,10,57,10,20,0,1
14,15,23,4,178.33976717430235,47,69,16,9,17,0,1
13,13,7,5,131.61266285991388,28,64,37,1,1,1,1
5,5,8,17,107.81576564489188,74,98,42,5,18,1,1
13,13,21,25,294.50728508219686,47,63,56,2,19,0,1
5,5,15,21,207.91538847662403,11,5,10,5,7,0,0
6,7,13,0,309.332210581475,92,5,51,5,7,0,0
9,9,21,2,127.3722159612362,96,30,21,4,9,1,1
13,13,9,28,288.4760866832216,36,82,5,8,12,1,1
12,13,16,24,306.5221500190337,72,30,64,2,4,0,0
18,19,7,28,187.1767141694916,5,41,51,10,8,1,1
19,19,22,20,120.71554431860947,60,17,26,8,15,1,1
19,19,11,18,275.6440462403506,66,95,41,8,9,1,1
9,9,17,22,341.4828622323548,54,71,26,10,16,0,1
1,1,20,13,278.6617989906479,75,52,17,9,10,1,1
10,11,15,6,77.72421891800224,64,55,24,3,8,1,1
6,7,2,28,327.19665553314155,69,49,34,0,11,1,1
14,15,7,7,101.19520991431482,77,91,34,5,2,1,1
2,3,8,18,136.9397409576707,68,6,23,9,18,1,1
16,17,18,29,342.38346095892655,42,12,59,9,11,0,1
9,9,9,17,120.04183598224698,28,23,49,9,3,0,1
19,19,8,16,78.42449245362984,56,40,9,7,10,1,1
2,3,19,11,158.12867667818543,62,49,13,11,1,0,0
9,9,22,11,167.58594511177824,23,28,2,8,18,1,1
16,17,6,21,305.76197419185263,76,86,8,1,20,1,1
16,17,17,24,124.11933505927384,30,10,37,9,16,0,1
13,13,17,3,97.69203221417608,62,69,17,0,11,0,1
13,13,16,19,121.76287543892576,95,80,51,10,17,0,1
1,1,12,8,241.57676460395217,70,78,47,5,19,0,0
4,5,21,12,119.44441036676928,34,61,33,2,15,0,1
15,15,4,4,328.3311374213109,92,22,42,0,17,0,0
8,9,4,26,81.63590223597578,67,77,38,5,1,0,1
17,17,22,22,173.06474411046682,74,57,40,9,16,0,1
3,3,14,8,202.99146654977287,60,77,39,7,12,0,1
8,9,23,12,173.90560771180992,62,51,57,11,15,0,1
2,3,10,5,122.60301557830584,0,26,49,5,4,0,1
8,9,22,21,201.41263944546833,20,50,28,7,9,1,1
13,13,16,21,79.5127091925202,19,92,25,7,4,0,1
15,15,7,25,188.7943561422883,0,69,26,7,4,0,1
8,9,18,15,301.56020575528873,39,25,56,2,3,0,0
13,13,15,20,241.1763920103673,60,27,63,3,5,0,0
16,17,5,23,141.60449314977717,90,81,11,7,17,1,1
12,13,15,3,110.1633976406822,4,93,52,8,18,0,1
14,15,19,14,136.86459790482286,24,34,63,2,9,0,1
4,5,12,10,321.54856847986076,63,93,27,2,12,1,1
13,13,13,21,251.8450572721156,32,72,63,3,15,1,1
13,13,21,21,279.425610498597,16,86,3,4,3,0,0
17,17,8,8,246.5155424477297,27,71,10,6,6,0,0
0,0,9,4,82.23714845435278,93,42,62,10,5,0,1
0,0,11,12,348.4499816288404,52,43,63,2,15,0,0
17,17,16,19,328.46303982094605,63,76,8,7,6,0,0
15,15,12,16,257.17629201529746,48,16,23,4,20,1,1
13,13,22,18,206.4588799695392,57,61,10,9,14,0,1
0,0,22,2,233.21367977009228,88,96,55,8,1,1,1
14,15,18,23,307.87537721736277,77,18,55,4,1,0,0
14,15,13,27,336.90703554213565,21,64,43,0,10,1,1
18,19,0,10,85.81176358105758,3,47,31,2,4,1,1
14,15,7,17,207.95015082508215,94,45,46,9,20,1,1
14,15,18,21,97.43454825965848,65,8,37,11,6,1,1
7,7,14,4,102.58789305431046,91,94,4,1,1,0,1
0,0,22,29,162.06901103246483,87,28,46,3,14,1,1
14,15,1,21,317.34604467551657,95,71,40,6,9,0,0
18,19,17,17,219.08245268430903,60,5,37,2,6,1,1
7,7,15,5,318.7959436765039,8,50,11,0,8,0,0
2,3,2,7,296.0556373435197,12,55,9,4,13,1,1
6,7,12,19,281.36330895248284,64,30,55,4,8,1,1
19,19,10,3,55.25706127366035,26,85,14,1,18,1,1
12,13,22,25,326.0837058258736,57,96,47,10,18,0,1
4,5,8,15,140.55582225908344,89,97,22,2,11,1,1
12,13,14,28,99.88658067871768,47,67,16,10,16,0,1
2,3,4,28,75.70639929985929,14,23,26,7,18,1,1
5,5,5,28,345.03979224692284,31,98,30,10,18,0,1
13,13,14,5,76.75681863659021,47,3,58,8,4,0,1
6,7,3,9,103.71237616235,65,34,38,1,18,1,1
7,7,13,8,158.72544272381808,54,13,32,0,4,1,1
9,9,12,15,205.49927960159937,13,78,10,7,8,1,1
14,15,1,19,286.9316950542067,86,98,29,1,14,0,1
19,19,5,9,346.54049777541076,2,70,55,8,16,0,1
3,3,9,14,107.92046425217056,55,58,41,1,5,1,1
19,19,1,2,271.67156928081664,29,84,60,6,17,1,1
0,0,5,20,175.4759808616792,86,78,23,9,2,0,0
8,9,1,26,333.2669213386739,93,70,24,11,14,1,1
18,19,18,18,293.32279870888266,98,2,23,0,11,1,1
4,5,2,26,82.55384368742952,96,72,16,5,20,0,1
8,9,13,20,215.95014433534388,35,17,56,1,16,1,1
12,13,11,15,282.66432118778596,36,19,24,4,3,0,0
19,19,5,27,173.97154596352962,94,34,62,9,12,0,1
16,17,7,19,74.58988990691793,32,88,4,3,19,1,1
19,19,1,8,55.44506088820511,54,32,23,9,17,0,1
4,5,8,5,195.00337681474335,8,37,45,10,11,0,1
5,5,0,14,219.71024106298736,46,74,53,2,20,1,1
12,13,14,27,269.3974744739902,87,36,13,1,5,0,0
7,7,6,27,285.3555481508405,76,24,34,9,13,1,1
7,7,1,23,276.4803993495361,16,46,17,2,3,0,0
7,7,18,24,155.85696105908343,91,13,63,8,12,1,1
9,9,1,7,247.46548661714033,33,43,47,7,1,0,0
9,9,21,17,303.4361128863548,46,81,63,3,10,0,0
5,5,1,23,188.22794598335224,32,54,16,0,17,1,1
2,3,12,25,217.95057771308805,11,7,17,8,11,1,1
15,15,2,16,332.14125511488095,93,22,33,2,1,1,1
14,15,18,0,322.5014414135297,44,16,9,8,19,1,1
2,3,5,10,161.7449247130145,49,26,7,11,3,1,1
2,3,18,25,328.6746124885356,91,50,59,2,3,0,0
18,19,10,25,177.13942410370078,88,73,29,3,8,1,1
6,7,7,21,141.38376270293446,68,34,10,1,10,0,1
14,15,10,9,287.5081463637231,79,92,45,10,7,0,0
6,7,3,8,245.3287313892324,71,63,35,4,5,1,1
16,17,12,25,206.4395393349579,33,2,51,2,14,0,1
1,1,7,28,237.32643154082143,23,72,24,0,12,0,1
19,19,12,9,240.59074598944488,66,20,2,8,3,0,0
19,19,13,26,89.65531941988934,42,75,14,7,2,1,1
7,7,6,21,93.90177567311174,30,56,14,7,11,1,1
15,15,18,29,51.35903059782778,86,81,64,8,18,0,1
5,5,16,2,188.3848330594583,65,24,63,0,2,1,0
10,11,9,16,147.33033437837037,46,26,44,8,13,0,1
14,15,20,23,286.69603757110343,89,29,39,3,20,0,1
11,11,5,29,203.47439025298075,33,13,53,6,3,1,1
13,13,14,25,213.72525546933596,34,97,1,8,16,0,1
7,7,22,2,58.88648011624069,70,28,46,9,1,0,1
5,5,5,24,58.96651148291588,25,39,61,10,6,1,1
3,3,20,15,94.03139546369242,82,26,63,7,19,1,1
17,17,7,11,102.77199784491955,79,11,10,3,13,1,1
15,15,19,5,256.06807740179386,50,71,2,10,8,1,1
6,7,7,3,94.201559361559,92,26,12,2,8,1,1
11,11,6,20,300.06412938846245,22,74,47,6,19,0,1
9,9,20,10,112.22405591707084,31,51,28,11,17,0,1
11,11,18,25,109.44623498416344,82,18,48,1,8,1,1
17,17,4,6,299.31603899258886,42,9,2,6,19,1,1
15,15,23,7,274.1992200327545,42,18,59,1,13,0,0
14,15,9,21,64.04662737176986,44,18,27,5,20,0,1
14,15,18,19,192.34357397190232,21,86,65,1,4,0,0
0,0,8,21,172.72708493154644,27,16,30,9,12,0,1
16,17,3,3,311.73466845471364,36,55,61,8,10,1,1
4,5,8,6,251.36068790305904,49,37,50,8,7,1,1
5,5,23,27,330.4181204472582,99,99,49,5,7,1,1
10,11,14,25,95.97665768990814,31,12,56,8,8,0,1
0,0,6,18,266.41983851261017,11,88,9,10,1,0,0
2,3,12,21,215.09651385334257,72,3,9,5,10,1,1
12,13,15,12,64.14475140764587,55,86,11,4,2,0,1
9,9,15,3,228.79221663682503,25,45,16,2,3,0,0
6,7,12,23,309.7795659443332,74,70,52,11,8,0,0
10,11,16,11,166.77467766984572,48,41,23,0,18,1,1
5,5,0,13,257.24889917452464,91,52,5,5,4,1,1
4,5,15,27,147.08735682770043,36,18,33,9,17,0,1
2,3,20,29,174.99716420043944,76,3,20,2,6,0,0
17,17,2,11,168.802644172106,46,22,49,10,3,1,1
3,3,22,7,347.1316657426604,31,11,36,7,15,1,1
18,19,0,20,109.42334001170856,82,98,24,10,11,1,1
2,3,12,13,167.8812897191587,82,22,38,0,7,1,1
8,9,7,2,52.24924849610704,23,94,33,0,15,1,1
10,11,7,11,219.26971780810692,19,41,44,7,14,0,1
17,17,15,19,158.11719832343874,0,97,59,8,11,1,1
12,13,18,17,114.2130847164995,74,77,7,9,9,0,1
4,5,3,24,178.55605674292943,18,31,58,7,2,1,1
3,3,23,9,141.37758055959458,36,28,20,10,20,0,1
14,15,16,14,337.295847723178,9,5,19,3,4,0,0
4,5,18,12,93.68611632274953,9,37,4,5,18,1,1
7,7,10,19,260.46623528061394,4,95,62,7,19,0,1
1,1,21,10,59.5784905516107,39,6,29,0,7,0,1
11,11,16,29,158.0951980288209,96,51,39,10,2,1,1
6,7,16,22,98.3355417543659,93,22,51,6,20,1,1
10,11,16,26,146.5977347887787,69,65,56,2,18,1,1
6,7,11,9,161.9875760636488,33,63,38,5,4,1,1
12,13,14,17,183.35877544488255,67,92,54,6,13,0,1
11,11,18,10,266.4795068598204,11,15,64,4,5,1,1
4,5,23,17,242.8464820026675,81,68,59,0,16,0,1
19,19,1,12,125.47434191168516,63,22,50,1,18,1,1
17,17,22,1,276.0336402483868,33,7,18,2,16,0,0
19,19,1,27,182.01434697117523,65,97,59,4,19,0,1
0,0,7,20,96.79063645950968,54,19,63,0,14,1,1
10,11,22,28,252.6380669062829,79,15,26,3,20,0,1
9,9,23,24,278.9826332525678,80,32,14,8,13,0,1
4,5,23,16,235.89121289593905,44,1,21,6,3,0,0
3,3,19,14,265.04639735279466,31,58,63,11,8,1,1
9,9,8,11,55.13770925023982,40,8,14,1,6,0,1
11,11,11,29,102.79852264899984,90,42,28,6,3,1,1
9,9,20,15,325.1228155226475,85,32,17,4,10,0,0
10,11,13,28,102.63633980362845,90,1,23,8,18,1,1
3,3,19,0,329.24717224359387,24,9,13,0,18,0,0
10,11,16,16,202.5884857845635,54,84,1,9,15,0,1
0,0,0,24,158.53135538660652,86,83,57,7,8,1,1
0,0,0,9,51.30534675531449,34,4,1,9,8,0,1
13,13,2,18,64.93057386936775,92,29,1,7,12,1,1
19,19,9,22,73.9777404259863,20,4,33,11,12,0,1
11,11,9,26,246.7935559299024,49,89,8,10,6,0,1
4,5,9,25,178.44232221851547,72,53,62,8,16,0,1
10,11,22,13,333.60146103749827,2,63,33,0,15,0,1
1,1,7,29,153.16989059424827,11,81,35,2,3,0,0
12,13,17,23,231.16301751458113,3,43,6,4,20,0,1
0,0,20,3,150.12986315819893,53,56,62,2,15,0,0
1,1,21,16,174.06198136351645,61,73,64,4,6,1,1
6,7,20,13,140.47072475166266,32,15,54,0,3,0,1
16,17,21,8,119.43210658359872,20,36,32,1,9,0,1
12,13,18,23,230.09211948136365,40,17,63,1,3,1,1
10,11,0,26,81.10632611143713,84,81,6,7,10,0,1
2,3,22,6,60.30078279448976,80,27,63,0,14,0,1
13,13,12,22,264.7743413946315,23,57,9,0,15,0,1
0,0,7,11,111.39775433873798,83,86,44,2,13,1,1
18,19,14,8,197.56736668803356,46,89,54,10,1,1,1
19,19,4,21,283.1605300226715,96,29,37,6,7,1,1
11,11,19,21,68.57482391607678,14,2,61,9,19,1,1
4,5,20,15,298.30798694508906,5,91,41,6,1,0,1
14,15,15,29,254.91321389420816,86,24,29,5,19,0,1
8,9,5,18,85.84839069055118,90,78,36,10,20,0,1
2,3,15,26,328.2441090049191,67,4,38,6,17,1,1
2,3,23,20,86.52200615960345,80,3,63,3,8,1,1
5,5,15,19,234.88203757581127,58,74,52,2,15,1,1
16,17,20,18,53.41155109731558,74,65,50,6,19,1,1
0,0,19,12,67.96681153540061,56,29,20,3,8,1,1
15,15,3,0,320.50388548368454,40,70,52,1,8,1,0
4,5,21,18,60.6025265577202,47,28,1,9,1,1,1
6,7,19,13,189.14903908934232,73,97,47,7,8,1,1
19,19,15,27,61.42665221634371,37,95,54,9,14,0,1
0,0,8,20,225.20471911230487,53,97,62,10,9,0,0
6,7,10,2,118.2431137304824,38,94,25,6,17,1,1
16,17,16,2,290.3916589197906,60,79,8,2,9,1,0
18,19,4,12,51.43475355986645,82,66,64,11,4,0,1
8,9,1,29,338.02417585681087,81,9,17,4,16,0,1
2,3,23,0,287.3674727174152,61,50,36,1,17,0,0
12,13,12,6,129.51934976750948,18,39,16,9,13,0,1
14,15,0,18,348.6520555437259,80,79,1,3,6,1,1
17,17,17,24,308.73671761183164,30,90,50,3,1,1,1
12,13,13,4,300.24571978757837,77,5,48,1,19,0,0
7,7,12,9,63.20448382584895,35,95,15,5,4,1,1
1,1,18,15,126.9654546555808,55,84,25,0,5,0,1
13,13,4,17,223.5792151032851,59,68,47,2,10,1,1
16,17,23,2,97.80562738277922,48,73,41,6,7,0,1
12,13,5,3,84.53530755462036,30,0,64,10,3,0,1
7,7,11,17,160.26340424491437,47,66,25,0,16,1,1
6,7,2,8,72.3728808542268,95,86,8,7,18,0,1
0,0,4,4,201.00621911251835,14,3,1,8,7,0,0
8,9,0,13,195.40492452413736,0,39,46,10,6,1,1
3,3,14,14,136.2381396032069,32,33,53,7,3,0,1
8,9,22,5,59.16138171440095,19,77,3,5,3,1,1
6,7,16,0,95.24815791478608,78,37,45,0,10,0,1
9,9,4,5,135.2231000382448,10,66,43,10,3,1,1
19,19,0,6,90.55704810747876,83,64,34,1,9,0,1
9,9,20,23,65.74692106707678,68,6,59,9,2,1,1
12,13,7,11,111.11617955185612,86,82,26,3,14,0,1
14,15,14,22,169.10905227047306,85,77,7,4,11,1,1
17,17,12,14,97.65448052652248,96,35,16,3,16,0,1
14,15,2,1,186.94890502548924,66,40,61,8,10,1,1
2,3,13,25,93.36887794966974,73,88,55,5,4,0,1
2,3,0,15,105.79767026178628,30,34,10,11,8,0,1
9,9,20,27,121.83183696448054,40,98,19,5,16,1,1
5,5,20,19,280.62722416553515,53,51,35,8,9,0,0
19,19,7,7,243.64426325002552,30,32,2,3,1,0,0
8,9,17,17,266.830601494744,95,71,56,5,20,1,1
10,11,12,13,90.6855546271447,78,63,57,10,2,1,1
16,17,18,12,118.18469802307423,93,27,13,2,10,0,1
8,9,2,24,288.06406393328405,85,0,8,1,6,0,0
8,9,18,15,81.85205924917844,85,7,3,10,5,1,1
14,15,20,14,339.92959332676406,28,2,29,9,3,0,0
1,1,16,26,81.11637683830723,74,85,10,1,2,0,1
19,19,10,18,207.513769674215,78,96,20,9,14,0,1
5,5,2,20,125.00769677028968,80,58,29,2,13,0,1
8,9,23,27,345.8536746147172,48,4,63,3,19,1,1
0,0,9,24,273.8699034603443,22,28,50,11,14,0,1
7,7,0,26,263.70522933527224,69,8,57,9,5,1,1
14,15,0,9,190.8219525927354,23,23,3,2,20,1,1
15,15,20,10,195.1854465967295,21,97,11,10,6,1,1
7,7,16,18,130.76738637252717,60,22,34,8,4,1,1
17,17,7,24,85.90909517928363,55,30,24,8,4,0,1
0,0,3,12,154.70895070370685,10,34,8,10,5,1,1
15,15,5,15,193.5528631481457,50,46,31,4,10,1,1
11,11,23,0,211.29954512823377,57,51,13,0,7,1,0
0,0,8,1,81.03557753352392,55,17,12,2,15,1,1
15,15,17,4,243.0564485424309,16,62,2,6,14,1,1
19,19,14,16,110.78743631850418,57,97,16,8,19,0,1
14,15,20,8,322.21686557929,54,37,49,3,5,1,1
2,3,10,8,303.016236991206,36,98,52,8,4,0,0
9,9,9,19,128.6012386142785,70,95,47,4,5,0,1
14,15,5,0,323.1517786027221,39,38,14,4,10,1,0
6,7,1,28,314.2079236845638,96,83,64,4,9,0,0
4,5,22,17,215.09817508927208,84,34,59,0,17,1,1
9,9,7,19,80.29392752357666,23,14,10,10,20,1,1
3,3,22,12,279.1617199625267,61,73,43,10,17,1,1
11,11,21,4,245.29947191267777,80,89,49,0,10,0,0
19,19,17,13,107.01571747746948,36,71,51,6,18,1,1
11,11,19,2,340.5037038844736,90,84,9,9,14,0,1
16,17,18,21,342.0746713016894,53,60,45,2,6,1,1
10,11,7,1,312.9203395023162,47,78,31,11,15,1,1
0,0,1,3,150.58394267025932,40,58,4,7,17,1,1
7,7,1,4,128.35438110545198,19,17,35,0,17,0,1
1,1,8,3,215.01472560771276,4,70,30,10,7,0,1
3,3,10,24,92.77475268294243,5,63,54,3,12,0,1
16,17,7,14,227.32837459802957,81,48,2,7,13,1,1
17,17,22,8,328.98041870905007,62,93,60,0,6,0,0
11,11,12,9,237.2910893862913,88,5,22,3,15,1,1
7,7,20,23,233.1054198500963,82,32,17,10,17,1,1
18,19,14,21,62.67818151260977,51,59,15,5,12,0,1
6,7,10,21,265.53078326778046,55,16,18,3,10,1,1
7,7,22,14,160.41758473581945,74,80,15,6,18,0,1
0,0,11,3,236.08273524128617,28,90,38,8,5,1,1
1,1,23,23,62.947171079805344,53,85,3,2,7,0,1
13,13,14,17,212.26394182697072,60,3,47,4,4,0,0
1,1,16,28,160.38566918847732,0,55,55,1,13,1,1
11,11,15,16,189.6726425470804,49,88,10,4,15,1,1
1,1,19,29,283.87182548641647,65,84,32,1,3,1,1
6,7,15,26,335.70659562117135,97,79,52,0,9,0,0
7,7,1,19,326.9010237909735,88,46,33,4,8,1,1
9,9,22,22,274.02835559821114,90,14,61,2,15,1,1
9,9,5,5,279.7733891002139,49,89,55,2,11,1,1
1,1,7,5,77.38895254827007,13,48,34,6,16,0,1
15,15,1,27,293.9809648845787,50,68,64,11,2,0,1
18,19,20,24,78.45862526632274,83,67,51,2,5,1,1
5,5,9,8,110.75873681866965,92,20,24,4,12,1,1
12,13,3,24,288.54331079273925,36,70,35,1,10,0,0
13,13,10,7,118.98084310962903,71,13,20,11,3,1,1
6,7,13,21,304.10720145428047,56,95,3,9,15,1,1
1,1,18,3,136.72282174051307,9,67,60,11,11,1,1
8,9,10,26,183.40879423003452,19,94,6,1,10,1,1
18,19,20,4,164.23821577256825,84,58,44,11,20,0,1
4,5,20,0,130.55069830679128,97,31,40,1,8,0,1
12,13,0,23,204.25169895482267,21,40,40,8,20,1,1
14,15,11,15,338.4075180652184,84,90,52,5,9,0,0
2,3,19,7,201.06693373972456,3,98,38,2,15,0,1
12,13,15,6,228.1994913439709,92,9,5,11,13,0,1
15,15,20,12,261.17740941180483,69,89,3,7,11,1,1
14,15,9,18,244.21310413646697,85,62,54,3,5,1,1
2,3,20,22,227.5596990991315,72,65,48,9,15,0,1
12,13,13,0,323.4767468614064,44,4,23,4,20,0,0
4,5,19,26,159.60696140070064,78,69,65,3,10,0,0
15,15,21,17,143.2787288564814,46,28,32,0,7,0,1
0,0,16,5,113.22399989379868,7,37,64,8,1,1,1
1,1,22,22,238.3151097744029,46,91,15,4,10,0,0
5,5,0,17,65.86117798005353,57,47,28,6,13,0,1
18,19,20,13,332.6351557475837,63,10,22,2,14,0,0
15,15,12,13,173.84673181217352,38,15,10,7,1,0,0
9,9,16,26,82.80524973218958,54,41,45,6,8,0,1
13,13,21,2,130.9279664716377,50,55,52,11,6,0,1
4,5,0,0,215.14290244091157,47,74,24,11,20,1,1
11,11,9,26,217.2406681185028,44,65,52,1,9,0,0
2,3,6,21,124.50801554339544,52,87,19,5,18,0,1
11,11,19,17,321.652428701082,71,69,59,3,13,1,1
3,3,3,21,291.1506712810412,66,16,33,8,17,1,1
2,3,17,26,309.00985744130844,1,49,2,0,10,0,0
19,19,7,16,226.29001657082168,55,78,2,1,11,0,1
14,15,15,10,67.4021143452992,86,31,18,11,12,0,1
11,11,11,17,312.81779732430294,7,69,54,8,7,0,1
18,19,7,15,70.97189051118805,44,30,52,4,10,0,1
3,3,9,24,315.03640756887677,33,51,41,2,11,0,1
11,11,11,21,210.6299116730507,92,44,37,11,20,0,1
18,19,17,17,158.19825259155596,79,48,61,5,1,0,0
15,15,21,9,115.10538380535796,21,89,25,4,19,1,1
9,9,9,24,99.5583870723092,63,59,41,1,7,1,1
0,0,21,28,124.22967032650736,55,48,54,9,1,1,1
13,13,18,12,273.7751031940506,45,98,59,7,14,0,1
14,15,14,0,337.55739844581836,74,43,21,0,7,0,0
2,3,18,14,280.1072480402964,99,16,26,10,3,0,0
9,9,15,19,323.0898409130291,77,55,53,5,14,1,1
6,7,2,28,50.624797404407765,71,24,21,6,20,0,1
9,9,18,17,303.6309952398724,28,16,51,8,20,0,1
0,0,3,21,267.5595102600342,28,50,12,11,16,1,1
15,15,8,16,288.63741036689794,14,98,34,6,11,1,1
12,13,10,19,299.4205319036559,66,18,28,2,5,0,0
2,3,16,28,270.73708235207704,61,11,36,1,20,1,1
14,15,10,20,229.5829796214506,16,99,30,6,5,1,1
13,13,3,7,84.99321796269102,12,94,45,11,15,1,1
13,13,17,6,214.37367007903836,8,52,6,0,3,1,1
0,0,12,23,251.0153281047557,68,82,54,3,9,0,0
5,5,11,1,225.83556083465493,74,23,17,11,20,1,1
9,9,1,4,166.68802108521467,69,61,24,8,8,0,0
8,9,1,4,174.79905734900603,25,32,24,10,5,1,1
19,19,15,25,328.80854009287424,88,23,48,0,1,1,1
17,17,3,9,68.51928574120365,96,11,12,6,15,1,1
17,17,13,24,179.86910654192786,17,48,27,8,6,1,1
1,1,14,28,180.64750224663612,1,63,47,11,18,0,1
16,17,9,2,185.90359732360423,58,46,56,7,2,0,0
13,13,6,29,276.97124772265016,67,92,39,1,3,1,1
13,13,18,29,327.52313338781795,11,63,14,11,8,1,1
17,17,6,2,60.79900232237912,12,51,8,2,3,0,1
1,1,8,16,150.93284653052513,78,60,20,8,16,0,1
5,5,22,0,325.0627514336833,6,66,59,3,11,0,1
4,5,13,0,215.12736876148145,87,24,43,3,11,0,0
19,19,12,14,96.1371752036732,88,11,57,3,5,1,1
7,7,8,5,250.22978473389415,1,14,14,5,5,1,0
19,19,17,18,92.63463222604908,25,1,47,10,3,1,1
5,5,7,29,303.79767577306353,54,86,30,4,2,0,0
1,1,2,21,142.675731430704,8,44,39,5,20,1,1
0,0,11,21,137.62395928964474,37,76,37,11,6,1,1
3,3,6,18,213.2553265322592,46,41,36,9,4,0,0
11,11,1,1,91.76645672781214,46,77,17,5,4,0,1
18,19,8,1,95.101711669613,67,2,20,2,13,0,1
16,17,12,10,133.7872399751532,1,42,21,6,8,1,1
11,11,19,1,173.07755611296636,29,20,54,9,16,0,1
10,11,19,28,269.1927222279707,78,5,12,10,12,0,1
14,15,1,13,344.1508345170116,76,98,56,10,4,1,1
5,5,15,6,295.7400213289391,21,13,21,8,19,1,1
16,17,5,14,79.4036577122212,38,32,20,1,16,0,1
1,1,9,0,280.461057828069,90,40,20,8,16,1,1
10,11,23,10,332.0732023455572,83,29,35,8,16,0,1
7,7,3,20,163.54904381762404,74,2,2,8,1,0,0
9,9,9,13,337.89061976454354,45,35,46,5,16,0,0
1,1,4,6,247.6268335543806,24,88,39,4,8,0,0
9,9,5,1,136.11665318772916,14,53,59,6,16,1,1
14,15,20,19,245.3003805866442,78,13,43,5,12,0,1
19,19,3,26,217.1878125968622,75,66,34,8,17,1,1
16,17,13,7,224.64801131363475,92,66,45,1,8,0,0
13,13,12,14,337.2382197638555,70,37,11,4,12,1,1
16,17,20,17,333.95611861472764,98,13,30,1,19,0,1
6,7,13,8,217.1878489482864,53,89,34,9,9,1,1
16,17,6,16,258.27215071199515,81,61,39,3,7,1,1
17,17,10,15,63.53805657175388,63,25,30,4,13,0,1
4,5,9,17,215.6285946096521,81,57,18,5,3,1,1
2,3,6,11,72.69055434095817,13,69,20,2,19,1,1
17,17,1,24,86.49999908032318,7,5,12,6,1,0,1
18,19,3,12,60.78164659105788,35,36,25,0,7,0,1
1,1,14,3,316.2114542503879,79,83,61,4,10,0,0
12,13,12,22,262.2923875796337,32,25,49,5,5,0,0
10,11,13,19,86.18164238478981,0,51,29,4,18,1,1
4,5,15,10,264.2601323682198,84,11,49,9,5,1,1
2,3,10,19,69.54690477334157,98,21,25,9,6,0,1
7,7,1,25,169.12776207460428,82,0,43,2,10,1,1
11,11,19,27,201.59091378777848,0,35,47,2,4,0,0
2,3,3,3,161.88889089993376,96,14,18,3,3,1,0
11,11,1,29,114.76241231779883,64,20,10,4,1,0,1
15,15,15,8,214.22687135940063,79,78,36,8,12,0,1
7,7,5,26,184.49040075090025,75,63,41,11,5,0,1
3,3,17,7,90.319009399599,41,32,62,3,11,1,1
17,17,9,27,288.41930328747856,93,77,54,3,7,0,0
5,5,1,2,188.410564629173,11,58,53,6,9,0,0
4,5,10,28,344.7520244118419,39,79,27,9,20,1,1
0,0,1,20,81.9348754252042,63,62,25,2,3,1,1
1,1,6,24,51.47743373003667,71,75,13,9,5,0,1
14,15,9,12,177.55895909978105,43,29,9,7,13,0,1
7,7,19,5,68.87107390114583,16,43,28,10,14,0,1
10,11,16,10,121.01038879552029,80,12,14,11,12,1,1
11,11,11,10,171.35672390801892,38,84,14,3,20,0,0
14,15,1,14,143.617358442603,92,20,25,3,9,1,1
6,7,7,26,231.27308021306325,85,52,46,7,1,1,1
8,9,4,24,95.77278948796926,63,5,52,9,20,1,1
14,15,23,5,154.79157751594386,66,88,48,6,13,0,1
8,9,16,0,279.8447918620285,89,50,52,6,4,1,1
9,9,3,14,318.4964733107475,15,74,53,0,1,0,0
18,19,17,19,339.0268233459902,67,95,10,8,10,1,1
1,1,23,13,267.34589395858956,50,65,24,11,8,1,1
8,9,8,22,84.54220908105268,56,81,9,11,16,1,1
15,15,6,20,80.87358772473749,99,56,1,5,7,0,1
1,1,15,1,276.17817134383716,0,73,43,4,1,0,0
19,19,12,28,78.1328137006243,76,26,6,3,14,1,1
15,15,16,24,81.83661715581049,33,19,17,4,12,1,1
5,5,12,4,128.56743767287807,49,52,55,5,20,0,1
0,0,22,19,281.2525536880987,77,73,35,11,6,1,1
8,9,9,7,159.53036093484042,90,27,56,3,4,0,0
11,11,9,26,331.5426848089502,94,3,12,6,10,0,1
15,15,8,29,236.0109239126287,37,17,58,1,11,1,1
0,0,23,16,213.7716660010004,24,87,31,3,14,1,1
19,19,22,18,207.7337263155057,53,52,41,5,19,0,1
0,0,14,10,316.75574625409973,90,0,61,0,3,1,1
16,17,0,0,287.44653094040126,80,59,13,1,9,1,0
12,13,14,28,114.7833021831803,65,14,25,2,12,0,1
14,15,2,5,199.81829946148224,27,82,34,8,17,0,1
11,11,2,8,175.3807870818838,62,82,6,9,16,1,1
16,17,23,27,329.5664213259715,8,62,32,9,19,1,1
8,9,23,22,237.905848247616,10,3,4,9,18,1,1
14,15,13,2,211.27013637017487,13,18,6,5,15,1,1
3,3,3,8,261.4653309626562,57,69,34,4,18,0,0
12,13,16,1,156.2529163490018,46,49,44,7,15,1,1
1,1,8,18,282.69365471728446,92,61,55,10,12,1,1
1,1,17,12,138.89259062943384,18,1,19,4,4,1,1
14,15,4,2,197.14097264062485,91,33,15,9,20,1,1
5,5,5,13,238.33826431562545,51,13,31,11,12,1,1
13,13,11,27,84.77758314481764,19,66,65,2,5,1,1
9,9,12,29,96.93110568465966,97,68,44,11,12,0,1
3,3,20,28,182.2315669606645,63,69,59,2,13,1,1
19,19,4,15,140.00652941887364,39,83,65,3,6,1,1
2,3,22,16,280.46477475022215,64,53,13,10,16,0,1
9,9,17,14,198.23508796545488,47,20,32,11,14,1,1
0,0,12,12,209.37989033736503,41,70,26,6,18,1,1
8,9,19,15,178.34250149522646,40,46,27,4,3,0,0
4,5,17,23,336.6801437436934,11,17,64,6,1,0,0
17,17,0,8,109.1654538671702,25,46,16,3,1,1,1
14,15,4,27,321.6164190749852,58,54,34,1,12,0,1
8,9,12,24,120.72528317150308,1,8,56,9,16,0,1
16,17,13,6,58.188947679982675,60,20,24,7,11,0,1
10,11,5,15,234.8504448363406,68,53,15,0,3,0,0
19,19,14,21,277.064910861759,72,0,48,0,8,1,1
2,3,23,13,329.82940589943007,21,60,3,9,12,1,1
6,7,18,17,172.9125267648239,85,62,20,11,17,1,1
18,19,11,9,123.61134622668284,70,15,44,1,7,0,1
2,3,16,13,105.58474729802226,98,92,31,9,4,1,1
11,11,5,22,105.7400970425287,80,96,32,5,1,0,1
16,17,20,26,246.76698099596655,3,55,26,0,11,0,1
5,5,4,13,84.78476427372094,51,76,63,2,13,1,1
4,5,7,4,50.13927307790011,32,47,30,4,19,0,1
8,9,17,24,289.8679723757576,8,65,49,9,20,1,1
10,11,3,18,239.4152258368529,81,34,53,4,11,1,1
0,0,10,17,154.38400137138655,22,31,19,0,5,0,0
8,9,9,11,206.74383885950817,48,42,18,10,4,1,1
11,11,16,29,163.38681136388067,50,24,44,1,2,1,1
15,15,0,25,297.0430759236413,33,92,41,11,15,1,1
11,11,13,8,306.4164655698086,37,41,43,5,9,1,1
13,13,11,12,311.4226049236408,75,94,17,7,13,0,1
11,11,10,10,101.68158950297736,56,7,28,2,17,0,1
6,7,19,1,137.07043330914834,44,5,36,2,1,0,1
6,7,8,3,119.33470546909288,35,95,36,6,12,1,1
5,5,11,20,275.35861512539515,1,94,37,2,19,0,1
14,15,11,9,93.8279980441591,32,57,27,9,12,0,1
16,17,14,25,131.960750168885,35,16,40,2,5,1,1
5,5,4,4,138.5916496662524,91,73,12,6,7,0,1
12,13,13,10,152.0025731212038,72,82,53,8,7,1,1
17,17,22,17,167.4334617715279,53,42,57,3,1,0,0
1,1,21,20,199.06329176876096,59,13,44,1,11,0,1
10,11,7,5,244.06780086681044,51,86,43,2,15,0,0
5,5,7,29,195.26722059443472,97,33,46,4,12,1,1
8,9,20,0,246.2848723444782,3,43,56,7,1,0,0
5,5,4,8,77.5624763649081,67,42,30,0,15,0,1
17,17,18,1,163.11586993536704,2,13,47,2,8,1,0
12,13,14,4,289.6873262956977,83,15,10,8,2,1,1
6,7,12,2,270.2152692871246,35,36,22,8,13,0,1
7,7,7,23,117.16795057733556,19,25,57,2,11,1,1
18,19,0,28,242.0431905430061,86,76,44,11,20,1,1
6,7,18,8,204.0399814283712,98,51,55,0,18,1,1
10,11,20,27,167.13978053135466,66,4,53,5,4,1,1
5,5,4,8,58.207587337744215,6,7,39,0,10,0,1
8,9,13,16,334.83569105143573,25,4,63,0,18,1,1
1,1,16,11,222.64154122369425,13,32,41,1,10,1,1
13,13,13,7,60.40463629582518,48,72,31,4,13,1,1
14,15,20,25,196.8377482883876,27,58,62,1,10,0,0
4,5,1,23,305.448642862993,33,65,45,8,7,0,0
17,17,22,12,339.3431786194937,34,92,29,6,13,0,1
2,3,8,22,154.9734039887197,89,19,42,11,13,1,1
12,13,11,22,307.6315891337265,99,4,15,7,1,0,0
3,3,12,9,346.3721080859605,27,79,58,2,14,0,0
7,7,1,10,169.50729574764412,28,22,65,10,7,1,1
19,19,3,27,331.83523296232494,99,45,50,0,4,0,0
4,5,7,3,305.6847735080575,85,35,44,9,10,0,0
2,3,17,3,285.657950469541,22,33,3,8,10,1,1
18,19,0,10,102.4909408094008,97,53,1,0,11,1,1
5,5,3,10,68.00442360686996,99,71,51,10,13,0,1
16,17,21,9,173.27057522846223,64,88,36,2,7,0,0
4,5,12,21,272.72119648076165,89,7,34,0,5,1,1
12,13,5,23,148.39922569875137,41,28,62,6,8,0,1
16,17,20,3,322.363768197986,80,26,2,2,9,0,0
17,17,11,11,291.6884978013063,44,69,50,7,16,1,1
2,3,6,5,135.24345335743533,59,44,5,8,10,0,1
8,9,17,0,62.79366060015419,3,33,13,8,13,0,1
10,11,22,15,280.08755647520644,22,26,49,1,6,0,0
15,15,19,20,84.66932479418462,5,87,52,8,1,0,1
12,13,2,6,113.10784246491698,68,20,29,0,20,0,1
3,3,6,2,265.6829537639667,65,71,14,1,6,1,0
9,9,12,29,123.54594878267778,31,72,53,3,16,0,1
17,17,0,16,342.97033700978204,87,18,32,1,2,0,0
7,7,19,26,348.81597106481297,61,98,24,0,11,1,1
5,5,6,2,263.52242313667784,93,73,51,5,2,1,0
19,19,8,6,94.48312406460848,77,99,9,4,17,1,1
4,5,5,2,217.4555628996404,49,75,45,8,4,1,1
9,9,15,22,218.15180290673732,35,60,23,3,3,0,0
4,5,16,11,62.069477448454535,76,78,46,5,1,1,1
5,5,17,20,200.5217896066899,78,23,60,2,17,0,1
3,3,1,12,245.9223818190687,60,5,6,6,9,0,0
11,11,7,29,245.9120080095112,97,89,59,6,17,0,1
8,9,17,21,140.16775295390158,14,40,11,1,20,1,1
9,9,22,9,71.85035751099397,55,98,46,8,14,1,1
19,19,4,9,192.687562700932,58,84,27,3,4,0,0
7,7,19,8,231.2816098208673,33,65,1,1,11,0,0
12,13,19,1,234.94507778441425,88,23,18,11,9,1,1
10,11,12,17,266.5718996322077,0,16,4,9,17,1,1
0,0,21,14,252.21455985823113,7,88,56,11,6,0,1
19,19,3,8,158.9492372638597,55,11,20,4,4,0,0
12,13,2,6,291.2953300409712,43,36,30,4,1,1,1
10,11,6,7,224.24663535868427,84,63,46,1,15,0,0
18,19,17,13,169.14252956447783,78,53,13,7,3,1,1
16,17,3,10,268.6639192618052,13,25,34,11,20,1,1
5,5,15,23,142.99400772278864,11,65,1,0,17,1,1
5,5,17,10,66.28909657827491,19,71,5,11,12,1,1
13,13,12,11,68.9605915242021,38,96,3,5,2,0,1
16,17,22,23,315.68330447105916,88,84,30,5,15,1,1
19,19,5,13,137.32249752764946,51,38,39,9,4,1,1
19,19,10,18,258.65154373062376,88,71,12,5,2,0,0
10,11,10,24,251.8566929815735,45,81,9,10,8,1,1
19,19,0,12,297.77902719406603,59,72,64,0,14,0,0
2,3,14,10,146.53565471334028,73,6,8,2,12,0,1
12,13,7,11,142.90846902355474,6,76,50,1,1,0,1
3,3,8,24,305.0577559068563,57,2,40,5,16,1,1
0,0,13,25,298.9389619749668,78,89,17,2,8,0,0
13,13,6,26,328.9267825868419,23,28,60,9,19,1,1
8,9,20,3,224.0573455957928,57,41,40,9,9,0,0
4,5,20,27,154.9032954435035,13,5,36,2,14,0,1
18,19,12,7,214.0281760285033,33,99,42,1,12,0,0
12,13,12,7,229.1848912151654,51,40,25,9,11,1,1
9,9,16,19,240.8575959407783,49,82,26,3,4,1,1
5,5,1,8,64.86495194549668,44,76,52,1,4,1,1
2,3,0,9,129.86572739552662,51,75,63,4,15,1,1
1,1,18,21,155.76360544686423,12,35,50,4,3,1,1
10,11,3,1,148.69428908442194,4,36,57,5,13,0,1
13,13,13,4,336.8677990289849,22,19,21,11,8,1,1
18,19,7,24,264.32985129043533,97,93,38,2,6,1,1
16,17,17,20,163.80561873318092,63,2,5,6,4,0,0
7,7,16,21,207.83969286081788,58,26,36,6,5,1,1
0,0,0,9,276.76055126054683,90,56,41,1,15,1,1
10,11,22,27,155.16029498512083,49,79,59,0,12,0,1
11,11,22,27,164.87075972231244,52,21,42,9,8,1,1
1,1,16,7,234.27647528558413,96,13,10,3,13,1,1
2,3,14,24,296.89552911512044,77,39,19,7,4,1,1
11,11,6,24,331.4144971577193,18,10,63,6,16,1,1
14,15,3,4,114.2105699978824,3,91,21,7,10,0,1
15,15,22,20,288.5088652110558,87,21,7,11,14,0,1
17,17,4,6,125.25459040206616,94,73,2,5,5,1,1
15,15,7,26,154.51394273657837,96,56,10,5,10,1,1
0,0,5,27,285.30237387076403,3,49,23,8,15,0,1
2,3,17,7,159.4026130094446,10,46,57,10,9,0,0
18,19,16,6,244.8312218048113,42,75,42,10,19,0,1
11,11,3,5,258.202390636534,68,38,43,3,3,0,0
19,19,1,2,167.17783376136163,2,5,12,8,18,0,1
5,5,6,16,234.12644659164016,94,94,35,4,6,1,1
16,17,11,3,193.76025637963025,24,54,41,9,15,0,1
8,9,20,18,248.6819575617004,44,47,48,11,15,0,1
13,13,14,29,105.27403604167417,38,73,14,5,11,1,1
3,3,23,15,338.95883779492965,45,83,43,3,16,1,1
3,3,7,7,223.39734068762195,37,71,48,1,9,0,0
15,15,14,26,225.19741710436247,55,86,24,7,14,0,1
6,7,8,20,87.73469883448968,37,4,10,2,9,0,1
1,1,11,28,137.05715849303888,27,15,57,0,11,1,1
5,5,14,9,346.19465712064914,48,8,33,1,17,1,1
16,17,16,5,74.26708722199503,0,40,14,2,1,1,1
10,11,20,24,273.77112960632655,50,87,10,7,12,0,1
4,5,9,29,84.39906056464591,69,71,32,7,17,1,1
18,19,1,7,187.24938006891463,14,6,5,2,10,0,0
11,11,6,27,140.73899677821404,30,81,8,8,12,0,1
8,9,14,13,309.08402687026916,44,77,14,9,16,0,1
15,15,13,18,281.7340729231115,59,93,52,1,5,1,1
13,13,16,29,258.0411812006133,74,78,37,5,15,1,1
5,5,22,0,214.87357254461153,15,48,6,2,13,1,1
8,9,16,22,115.89346759990148,26,71,63,3,4,0,1
15,15,8,10,257.5918400732925,15,26,25,11,17,0,1
3,3,0,6,76.53481362231199,25,20,56,6,15,0,1
5,5,23,9,271.6605806929609,75,70,52,6,10,0,0
14,15,15,3,75.58173848500843,42,72,31,8,8,1,1
19,19,18,20,329.8481831215824,83,36,39,6,11,1,1
17,17,16,23,279.3027908821417,16,52,56,1,8,1,1
16,17,10,1,106.79735117760576,81,89,49,0,17,0,1
2,3,9,25,164.11662142849167,6,59,51,8,17,0,1
17,17,13,25,56.11245644867403,18,44,30,2,8,1,1
9,9,19,12,149.50347116961467,58,22,55,7,4,1,1
14,15,14,5,333.9733222202317,49,25,29,8,7,1,1
4,5,6,10,321.70731975001274,7,21,39,11,2,1,1
13,13,3,10,183.70235949860336,6,69,33,9,6,1,1
12,13,22,6,76.65202720134765,59,44,55,0,15,1,1
14,15,22,20,273.30679279554784,13,41,34,1,3,0,0
9,9,17,9,187.690637911475,1,9,15,11,2,0,0
6,7,1,28,250.1110464026079,85,24,58,11,11,1,1
3,3,1,5,65.74339926086206,45,52,55,5,16,1,1
19,19,12,20,255.08256057379748,81,80,60,7,9,0,0
4,5,4,10,92.22152118213278,63,30,49,7,9,1,1
4,5,10,26,264.1035960935048,70,80,57,1,20,0,1
8,9,15,1,277.6824789798768,98,13,35,7,7,0,0
0,0,13,7,326.37549598136974,66,60,64,3,15,0,0
14,15,19,7,160.42461460071468,94,26,43,3,7,0,0
5,5,22,25,118.50307411632062,50,22,24,3,1,1,1
17,17,20,25,174.3959639155572,86,49,40,8,5,1,1
12,13,8,3,111.22648278133184,97,96,57,5,6,0,1
13,13,12,17,193.34487126296224,43,46,34,4,13,1,1
12,13,21,20,92.79202783681616,2,52,36,7,10,1,1
5,5,11,25,169.64540007571364,62,90,15,9,3,1,1
9,9,0,8,193.7417941655256,82,60,53,3,4,1,1
2,3,2,24,275.64353017250784,50,3,10,3,19,1,1
6,7,1,18,142.4745777338107,70,39,25,4,4,0,1
19,19,16,20,228.8933420488533,17,70,17,11,19,1,1
5,5,10,3,79.1444917903658,5,79,8,1,1,1,1
9,9,7,15,309.94997801495515,33,58,62,10,5,0,0
16,17,16,4,187.02210107662015,88,70,48,2,8,0,0
11,11,2,23,251.3139153823142,92,11,15,2,13,1,1
14,15,17,2,124.35799827605295,89,69,26,2,12,0,1
4,5,7,2,325.1273370239838,46,71,45,2,8,0,0
9,9,23,1,251.82821707813568,54,98,20,0,20,1,1
9,9,0,13,135.21179931376307,51,95,47,11,7,0,1
1,1,2,7,295.2780897539248,20,87,64,8,9,0,0
8,9,23,8,264.0574530410879,10,7,58,2,5,1,1
19,19,2,20,314.77033901868083,86,30,61,5,17,1,1
11,11,19,9,240.15812245722375,11,74,23,0,16,0,0
14,15,23,7,329.5740711528858,76,13,8,3,20,1,1
16,17,1,29,168.60132712999024,25,10,6,8,7,0,1
14,15,18,2,119.0869197958268,98,63,11,4,9,0,1
6,7,5,19,273.7232200601861,73,31,14,3,6,0,0
13,13,3,14,253.7439299674642,67,3,11,5,18,0,0
14,15,10,26,341.0235620117974,8,39,37,9,20,1,1
5,5,12,9,256.3444965414771,30,24,35,3,19,1,1
7,7,20,13,207.6455295327683,92,28,22,6,1,0,0
17,17,2,9,148.35484938885637,82,92,42,6,4,1,1
6,7,21,26,295.17700074994156,93,7,45,3,14,0,1
10,11,23,16,233.49431867710229,37,66,61,11,15,1,1
18,19,1,18,102.55670676075684,69,31,42,0,8,0,1
14,15,10,12,135.9238112640841,18,16,7,6,2,1,1
10,11,6,19,345.91576383482635,16,26,35,7,11,0,1
0,0,0,21,289.92060845818264,2,35,56,5,18,0,1
19,19,10,19,279.5623377933081,46,63,11,2,19,1,1
19,19,16,26,99.43573814152366,86,43,6,4,8,1,1
11,11,17,24,306.078022621875,83,78,22,1,19,0,1
17,17,21,5,198.90760715273785,96,13,18,1,13,0,0
17,17,6,13,67.32678614875046,99,3,23,9,17,0,1
15,15,10,26,225.99744861325388,24,54,17,7,7,0,1
19,19,8,21,332.8379879821376,73,69,22,9,18,1,1
18,19,7,11,125.54212526503144,42,99,7,6,8,1,1
18,19,17,14,55.56843707306851,85,95,65,4,1,0,1
13,13,1,21,273.67649190749796,5,78,52,11,9,1,1
16,17,6,4,235.05878525416284,14,74,46,6,8,1,1
0,0,23,11,61.665332406343765,16,10,58,11,10,1,1
17,17,17,15,111.45389520534935,46,69,56,2,6,1,1
19,19,14,6,314.6653335683174,42,31,56,8,11,1,1
2,3,19,21,116.57165060825444,48,35,25,1,9,0,1
18,19,5,26,131.04644925429417,32,51,33,9,12,0,1
7,7,23,27,151.77903666682667,8,63,60,4,7,1,1
4,5,5,9,343.1813645062218,22,46,26,2,9,0,0
17,17,2,26,187.80494723260597,62,6,50,1,2,0,0
13,13,2,15,247.9718803326033,21,27,58,9,3,0,0
5,5,22,20,66.218061574422,68,89,7,10,18,1,1
15,15,8,5,105.0801621114759,58,34,62,8,10,1,1
8,9,18,23,221.50238824612455,61,6,37,10,14,1,1
15,15,13,25,240.43478298106865,65,71,43,8,9,1,1
10,11,8,6,50.08171106707429,63,45,52,7,15,0,1
12,13,1,20,152.2766788627833,81,46,3,3,12,0,1
2,3,2,16,183.4194725261091,43,43,21,2,4,0,0
16,17,0,8,204.78243381747603,59,2,33,1,8,0,0
6,7,13,26,332.5781547918059,23,75,4,4,17,1,1
12,13,10,18,82.16377265525921,79,9,18,11,13,1,1
8,9,15,3,93.3839702806292,97,6,61,5,10,1,1
0,0,17,15,83.69708208967339,68,15,54,9,5,1,1
13,13,23,21,196.25221115729764,63,23,1,1,16,0,1
8,9,13,25,320.2485252012717,88,19,22,10,17,1,1
6,7,1,15,140.04840117632307,35,86,40,7,12,1,1
13,13,14,15,327.0983295362531,55,26,40,8,8,1,1
18,19,9,29,111.72081173811333,65,19,3,9,17,1,1
8,9,7,2,106.26129089344872,45,21,28,10,1,1,1
7,7,18,25,337.0975359421069,50,43,20,6,8,0,0
16,17,17,8,341.44069627350945,11,70,48,6,5,0,0
18,19,11,26,264.78387170793803,85,55,16,1,19,0,1
9,9,2,27,346.5607481117614,59,15,46,7,17,0,1
6,7,18,29,130.32806797495755,84,53,54,6,15,1,1
19,19,6,13,88.54453274062615,71,95,26,2,4,0,1
13,13,22,24,257.650927481349,5,12,65,5,18,1,1
16,17,16,12,243.77468647865464,59,64,48,1,15,0,0
12,13,1,20,81.47629688466583,95,40,39,7,8,1,1
14,15,6,19,142.48134258011615,65,8,35,1,6,0,1
17,17,10,28,250.95505166556953,65,12,28,6,1,1,1
4,5,3,25,335.80874498808055,17,52,30,6,17,1,1
6,7,14,18,180.26113824827095,38,66,55,5,16,1,1
15,15,5,0,328.2959189471215,45,80,53,2,20,0,0
18,19,17,23,208.38658118644457,20,17,43,7,7,1,1
6,7,12,28,120.31452363495865,55,95,45,10,3,1,1
1,1,11,2,212.65237507493487,16,10,61,7,19,1,1
7,7,1,12,277.63959047331065,69,88,8,2,11,1,1
9,9,22,7,333.99507409881664,90,47,46,4,5,0,0
8,9,9,9,260.6769450450763,22,86,48,0,13,0,0
11,11,9,14,193.22162612360748,34,19,3,3,9,1,1
18,19,18,19,277.9536114041642,11,36,31,4,6,0,0
16,17,12,25,152.41400168577812,2,60,63,11,4,0,0
3,3,1,3,80.35476221254926,65,30,35,8,6,0,1
4,5,4,28,219.88015184019156,13,62,5,1,6,0,0
1,1,16,23,302.89082998897976,1,33,10,5,17,0,1
6,7,22,9,296.0200348992026,12,35,18,2,2,0,0
8,9,13,29,305.9209083733335,78,55,39,3,9,1,1
8,9,20,26,207.18827965242724,19,88,16,5,4,1,1
15,15,23,23,97.1064266100704,40,85,41,5,5,0,1
0,0,3,21,200.03974337091455,43,90,60,11,6,1,1
5,5,16,10,117.92935024495378,75,74,4,1,9,1,1
8,9,21,8,265.6940058793375,57,83,22,3,17,0,0
0,0,21,0,163.4760763700509,41,77,8,6,4,1,1
6,7,2,18,78.35451657120997,89,96,34,0,14,1,1
8,9,15,21,173.54368381638034,68,19,2,10,18,1,1
4,5,2,1,138.6956560028746,55,60,44,0,7,1,1
4,5,7,11,163.44612795973023,32,28,49,9,1,1,1
19,19,16,7,138.5868536497801,92,17,40,11,14,0,1
8,9,12,20,137.23221151186524,72,96,34,10,4,1,1
7,7,2,26,190.24758993183104,23,51,5,1,1,0,0
14,15,13,29,184.62441100130204,94,26,55,10,7,0,1
7,7,10,0,259.9532085489314,5,79,36,8,11,1,1
6,7,14,27,241.3694007701377,62,29,36,1,10,1,1
15,15,12,4,105.47688975413875,89,97,2,8,8,1,1
16,17,15,1,334.93430946802823,16,71,51,7,18,0,1
19,19,21,13,188.8021114790213,43,27,30,2,4,1,1
14,15,22,5,155.79724370976015,6,42,63,6,4,0,0
1,1,3,18,302.80776257819065,75,88,4,2,5,0,0
11,11,18,15,252.77929134557368,19,52,3,11,14,0,1
14,15,16,1,186.3609414308365,57,62,22,0,11,0,0
19,19,0,8,330.02843155053637,66,68,51,3,9,0,0
4,5,16,11,161.07162892932047,47,42,8,5,12,0,0
18,19,17,1,51.14613534922741,5,59,65,8,12,1,1
2,3,6,8,238.47143588065157,29,32,22,11,19,1,1
6,7,21,29,103.6793163145992,21,2,48,2,20,0,1
13,13,9,20,293.6776892869983,76,42,38,6,20,1,1
0,0,15,15,250.8953930476078,40,63,16,5,2,0,0
13,13,18,12,208.43814604895343,36,6,7,3,11,0,0
12,13,3,14,131.76879455495555,55,85,20,4,20,0,1
9,9,21,20,213.3839539668131,7,71,23,5,8,1,1
19,19,8,13,264.17759058252886,26,72,2,4,19,1,1
13,13,14,23,317.8948251024968,58,89,5,9,2,1,1
17,17,12,28,120.39516390175484,49,38,49,9,10,1,1
1,1,4,29,136.30942183257855,50,93,18,9,17,1,1
13,13,19,12,64.90557077139387,11,13,23,8,4,1,1
13,13,14,24,339.6999661581401,23,85,61,10,5,1,1
12,13,15,28,189.70922399663215,15,10,48,1,9,0,0
1,1,16,8,125.93158201601106,42,11,33,0,7,1,1
9,9,11,1,60.660466841895435,73,0,55,9,13,1,1
5,5,10,6,316.2472438823543,76,17,8,9,5,1,1
9,9,17,16,194.51421114790548,42,16,33,0,1,0,0
11,11,16,18,102.67313559267612,44,62,9,5,18,1,1
6,7,19,6,267.1909682407448,71,77,36,10,13,1,1
5,5,7,15,285.33376654311934,23,96,15,1,17,1,1
15,15,10,14,255.4226913509997,7,28,17,4,4,1,1
1,1,9,29,196.4772167932147,34,82,17,4,16,0,1
11,11,23,11,230.8346924155582,43,42,44,5,4,0,0
9,9,4,9,144.25209919970396,5,31,33,4,13,1,1
2,3,15,3,338.5016238367126,34,10,57,2,18,0,0
16,17,21,24,274.2459497114744,12,45,47,2,1,1,1
8,9,20,20,91.2543171251688,43,42,24,1,13,1,1
5,5,22,14,247.52092758139503,26,2,36,9,5,1,1
9,9,3,11,269.08857777231424,1,63,10,9,11,0,1
6,7,2,19,115.54319303475516,41,84,47,11,9,0,1
17,17,22,13,336.80971655441556,70,95,29,1,17,0,0
19,19,17,7,135.20267992018822,75,66,11,5,12,1,1
9,9,18,1,234.0034033125289,2,5,63,3,18,0,0
11,11,2,8,59.916184498927784,56,39,26,1,4,1,1
13,13,19,0,84.84233769097835,97,56,21,7,11,1,1
13,13,13,26,188.09523013083717,17,71,21,7,15,1,1
13,13,10,26,249.076699935005,92,54,63,10,11,1,1
14,15,3,20,274.14203508252365,29,91,50,2,7,1,1
4,5,5,6,117.46286284617844,96,29,25,11,9,1,1
9,9,19,8,208.45828609637817,84,74,5,8,17,1,1
0,0,8,9,340.17473984896674,40,92,44,11,16,0,1
13,13,21,25,179.83350880078362,14,61,55,7,20,1,1
1,1,3,8,60.334928879645055,76,75,34,0,10,1,1
14,15,13,25,220.26866417237528,58,37,8,8,7,0,0
19,19,8,14,289.17036227780847,79,5,31,6,1,0,0
2,3,7,0,145.71299819533837,16,4,25,10,4,1,1
10,11,15,5,120.93885476815473,65,5,5,11,2,1,1
16,17,1,16,122.90649834074414,87,19,29,3,14,1,1
4,5,6,11,269.7930452415645,93,63,10,2,2,0,0
1,1,18,0,51.96173022755155,82,95,1,5,17,0,1
2,3,3,16,336.70467846839017,11,81,37,0,10,1,1
11,11,11,6,235.1547232317493,65,50,50,0,11,1,1
12,13,23,20,281.4595061438055,55,1,22,3,16,1,1
9,9,3,16,348.1826886583418,15,73,8,7,7,0,0
15,15,9,27,196.579544090136,64,85,14,1,17,0,1
17,17,4,18,311.53491332342793,81,15,9,11,4,1,1
15,15,9,18,104.26157705291214,72,37,60,8,10,0,1
5,5,20,9,124.3800986416072,67,39,41,11,15,0,1
9,9,18,22,260.92144826606943,4,47,43,8,20,0,1
11,11,8,10,171.16222314526286,50,3,37,7,10,0,0
12,13,20,1,257.7389176790916,36,32,51,6,19,1,1
10,11,18,17,94.460682353631,92,58,24,7,9,1,1
2,3,7,10,281.7342782422811,43,4,9,0,6,0,0
3,3,5,25,290.7556915021005,56,60,4,9,4,0,0
2,3,21,7,227.10259744265863,14,43,10,1,4,1,1
0,0,9,27,344.4253858627045,94,71,10,4,20,1,1
4,5,13,5,341.84621533561125,25,52,54,10,4,1,1
10,11,15,29,334.71684388705074,22,95,31,11,18,0,1
18,19,20,17,67.25706082268246,98,33,56,1,3,1,1
1,1,19,16,139.8759087329846,26,66,6,1,12,0,1
18,19,12,19,150.81401182584028,40,70,1,7,10,1,1
3,3,0,20,86.00086527120958,34,91,56,10,15,0,1
10,11,14,9,73.33990999083167,20,54,25,2,16,1,1
15,15,16,12,91.93915181935846,2,39,34,0,8,0,1
2,3,3,6,221.67708156057455,78,98,19,0,11,1,1
6,7,8,25,203.0131459950274,5,78,41,4,10,0,1
0,0,4,7,294.99899419145487,87,87,17,4,1,0,0
19,19,7,12,170.56260367983654,90,89,36,1,6,1,1
3,3,19,9,301.7203642509705,59,96,44,4,17,0,0
0,0,20,23,206.6141050991077,53,9,38,1,16,1,1
4,5,11,0,109.193434770922,27,49,60,4,2,1,1
13,13,1,26,191.7675211539821,63,15,24,3,18,0,1
1,1,3,12,291.59969400722974,38,47,46,11,15,0,1
5,5,8,23,68.13217228477353,70,61,4,1,13,0,1
19,19,23,15,128.70952724464115,40,26,20,3,7,1,1
13,13,16,10,268.04341040750734,6,11,15,3,2,1,1
13,13,4,21,249.6537065375871,26,45,11,7,4,1,1
14,15,4,1,326.69368803600264,92,26,5,4,9,1,0
8,9,22,20,308.41256633800344,2,74,65,11,4,0,1
17,17,4,5,225.6686393666276,0,29,49,4,10,1,0
9,9,0,6,127.37235106966686,62,76,22,6,16,0,1
6,7,19,9,308.0499067186777,39,60,36,9,4,0,0
5,5,22,15,187.4915512149889,67,37,25,10,1,1,1
13,13,6,11,265.5839379451432,94,50,6,1,14,0,0
14,15,8,9,141.3984296112332,25,8,51,6,10,1,1
9,9,22,23,191.22823750559905,40,57,21,7,16,0,1
19,19,0,21,78.38118132160697,52,54,61,6,8,0,1
15,15,21,27,250.3897295625516,58,28,28,5,15,0,1
10,11,11,3,294.8531218668951,95,99,27,5,12,0,0
2,3,23,24,240.04765024685472,12,64,3,3,6,1,1
13,13,10,21,135.8896979106657,9,22,57,7,13,1,1
14,15,20,9,191.24288744738016,26,13,49,1,7,0,0
16,17,2,1,228.5246812490327,46,15,53,5,5,0,0
16,17,20,29,165.76851558092244,99,74,20,0,9,1,1
2,3,14,25,148.5912553380408,93,58,65,11,10,0,1
3,3,13,2,120.02834097110524,9,74,61,6,4,0,1
19,19,7,8,263.69487064314467,86,95,20,10,7,0,0
19,19,23,24,61.31723005259511,36,3,2,5,5,1,1
12,13,23,1,296.01458104881226,55,69,4,11,20,0,1
1,1,14,12,75.09804418903218,83,81,9,0,3,0,1
9,9,21,22,86.17000978935107,30,93,50,8,7,0,1
8,9,3,18,277.4188249045727,72,17,25,1,19,0,1
15,15,23,6,349.5150199482082,11,75,1,5,16,1,1
6,7,17,14,205.90863355712864,44,55,24,0,13,0,0
2,3,15,6,314.4203404893387,50,19,56,9,3,1,1
18,19,17,13,221.06249425908695,5,19,2,10,12,0,1
4,5,22,20,162.2274311349846,34,68,26,11,11,1,1
0,0,2,2,51.363120747536605,26,67,56,2,9,1,1
19,19,6,18,160.5383479886144,9,7,29,9,18,0,1
18,19,8,0,127.54553596202182,11,12,26,5,20,0,1
11,11,4,2,213.4116373891904,92,95,7,2,9,0,0
19,19,11,8,270.63170204496834,31,37,8,3,1,0,0
4,5,22,24,269.1263529704962,25,92,6,4,7,0,0
6,7,1,21,295.8884881749403,30,0,40,7,7,1,1
19,19,18,14,254.66568176507528,23,40,37,11,10,0,0
0,0,12,15,234.00208230120035,62,57,58,1,6,1,1
3,3,19,13,232.90912728558573,71,5,31,5,19,0,0
3,3,5,18,310.5900443337017,69,45,5,4,6,1,1
15,15,11,3,243.5787691803345,94,10,38,1,16,0,0
18,19,7,22,225.22642273415295,57,43,2,8,16,1,1
3,3,20,16,144.7350172082858,31,29,40,8,11,0,1
19,19,2,11,82.19943771664072,97,36,33,1,18,0,1
19,19,21,2,303.0958323271162,11,92,16,8,10,0,0
4,5,3,7,54.29691423375084,61,83,20,8,3,1,1
9,9,10,3,81.81825699855276,8,3,21,8,15,1,1
9,9,15,3,179.22062770469225,76,97,56,10,3,1,1
9,9,22,29,288.92633013337627,86,70,55,2,6,1,1
6,7,12,6,186.40475643170035,7,2,29,0,2,1,1
8,9,21,19,205.49418039117216,24,14,23,9,16,1,1
17,17,20,1,167.7852063610602,69,6,8,2,12,1,1
7,7,2,0,131.93244060072038,31,26,22,10,20,1,1
0,0,11,13,51.252989846887495,52,60,50,9,13,0,1
2,3,23,20,212.04567207573805,86,33,46,2,16,0,1
2,3,10,15,287.8052479649356,0,91,49,10,17,0,1
1,1,7,1,228.2441037417125,31,82,13,2,19,0,0
17,17,22,4,331.696374891376,49,25,63,4,10,0,0
12,13,22,5,290.14145322688756,14,25,43,0,11,1,1
9,9,17,18,222.84273578260544,92,25,43,11,17,1,1
9,9,9,4,163.32725064666437,13,36,28,6,5,1,1
9,9,1,26,78.46550525652252,41,14,52,0,10,1,1
8,9,8,10,312.6128262760023,41,53,50,1,16,0,0
5,5,19,19,153.68479913417107,35,58,28,7,13,0,1
9,9,6,17,202.02745553693504,98,28,5,0,15,0,1
16,17,3,26,230.48443222998057,51,93,36,3,12,0,1
11,11,21,10,71.78853634931701,82,82,55,2,3,0,1
18,19,12,21,301.1424560537821,76,99,35,6,4,0,0
12,13,22,3,173.6591791431509,63,2,33,9,1,0,0
19,19,23,5,149.03872332676923,44,61,3,10,19,0,1
4,5,1,27,157.91052829941995,34,98,33,10,5,1,1
5,5,20,27,348.91998815556013,19,16,64,7,1,0,1
18,19,22,18,285.8799611486982,62,27,56,8,18,1,1
19,19,15,10,340.2161891495064,53,32,61,11,8,1,1
10,11,18,23,267.54494174989065,7,8,42,2,12,0,1
9,9,2,13,157.89826138274128,18,36,60,0,5,0,0
5,5,12,9,80.62643313085748,71,3,11,6,7,1,1
8,9,0,3,326.7390878630064,46,94,47,3,19,1,1
16,17,20,19,327.3379899989446,3,0,9,11,20,1,1
19,19,18,23,231.00498400565849,64,47,22,3,12,1,1
11,11,21,10,322.76630242801264,94,78,30,1,10,0,0
14,15,10,0,143.80749195962687,43,62,56,0,13,0,1
5,5,17,20,124.89804557775386,6,21,6,0,2,0,1
4,5,5,29,232.24013011374944,8,61,5,2,4,0,1
13,13,20,28,289.81502409612295,41,97,46,2,12,1,1
2,3,21,15,331.0692547250162,17,9,22,0,6,0,0
12,13,20,22,171.15950954504464,84,56,65,6,20,0,1
14,15,3,8,217.84891908625295,87,54,36,9,19,0,1
15,15,12,13,186.1817370222823,28,99,1,3,9,0,0
1,1,19,17,105.52885487130364,94,53,34,10,9,0,1
17,17,15,27,51.00233551722621,32,43,14,9,12,1,1
12,13,2,5,240.3899500663879,82,62,6,9,15,0,1
14,15,0,1,106.99326498374302,95,37,26,0,4,1,1
7,7,11,25,211.02874711837737,43,68,32,0,15,0,1
12,13,0,23,61.58936238788078,82,71,16,10,8,1,1
19,19,0,11,306.1762501915084,72,64,19,9,10,0,0
7,7,18,17,318.8618905882873,72,49,40,4,12,1,1
16,17,15,17,73.77666995558933,61,68,30,1,14,1,1
18,19,23,16,57.359251099407146,25,67,27,0,7,0,1
1,1,11,5,183.50863219104843,39,51,7,1,3,1,0
7,7,8,22,192.32223436696103,47,97,35,9,7,0,0
17,17,2,4,224.682865702624,32,86,24,1,9,1,0
8,9,18,22,338.77508136958573,42,48,65,4,19,0,1
13,13,17,28,140.89176705103722,64,88,33,11,9,1,1
17,17,2,8,55.91936975890813,44,86,59,5,14,0,1
5,5,2,25,251.1614521122177,47,34,22,5,4,0,0
17,17,16,12,248.77361588148793,48,36,18,6,8,0,0
15,15,12,2,132.39807677758003,18,73,51,7,10,0,1
0,0,9,24,79.53595442162151,0,63,3,3,16,1,1
9,9,19,5,147.14621476471618,96,41,60,9,12,1,1
8,9,6,4,294.52610352954093,91,9,51,7,16,0,1
4,5,17,29,123.07063876793669,15,76,50,10,19,1,1
12,13,18,3,226.70694798295565,16,34,15,9,1,0,0
19,19,8,29,260.68224968026533,41,68,31,11,16,0,1
12,13,18,23,147.62019597083628,24,20,10,3,7,1,1
17,17,12,10,221.90560378387397,12,3,61,3,1,0,0
9,9,13,2,50.86061515145624,30,24,37,8,8,0,1
10,11,21,8,346.02644351064544,52,56,27,7,2,0,0
12,13,14,21,317.4138693596631,41,78,16,6,15,0,1
15,15,15,0,184.329582424732,80,13,39,2,11,0,0
13,13,22,21,89.52395134485272,99,76,20,8,7,0,1
8,9,18,13,73.83981719618572,20,35,25,3,1,0,1
5,5,17,27,56.71575788948896,9,77,7,6,7,1,1
11,11,11,25,220.17550392199252,6,49,48,1,17,0,1
7,7,2,24,233.53013683214365,61,74,49,10,18,1,1
11,11,21,26,163.31978802762455,72,59,37,2,6,0,0
2,3,21,28,218.2941274482411,11,75,39,7,6,0,1
14,15,10,24,150.96419352660286,16,29,14,10,1,0,0
19,19,4,26,114.52984962220218,68,64,20,7,13,1,1
15,15,18,14,67.52558020702722,9,71,38,7,17,0,1
17,17,21,12,124.85296775191908,96,67,57,11,16,1,1
7,7,8,19,171.02218316194882,23,4,3,8,11,1,1
9,9,11,20,240.74108607508305,57,48,48,1,1,1,1
12,13,19,2,287.77475881110485,79,72,31,3,8,0,0
17,17,0,3,216.7036733576051,6,50,10,10,11,0,1
7,7,13,10,105.59843345420413,21,34,10,2,17,0,1
6,7,20,26,329.70485956141874,86,57,59,0,20,1,1
13,13,13,16,302.5475140438519,1,42,28,1,6,0,0
4,5,17,5,282.5040510441852,57,67,30,10,15,1,1
11,11,8,9,238.0235810699708,85,21,27,1,5,1,1
9,9,0,6,321.0842332533391,53,15,31,6,5,1,1
5,5,14,23,82.92408543553314,9,4,33,6,15,1,1
15,15,11,11,53.26715778281637,86,46,8,2,17,1,1
0,0,23,6,210.33610751959213,23,7,49,4,8,0,0
14,15,4,25,177.0339640497909,91,78,48,10,2,1,1
5,5,6,20,102.09961529890332,89,62,24,7,15,0,1
19,19,18,3,147.01535455093432,24,33,17,2,20,1,1
18,19,3,1,182.25165263023385,19,47,12,9,5,1,1
9,9,15,29,162.4468329658073,38,40,26,6,1,0,1
7,7,2,23,138.0851173148208,87,39,63,5,6,0,1
11,11,12,18,299.74648627840986,86,72,43,8,15,0,1
5,5,13,15,305.7334517644233,55,98,47,7,8,1,1
9,9,22,22,200.0480704610197,86,93,46,10,16,0,1
13,13,10,29,299.09400426152126,53,26,43,10,3,0,1
15,15,11,0,223.4471418846725,96,58,61,3,10,1,0
15,15,1,19,327.62543166505935,74,15,15,7,5,1,1
13,13,3,0,326.65190676038907,70,92,38,5,7,1,0
0,0,16,19,239.69327322427475,14,40,58,11,9,0,0
2,3,21,7,200.15432546034975,9,58,55,10,9,1,1
4,5,23,26,285.40966123929996,65,93,33,2,1,1,1
6,7,14,4,99.02692308521276,27,91,55,8,3,0,1
14,15,22,14,263.5390205327736,76,65,21,7,12,1,1
8,9,18,29,56.655524759953494,76,9,2,6,8,0,1
1,1,21,19,295.97297437153014,66,8,1,9,12,1,1
3,3,22,12,243.3203540546586,77,66,35,4,8,1,1
16,17,1,3,204.82976927230075,85,90,33,2,8,1,0
9,9,7,0,83.94904020041658,85,56,23,6,5,1,1
3,3,7,8,138.877599366053,8,48,39,6,18,0,1
6,7,12,19,221.04536814648785,92,1,52,1,7,1,1
16,17,5,21,328.9069083185981,64,39,60,3,19,0,1
11,11,2,12,196.4831773841584,24,67,32,5,2,0,0
8,9,20,16,190.8570089124228,32,88,12,0,4,0,0
15,15,16,24,256.70639703814356,40,1,55,6,9,0,0
15,15,21,2,275.6831826641723,9,65,50,0,13,0,1
17,17,23,12,177.57170804858885,87,2,23,0,8,0,0
1,1,11,21,349.02678436622506,66,27,12,2,7,0,0
0,0,22,5,279.84481226984457,62,71,38,3,13,1,1
5,5,3,12,59.86385571912759,19,9,10,2,5,0,1
3,3,22,23,241.5748164108369,59,13,32,6,20,0,1
9,9,14,20,261.76857037633437,48,37,4,4,4,0,0
6,7,14,0,298.62869821098604,81,13,63,8,4,0,0
15,15,23,29,246.49560187001327,92,77,63,3,10,1,1
3,3,21,3,75.30283405520842,13,52,18,9,6,1,1
9,9,13,20,186.30749203904415,32,56,55,10,18,1,1
2,3,3,5,271.27025743022676,45,12,63,11,8,1,1
16,17,7,27,315.3622969296623,81,35,21,9,9,0,1
0,0,15,21,286.182253969492,85,38,13,1,5,1,1
17,17,10,29,305.23767441059533,82,1,33,10,10,1,1
5,5,6,7,231.00309908850377,21,89,63,3,18,0,0
14,15,22,26,86.93866299684677,53,46,22,10,17,1,1
2,3,2,23,71.17453220804222,66,30,30,11,16,1,1
13,13,2,5,119.7449159109316,59,42,34,8,17,1,1
3,3,5,0,178.2838126496386,50,73,53,1,13,1,1
11,11,3,1,208.12485593187097,23,24,59,8,3,1,1
0,0,1,3,182.5375983705464,87,45,64,4,6,0,0
6,7,23,17,75.17584048754293,97,80,7,10,7,0,1
16,17,3,24,96.97567335235124,81,69,54,3,10,1,1
9,9,17,11,173.5060148199364,80,75,20,1,5,0,0
0,0,8,25,240.45948127199063,71,81,62,5,16,1,1
1,1,12,4,276.1824829285468,80,76,60,1,16,0,0
3,3,20,14,329.4455265511699,83,41,58,10,15,1,1
1,1,4,21,337.52856877704147,99,50,14,11,18,0,1
14,15,12,25,106.86926226618868,75,58,14,4,19,1,1
13,13,3,13,77.16836805793488,98,19,54,3,2,0,1
15,15,11,4,83.14048469440752,80,21,34,9,5,0,1
3,3,7,12,155.62001641847343,1,42,36,9,8,0,0
0,0,7,7,166.6357859125656,59,53,7,10,5,1,1
13,13,11,26,162.7369870978579,65,4,39,11,9,1,1
2,3,9,15,301.01089777071905,10,40,47,6,18,1,1
17,17,23,25,264.3836228384128,93,89,38,1,3,1,1
4,5,14,25,318.9241324261918,39,64,47,2,18,0,1
18,19,10,12,112.59281649800428,32,4,7,9,20,1,1
18,19,23,5,262.23756810277234,40,14,15,10,12,1,1
15,15,11,8,317.4152001019856,79,14,3,8,20,1,1
3,3,11,19,65.15947611407906,92,36,57,6,14,1,1
18,19,16,26,192.0044229005736,32,64,28,1,8,1,1
2,3,9,21,349.4551651264205,6,52,16,3,15,0,1
6,7,20,26,309.7747697785241,44,98,49,0,18,1,1
12,13,21,28,77.5445130686727,10,98,56,4,7,0,1
13,13,23,6,118.02762528574804,14,98,32,11,6,1,1
13,13,11,19,183.40277255010503,76,90,21,11,2,1,1
16,17,4,6,222.05177701230667,31,77,35,11,12,1,1
11,11,7,26,141.98414978906993,45,91,59,11,20,0,1
17,17,11,27,133.1783811189834,17,61,46,5,7,1,1
8,9,4,12,260.223644121973,7,53,27,8,3,1,1
0,0,16,8,221.345337236259,84,28,30,9,9,0,0
19,19,21,16,284.97915644345676,18,88,21,5,9,0,0
4,5,4,25,81.7368955279555,16,11,2,8,13,1,1
15,15,8,25,222.3916349541273,88,81,40,5,19,0,1
8,9,17,7,125.11316460925376,50,54,1,2,8,0,1
0,0,23,25,162.28152438759946,81,40,7,4,15,0,1
3,3,5,15,254.55405547613816,42,96,52,6,8,1,1
12,13,14,8,197.71187333307455,89,33,29,0,6,1,1
15,15,17,1,324.8128072138962,91,68,4,5,14,0,0
8,9,21,15,282.676092043584,39,66,47,2,20,1,1
7,7,3,21,78.0634139940168,27,47,48,5,16,1,1
8,9,18,13,122.84076170804124,8,2,63,1,17,0,1
8,9,14,11,310.68058904425783,4,93,5,7,1,1,1
4,5,21,7,244.19059356357096,53,74,41,11,14,1,1
9,9,5,24,254.346461330374,14,94,9,8,5,1,1
5,5,0,26,71.3679006738834,29,69,44,1,6,0,1
6,7,10,14,257.7371662660202,90,30,50,2,6,0,0
0,0,22,3,291.7495098117276,42,43,42,0,14,1,1
2,3,22,1,232.34539514378025,31,48,39,4,9,1,0
7,7,8,27,80.61924317362036,18,96,51,10,20,1,1
3,3,10,4,158.3928040251577,91,83,52,1,12,1,1
5,5,16,21,214.11468610011244,54,31,2,4,9,1,1
1,1,8,22,103.73817601544404,9,56,38,8,17,0,1
8,9,7,15,287.08778742355275,85,30,26,8,1,0,0
4,5,17,27,206.82420463870696,58,5,1,8,6,1,1
10,11,23,23,128.63909227539037,52,69,14,10,12,0,1
7,7,8,16,307.2921263979524,1,2,60,4,7,0,0
5,5,12,5,334.50255839647315,93,16,63,10,14,1,1
3,3,8,11,156.52357497943748,49,94,4,11,18,1,1
3,3,12,18,294.9050638112238,47,12,32,2,19,0,1
5,5,21,19,247.8149145440261,13,63,59,3,18,0,1
15,15,12,10,339.0438674861699,17,66,50,11,13,1,1
10,11,14,24,262.6239695345666,37,83,10,8,13,0,1
3,3,7,2,225.8817202923224,91,3,34,8,11,0,1
15,15,3,14,136.72944706264624,77,31,60,5,13,1,1
15,15,19,10,297.1222219583527,84,79,10,8,3,1,1
13,13,16,5,95.83183474871674,61,88,32,1,16,0,1
4,5,21,2,189.5701614946256,94,50,55,8,17,1,1
17,17,20,1,100.94624876382944,44,62,43,9,18,1,1
6,7,21,28,309.9172527465164,5,78,9,2,11,1,1
14,15,16,14,246.916795489853,94,48,37,6,2,1,1
19,19,15,21,130.1255060865551,43,97,18,10,15,1,1
2,3,20,21,311.52472675751164,27,78,47,11,12,1,1
8,9,3,12,233.5298623794369,99,38,12,7,15,0,1
3,3,8,25,244.15085845351237,85,20,58,2,4,0,0
15,15,11,27,100.34430011082164,65,50,45,10,20,0,1
4,5,2,29,117.4975846543588,59,17,8,4,20,1,1
13,13,23,7,296.26541917752013,87,75,54,2,20,1,1
15,15,6,4,202.28112164471963,18,50,64,0,1,1,0
0,0,8,5,209.63371433905888,97,44,19,1,8,0,0
12,13,14,21,261.8163308399415,13,27,59,2,7,0,0
15,15,4,20,135.8957227210997,84,71,59,9,1,0,1
1,1,6,23,262.22198006549746,32,87,11,2,1,1,1
10,11,9,26,109.39258304466262,42,63,55,2,10,1,1
16,17,23,8,293.38312913426626,4,86,14,1,3,0,0
19,19,17,12,80.27245685563014,83,72,16,3,2,0,1
14,15,19,11,200.4958400922295,10,17,44,8,8,1,1
9,9,3,13,133.61021234441768,21,98,33,8,9,1,1
15,15,19,27,249.34852457989,4,25,17,4,14,1,1
11,11,16,2,115.68237770735573,90,72,23,1,18,0,1
7,7,1,23,196.92539947832464,79,26,22,2,2,1,1
14,15,15,14,85.57102389920347,4,93,18,1,9,1,1
17,17,4,17,140.3553946013236,58,70,30,10,6,0,1
5,5,4,20,260.43164768342393,23,75,36,3,1,0,0
10,11,8,9,343.9667473848074,74,54,42,11,18,0,1
19,19,2,8,161.43401093757012,89,17,34,0,2,0,0
1,1,16,2,235.9299876468476,90,33,48,11,2,1,1
2,3,21,29,326.5820518677317,98,65,52,7,7,1,1
2,3,9,10,104.225725665985,47,85,62,2,14,1,1
0,0,4,14,297.57234100730193,48,5,52,6,2,1,1
8,9,20,10,216.6369790540145,58,16,59,6,18,0,1
4,5,4,3,280.23235289999184,97,30,35,1,2,0,0
15,15,6,26,331.1485039128588,85,69,39,1,1,1,1
7,7,19,6,307.67539301934573,61,72,55,5,2,0,0
15,15,17,5,326.4039508950976,91,73,56,5,15,1,1
18,19,6,2,280.65919681793895,18,51,9,10,13,0,1
12,13,15,7,211.27096123310807,95,97,17,0,8,0,0
7,7,14,2,345.5647727207572,8,23,5,4,18,0,0
4,5,17,12,187.1939444853331,66,99,12,3,20,0,0
7,7,0,2,348.85520780284196,76,35,16,7,18,0,1
11,11,20,27,125.97104547822217,35,98,65,11,5,1,1
14,15,8,2,246.80865996996863,30,65,48,7,17,0,1
18,19,1,22,143.15910292396825,63,37,53,5,7,0,1
17,17,15,28,172.8787118499047,7,72,17,8,3,1,1
7,7,10,1,213.9287010853023,79,71,44,4,12,0,0
15,15,0,8,273.05940709555676,85,14,27,4,6,1,1
8,9,10,27,93.78353250315485,77,76,3,1,15,0,1
4,5,23,20,147.72370311727144,19,26,30,5,14,0,1
15,15,9,24,88.66051637321276,73,57,8,7,12,0,1
7,7,10,27,208.88469597706893,0,61,6,2,6,1,1
8,9,4,3,155.64996218708876,6,91,9,1,14,0,1
11,11,10,25,152.81650821083898,3,75,60,8,16,0,1
12,13,16,6,113.54260500574298,83,63,32,7,1,1,1
7,7,8,21,68.6846431888182,79,15,53,9,14,0,1
17,17,14,0,196.68213458531727,52,51,29,8,4,1,1
9,9,8,24,88.78643175345636,5,37,40,7,11,1,1
4,5,7,5,57.29053268824661,45,42,15,1,8,1,1
11,11,21,4,331.71149999270887,41,56,60,5,17,0,0
9,9,22,15,109.61754418888547,13,54,48,6,18,1,1
18,19,21,18,286.86345974912143,36,29,47,0,4,1,1
4,5,9,12,215.23754941060392,99,20,65,7,5,1,1
9,9,4,22,192.42930916620713,79,34,2,4,20,1,1
2,3,4,25,210.21819973927455,84,43,58,8,1,1,1
3,3,3,13,243.9036781409349,63,51,47,8,16,0,1
7,7,9,18,180.66187379988725,88,38,47,11,16,1,1
13,13,9,28,296.64137643540755,77,98,50,3,6,1,1
2,3,20,5,156.88762897042557,1,37,26,1,16,0,0
19,19,18,18,61.25228719699276,0,5,63,8,4,0,1
5,5,6,10,152.85322449670562,21,10,19,10,9,1,1
16,17,19,5,223.95400068699897,99,20,50,5,12,1,1
6,7,21,22,153.661020965687,84,39,63,7,6,1,1
2,3,1,15,97.00486218272084,22,69,46,8,2,1,1
14,15,18,4,216.5826647436129,10,96,53,3,2,1,0
17,17,11,8,157.905606187158,91,0,60,2,2,1,1
0,0,7,26,188.76371745569196,40,50,49,7,18,1,1
14,15,6,17,117.37938283665954,86,95,33,9,2,1,1
3,3,17,25,158.78834700929826,56,48,56,3,13,0,1
8,9,3,24,240.33150497719888,21,53,39,8,3,1,1
8,9,23,14,71.13430929960752,73,96,42,8,12,0,1
6,7,8,17,61.1686901418359,92,44,58,4,19,1,1
1,1,21,22,111.22888334370572,93,8,32,11,4,0,1
1,1,7,20,296.2791073897368,35,55,11,7,20,0,1
2,3,0,14,296.4871950787998,71,79,49,1,17,1,1
11,11,21,5,112.2929059404768,81,44,27,4,14,1,1
18,19,11,8,254.40306977240988,79,0,11,7,18,1,1
0,0,7,0,257.80503301055586,78,82,33,6,10,0,0
17,17,11,28,238.75308364374715,87,93,46,5,13,0,1
14,15,0,9,244.870717241156,65,53,56,3,2,0,0
6,7,12,22,81.60309504476302,70,88,44,1,6,1,1
17,17,17,0,114.91939312574604,14,16,9,3,8,0,1
15,15,11,9,291.5558174446963,4,40,46,9,7,0,0
8,9,17,24,129.30613530620775,33,46,46,3,11,0,1
1,1,0,23,106.84619333553546,14,25,17,5,13,0,1
5,5,0,1,65.10774191023162,45,7,25,10,7,0,1
12,13,17,8,152.05532969227505,88,64,55,3,1,0,0
6,7,15,11,131.0468921002404,91,15,65,4,2,0,1
16,17,21,21,300.1709966772489,44,37,22,9,3,0,0
12,13,4,28,166.59834035601193,8,65,8,10,17,1,1
4,5,20,21,314.4078909978127,92,12,4,3,15,1,1
4,5,20,29,145.02864685154017,60,57,24,1,1,1,1
10,11,3,8,120.2024260033516,97,53,48,0,6,0,1
16,17,15,28,322.6572255603965,40,46,9,1,6,0,0
3,3,15,16,127.03554617724024,18,55,43,1,7,1,1
14,15,8,29,170.0712051329493,66,83,43,11,10,0,1
3,3,10,23,67.50962125886221,32,96,10,10,1,1,1
13,13,8,12,177.79793371877247,18,54,64,3,7,0,0
0,0,13,24,97.81424933005044,35,43,53,4,10,0,1
16,17,13,19,304.76538314912324,86,59,38,4,19,1,1
0,0,14,28,136.5424566214662,63,81,60,1,14,0,1
1,1,15,23,71.70101678023269,40,74,50,7,20,1,1
3,3,2,0,262.1245521371172,22,92,54,10,3,1,1
2,3,10,29,289.85193953226576,94,77,56,8,3,1,1
13,13,18,29,112.5044302870408,92,80,53,9,3,0,1
19,19,11,1,54.38308447105179,73,76,38,9,14,1,1
0,0,11,10,88.70711420047442,77,11,51,6,16,0,1
18,19,3,21,183.5876673061043,93,51,60,9,10,0,0
7,7,0,7,251.7126965681244,27,12,11,1,11,1,1
3,3,3,17,250.45489072466177,42,87,29,1,5,1,1
15,15,20,7,326.6110691569557,9,81,34,9,3,1,1
5,5,14,12,316.5967173143197,15,77,5,2,3,0,0
15,15,22,25,116.08694561123872,42,19,15,0,16,1,1
1,1,6,1,335.01607846491925,86,34,61,11,10,0,0
1,1,15,15,318.6127488079134,82,58,13,7,7,0,0
13,13,11,13,128.53845815744674,1,82,20,3,3,1,1
19,19,2,14,319.5495636807492,75,74,30,11,15,0,1
4,5,0,0,226.3885416761852,86,5,27,5,6,1,0
4,5,4,13,317.6535884834803,20,8,22,11,9,0,0
1,1,21,17,247.85363249970897,16,82,62,6,8,1,1
4,5,0,6,121.95902781138622,14,81,65,7,14,1,1
5,5,8,2,325.1912192208248,32,94,14,10,13,1,1
8,9,17,1,317.6574899314014,84,46,65,2,6,1,0
9,9,23,7,299.3726482773893,27,22,49,9,12,1,1
15,15,16,8,88.49933587905372,64,95,29,5,12,0,1
15,15,8,13,183.05781609849885,50,88,17,1,3,1,1
1,1,1,2,189.56741498912865,83,37,61,10,12,1,1
9,9,22,3,333.48821564190547,72,6,44,9,11,1,1
7,7,2,0,174.12035669577264,7,35,31,7,20,0,1
9,9,11,19,145.92066200529246,77,0,7,10,11,0,1
4,5,17,29,221.06780383894937,27,1,64,7,20,0,1
5,5,9,18,254.65013689814867,56,28,56,2,13,1,1
5,5,13,28,127.3746300629709,20,52,44,0,14,1,1
8,9,10,2,126.61956770930522,29,1,1,10,11,1,1
15,15,7,14,274.8640570746856,99,17,44,3,11,0,0
3,3,7,3,269.605622729395,65,84,38,7,1,1,1
3,3,5,3,200.51199674233473,81,68,8,2,9,1,0
4,5,0,12,156.57193548385678,54,62,16,1,18,1,1
14,15,20,13,214.26063048583305,94,12,43,11,19,1,1
15,15,12,28,56.116159681967744,28,73,37,2,17,1,1
7,7,5,4,106.32428728819016,83,69,41,0,14,0,1
12,13,12,29,210.61546078420295,14,82,8,10,13,1,1
18,19,20,28,114.06125861675544,21,84,34,6,17,0,1
11,11,0,12,247.95443616353785,17,96,32,3,16,1,1
2,3,20,4,241.0827985861156,87,44,37,5,11,1,1
19,19,18,11,145.0770682293269,26,74,49,10,15,1,1
1,1,14,26,264.5391901479575,69,27,52,4,5,0,0
14,15,7,8,213.0812356017649,41,66,3,2,11,1,1
18,19,3,9,332.78775865574977,20,92,58,5,12,1,1
1,1,9,3,148.52453600004733,34,13,45,7,7,0,1
14,15,10,27,61.51657527337711,63,55,43,3,18,1,1
6,7,12,19,91.0346214770716,2,70,41,2,9,0,1
17,17,1,11,242.32435258078152,27,74,55,0,16,1,1
18,19,11,5,179.21889747919553,13,67,50,2,19,0,0
17,17,17,1,194.91134576214665,35,28,25,8,4,0,0
6,7,19,16,321.32449779155314,88,58,53,6,6,1,1
13,13,0,4,122.83826246581992,80,0,53,7,14,0,1
11,11,14,5,97.95883091759175,16,34,41,1,11,0,1
2,3,3,15,296.5924680402273,94,48,9,3,3,1,1
17,17,15,21,344.80069876924614,89,2,61,1,14,0,1
4,5,5,23,225.14493552045408,80,81,3,9,1,1,1
1,1,7,17,245.8010768841444,76,30,47,10,15,1,1
6,7,21,12,348.14150488978663,10,82,11,1,4,0,0
0,0,11,6,259.2723539356492,35,12,32,10,18,1,1
1,1,9,12,138.932434373004,92,55,39,6,19,1,1
1,1,18,27,142.91847964035128,29,31,27,11,3,0,1
13,13,6,23,63.693617310398245,60,71,51,1,2,0,1
12,13,4,17,155.39843595027102,81,83,22,8,17,0,1
5,5,18,5,175.12163997709737,9,45,33,5,3,1,0
1,1,22,26,184.7655805548481,59,51,46,8,16,0,1
13,13,8,23,213.46241807855148,70,70,4,6,11,1,1
7,7,9,6,319.0329174895406,2,48,41,1,7,0,0
6,7,20,15,201.0108097470953,34,31,41,6,16,1,1
12,13,14,12,197.23417287918485,88,59,12,6,10,1,1
16,17,11,7,168.32900660322085,52,46,31,1,6,0,0
6,7,11,11,316.1800756357569,71,43,32,10,10,0,0
18,19,1,27,285.33289769572144,24,8,63,2,11,1,1
0,0,23,18,103.0882064395222,89,18,50,4,3,1,1
7,7,22,22,300.3071002989975,24,74,9,9,8,0,0
2,3,9,24,279.65677185548947,49,67,60,1,4,1,1
9,9,8,25,241.6975864184146,34,37,8,3,10,0,0
5,5,19,20,221.0415111467765,18,52,60,2,12,1,1
3,3,10,8,335.99390960319016,69,41,14,2,5,1,1
13,13,16,18,291.52502674552227,93,1,9,3,3,0,0
16,17,1,0,139.29593498120434,98,0,52,1,16,1,1
18,19,8,9,214.86793387151212,37,5,28,8,4,1,1
14,15,20,5,296.1374479724554,79,42,54,6,8,1,1
19,19,22,23,287.73219492435425,73,78,23,10,19,0,1
6,7,0,28,128.0538438273268,79,54,51,3,8,1,1
17,17,23,8,190.17599690236037,83,57,57,6,17,1,1
18,19,3,4,261.7062690897487,64,66,14,4,8,0,0
3,3,3,4,149.91126252775524,56,71,37,3,4,1,1
4,5,8,15,94.85954150278243,16,86,13,4,12,1,1
5,5,3,23,237.40170887042177,18,3,61,3,15,1,1
0,0,20,17,92.03989320914168,5,58,8,9,15,1,1
2,3,9,8,126.01592818428448,6,83,45,9,7,0,1
19,19,11,8,270.9671901585643,25,35,11,6,5,1,1
6,7,0,13,200.25584362126511,2,9,20,0,11,0,0
7,7,16,14,60.18015157084202,80,37,59,6,10,1,1
0,0,21,0,66.88022219549318,75,94,2,8,12,0,1
10,11,7,22,146.78662337278624,86,1,13,0,8,0,1
14,15,22,28,272.6740126674304,17,68,39,9,3,0,1
13,13,13,23,130.52985851870787,85,34,17,0,12,0,1
4,5,5,22,119.7308524207358,88,90,18,5,8,1,1
11,11,1,2,205.1993532546684,81,90,43,0,19,1,1
19,19,13,29,256.42282278682984,81,61,21,3,6,1,1
1,1,16,22,66.7676187754196,99,77,55,1,5,0,1
3,3,10,8,179.87545089905237,11,98,26,3,10,1,1
3,3,7,11,146.85086442910935,1,36,57,11,18,0,1
2,3,4,12,272.46322118447813,13,62,10,9,1,0,0
6,7,6,11,348.2886323828478,15,98,27,3,13,0,0
11,11,15,26,122.6721795504205,3,66,10,1,14,1,1
4,5,16,5,291.6565361987415,19,90,60,5,10,0,0
5,5,8,21,240.4361568912015,45,16,30,0,3,1,1
15,15,18,3,285.1293969590977,0,30,65,9,8,0,0
12,13,19,19,109.45487502180356,84,41,56,11,3,0,1
2,3,12,22,248.681152285962,88,28,11,9,19,0,1
12,13,12,1,223.2706797379821,67,15,44,3,18,0,0
16,17,15,25,101.21621673344497,44,78,65,2,9,1,1
4,5,3,2,178.02456897867438,61,35,6,5,17,0,0
11,11,8,19,190.2235136961539,91,6,46,2,7,1,1
0,0,20,3,231.8119346663911,27,24,43,11,5,1,1
18,19,18,18,148.09647431633144,92,40,17,5,14,1,1
10,11,4,13,283.11744822894724,21,54,25,8,4,1,1
1,1,8,21,208.40990702270037,5,44,12,9,3,1,1
11,11,11,22,181.95356818125563,4,74,35,8,14,1,1
13,13,3,24,133.3321915286355,48,24,24,8,7,0,1
9,9,8,27,152.30848971768793,60,43,31,6,17,0,1
15,15,18,22,191.61480805929713,84,29,47,5,9,0,0
18,19,5,5,124.33728859746704,48,81,45,9,6,0,1
12,13,6,19,159.62514631315457,78,31,28,10,20,1,1
14,15,0,18,211.1793623483312,97,85,60,5,14,1,1
11,11,0,26,215.93865043740237,39,47,45,0,9,0,0
13,13,21,22,62.91407340442055,66,8,12,3,2,1,1
14,15,6,16,64.76946520286457,26,23,54,3,3,1,1
9,9,1,7,161.45832163672495,11,89,41,10,10,1,1
7,7,4,0,206.64645772862625,62,60,11,0,19,1,1
13,13,6,28,298.34935583432105,84,55,27,11,4,0,1
11,11,10,28,275.6187924680473,83,66,20,7,18,1,1
11,11,5,19,54.58346910997635,13,65,26,7,8,0,1
11,11,23,8,229.63420091272317,18,83,29,9,20,0,1
0,0,2,26,315.15622727002227,57,34,14,11,20,0,1
3,3,22,28,185.53233752902045,37,71,19,4,7,0,0
1,1,23,0,113.30215060354648,55,37,21,5,8,0,1
6,7,10,8,319.3445607675625,98,65,54,1,9,1,1
16,17,0,3,212.46382751841784,83,25,64,4,16,1,1
1,1,21,19,149.4063384319501,33,15,7,2,3,1,1
3,3,21,16,115.3338948288881,75,42,8,7,15,0,1
17,17,10,0,136.4577663305326,54,25,16,1,8,1,1
7,7,19,22,118.88610435984316,31,79,55,10,20,1,1
15,15,18,5,80.88754281355008,47,92,16,8,8,1,1
13,13,15,14,206.9012837867812,66,36,38,4,19,0,0
10,11,8,6,192.02375431151296,90,87,7,1,10,1,1
9,9,20,15,78.45953973197584,38,10,65,7,1,0,1
14,15,9,22,212.47238882046895,29,65,59,2,12,1,1
14,15,16,27,225.5425742641498,21,89,23,0,14,1,1
6,7,1,2,145.47926975918054,57,80,43,10,5,0,1
17,17,18,7,107.77894388690484,68,22,51,10,4,1,1
7,7,7,6,68.57280856373923,24,0,13,11,13,0,1
8,9,22,1,280.36582505601467,47,27,31,2,11,0,0
10,11,2,18,179.23692956748909,83,92,27,8,16,0,1
3,3,5,7,213.9849762049079,83,16,5,3,1,0,0
15,15,13,18,191.12426577812545,94,10,49,1,14,1,1
15,15,3,25,318.48784719949055,45,40,40,9,19,1,1
6,7,11,15,304.7525413822246,79,6,28,0,15,0,0
15,15,3,6,288.2079902557812,5,39,9,2,8,1,1
11,11,8,25,236.69704590398325,24,59,8,10,19,0,1
10,11,13,5,155.6780706957691,74,86,18,7,3,0,0
7,7,23,26,216.0825449433587,28,81,20,1,20,0,1
3,3,0,8,218.14962175410923,59,14,19,4,19,1,1
10,11,19,24,283.5017548981276,28,76,39,3,11,1,1
13,13,5,25,259.9869126342262,67,40,9,6,14,1,1
14,15,19,29,285.6364994281638,19,78,23,3,1,1,1
16,17,10,5,220.5453527033145,33,41,8,11,10,1,1
6,7,13,5,184.33505341900047,72,38,43,8,7,0,0
2,3,8,10,204.0293711593529,85,98,36,5,1,0,0
19,19,16,28,60.479843521005186,9,44,34,9,11,0,1
18,19,19,11,56.032199349651265,79,97,61,4,7,1,1
4,5,12,21,80.3651592319552,25,27,48,6,14,1,1
16,17,4,2,146.7228852051712,86,46,65,8,19,0,1
7,7,3,19,259.7981009524708,29,2,57,1,1,0,0
16,17,22,17,344.52145204453774,29,94,38,6,9,1,1
9,9,4,23,95.02571032663896,68,96,22,2,8,1,1
8,9,21,16,278.0725215912329,72,23,3,1,12,1,1
6,7,1,10,210.2940044783363,70,93,62,5,18,0,0
5,5,18,28,207.6387537707998,78,33,39,11,1,0,1
18,19,18,25,62.66417426776395,88,80,43,11,3,0,1
8,9,19,18,99.84426213141384,50,47,39,9,14,1,1
5,5,1,7,55.17242017638143,24,55,30,4,9,0,1
11,11,5,21,254.05577357899264,69,27,37,1,16,0,1
17,17,2,4,145.78461670605202,42,83,39,1,13,1,1
0,0,22,0,253.68706738667703,57,14,55,11,3,1,1
16,17,22,7,295.93961273041464,7,99,37,0,15,1,1
9,9,0,18,302.9806882453113,71,19,38,5,15,1,1
6,7,5,25,181.88523597177323,3,20,3,7,16,1,1
16,17,21,1,118.05327033470196,86,9,57,5,20,1,1
15,15,2,2,175.9375876578594,45,90,22,3,20,0,0
6,7,23,20,70.73820012328414,36,13,54,10,9,0,1
8,9,19,9,178.29950842307034,49,64,51,10,13,0,1
19,19,1,18,149.64078419171568,49,72,50,11,8,0,1
6,7,10,4,115.77290946243572,89,7,41,10,6,0,1
8,9,4,8,206.52585043765063,75,25,43,0,3,1,1
2,3,8,17,143.46828080099928,53,1,24,1,15,1,1
9,9,12,28,313.98719483886254,39,28,20,6,4,1,1
1,1,9,10,286.0401481659581,76,92,47,11,17,0,1
5,5,12,21,56.14869869726502,16,39,1,3,9,0,1
16,17,17,4,148.066230166006,11,34,63,1,16,0,1
19,19,7,16,316.75192976150083,81,81,62,10,8,0,0
18,19,3,28,72.69670825308958,82,9,50,7,18,0,1
6,7,8,29,241.04708565253563,47,16,26,3,4,0,0
16,17,23,3,83.27283135371678,25,16,27,0,13,0,1
9,9,3,26,147.85302875456927,16,88,57,8,8,1,1
10,11,3,25,345.6043903511696,27,75,57,1,5,1,1
3,3,2,17,170.9445752584342,43,98,23,4,7,1,1
19,19,23,6,65.62671608705111,80,73,37,5,15,0,1
11,11,20,25,330.07421417278306,29,74,31,9,17,0,1
4,5,10,15,243.07259760072793,59,28,25,4,10,1,1
15,15,0,9,112.28757001774076,27,41,9,1,6,1,1
10,11,5,20,337.562712883392,38,85,38,8,19,1,1
12,13,5,13,164.32796435130942,63,39,43,9,5,0,0
2,3,2,21,326.9807977560675,6,45,11,3,10,1,1
1,1,20,5,349.63661432665225,88,19,56,0,5,1,0
14,15,17,0,122.4774063870828,23,98,41,0,1,0,1
14,15,3,23,82.150568411453,71,2,54,4,8,1,1
8,9,10,9,205.39962407301857,22,50,22,2,5,1,1
7,7,18,6,300.45731538984336,34,60,63,10,7,0,0
16,17,5,25,274.1368173739198,60,47,47,11,8,0,0
19,19,3,10,254.2418815363403,85,73,41,7,15,1,1
7,7,5,4,134.9854347315614,54,32,45,3,1,0,1
16,17,9,4,129.33716116417006,55,68,2,8,10,1,1
18,19,0,17,270.61286150004736,98,69,33,1,18,0,1
17,17,7,10,194.1423467112541,91,52,56,5,3,0,0
9,9,7,13,219.42221435902752,67,4,42,3,13,0,0
3,3,17,8,133.65525384806162,11,86,40,11,16,1,1
12,13,20,28,212.79422682946452,87,42,53,11,19,1,1
1,1,20,2,186.88428979040827,20,92,36,1,1,1,0
7,7,19,28,286.3354413265613,0,31,6,5,5,1,1
19,19,21,20,309.7492897301036,59,49,34,9,3,1,1
9,9,11,19,103.35066247189286,68,40,54,3,12,1,1
0,0,6,19,143.56769128466988,56,15,52,6,8,0,1
9,9,21,26,114.40397803896975,34,33,65,9,7,0,1
2,3,0,8,227.5194122351048,51,52,14,9,2,1,1
11,11,14,23,92.74898580188952,55,85,57,3,5,1,1
7,7,11,14,97.31953588328513,66,14,64,3,12,0,1
2,3,7,29,304.87432833631834,41,29,47,6,14,0,1
3,3,2,1,153.6434057073935,62,44,18,6,7,0,0
14,15,18,9,322.8972995153964,58,47,37,7,5,1,1
0,0,20,2,110.50675411953704,70,49,55,4,1,0,1
8,9,1,19,257.966529767765,65,55,62,2,11,1,1
7,7,22,19,299.9928086514759,33,47,22,11,9,0,0
6,7,11,14,196.2870454595729,17,61,13,8,11,1,1
6,7,23,16,285.17676675473285,52,56,46,5,3,1,1
10,11,4,25,129.00542221880067,49,40,35,1,14,1,1
13,13,18,5,186.07185889447985,57,27,18,11,2,0,0
7,7,1,22,311.8002430644464,31,6,49,5,3,0,0
13,13,22,0,80.99101211840906,93,24,53,9,15,1,1
16,17,19,22,273.844336597067,67,95,54,8,14,0,1
7,7,19,14,160.8867290369041,8,3,21,9,19,1,1
14,15,11,23,115.15624730768972,53,16,40,8,7,0,1
10,11,22,6,114.4215488541716,84,1,34,3,18,1,1
15,15,5,21,257.8995107554474,86,22,6,5,16,1,1
8,9,4,26,154.37614703058287,17,41,20,9,10,1,1
15,15,19,21,150.7278122280444,70,34,22,6,8,0,0
11,11,8,18,76.4462462271875,98,56,26,9,15,0,1
11,11,3,5,141.522858363755,14,77,7,10,17,0,1
3,3,1,3,339.16025879455196,72,55,16,5,10,1,0
0,0,9,8,266.82570748902805,62,49,31,8,19,1,1
4,5,22,13,297.44702859733934,55,23,65,11,7,0,0
16,17,14,24,117.6129374912314,54,82,57,4,19,0,1
17,17,5,26,73.87807053956854,6,10,48,5,13,1,1
18,19,21,14,203.91709797289784,12,14,5,3,9,0,0
10,11,6,20,298.63356023204966,5,26,60,4,17,0,1
19,19,7,26,265.19506534367684,66,26,6,6,20,0,1
2,3,12,22,140.54292033153698,61,5,65,0,12,1,1
2,3,10,17,309.42121628467874,9,25,62,0,6,0,0
8,9,20,23,283.81807228678315,74,72,9,3,4,1,1
5,5,18,12,278.8110130285662,3,16,62,8,8,1,1
5,5,4,11,258.91179557092005,54,73,56,9,2,0,0
10,11,16,1,158.24452313229637,9,71,45,4,10,1,1
12,13,11,18,124.91068042903946,82,98,41,4,17,1,1
10,11,16,27,300.016441881169,46,9,21,10,5,0,1
2,3,0,4,107.4051609131112,95,4,35,5,1,0,1
0,0,20,2,58.50398812769515,16,31,54,1,7,1,1
8,9,17,26,259.8128477489212,60,69,20,1,2,0,0
1,1,8,28,319.5806347121369,44,80,5,3,11,1,1
1,1,22,21,107.4291394774767,41,39,61,0,16,0,1
3,3,3,14,119.4438713657898,77,58,6,11,7,0,1
17,17,11,13,251.6048980195579,63,72,35,2,10,1,1
5,5,11,3,329.945257966134,77,41,15,3,17,0,0
6,7,13,19,328.7674364106922,67,62,59,5,2,0,0
12,13,13,24,62.27783750057642,73,3,5,6,11,0,1
1,1,23,2,341.4080052422094,96,42,24,7,1,1,1
11,11,18,25,239.62942642427967,42,76,57,5,1,0,0
4,5,21,18,314.64577035526736,74,6,4,10,1,1,1
18,19,6,7,113.63882897139491,21,67,59,9,3,0,1
15,15,1,27,217.47595849133273,65,73,42,8,17,1,1
2,3,10,12,263.0717814238211,13,91,2,11,15,0,1
13,13,19,10,86.04055083059453,19,31,62,7,15,0,1
8,9,0,20,211.7633757986691,90,3,30,1,8,1,1
10,11,18,27,286.6855813904271,68,67,10,9,3,0,1
18,19,18,7,226.78115519730412,62,99,29,10,9,0,0
13,13,18,10,323.72790291840556,80,75,62,11,15,1,1
6,7,0,15,314.329844925454,44,30,65,3,5,1,1
10,11,3,19,89.26972964853908,77,48,32,5,1,0,1
7,7,15,3,267.5998365747776,0,76,21,0,9,0,0
7,7,19,24,154.50984338955396,28,29,64,8,16,1,1
1,1,1,21,137.6398662138071,36,48,37,1,17,0,1
0,0,12,23,253.30477231372788,26,12,15,8,16,0,1
19,19,20,2,330.96137542865654,58,82,27,3,8,0,0
16,17,23,7,60.36241791997147,22,69,13,10,3,0,1
13,13,23,15,314.36112086842616,78,58,64,11,20,0,1
1,1,9,24,308.5314607186538,61,43,18,11,16,1,1
2,3,21,25,310.71172177210826,89,20,3,0,9,0,0
14,15,1,6,300.2641636075212,71,83,48,6,14,1,1
6,7,3,25,219.7839289659468,55,39,55,1,1,1,1
12,13,23,22,234.90779617908467,33,65,45,11,18,0,1
15,15,7,20,249.12461756535683,92,75,62,0,12,1,1
10,11,2,8,81.32081562995799,21,46,5,11,10,0,1
12,13,17,21,304.7542534939513,68,92,40,3,4,1,1
10,11,11,28,239.61620489356568,95,41,18,6,3,0,1
17,17,23,5,167.41616526574313,82,27,8,1,2,1,0
10,11,13,26,289.90588945436747,41,66,58,4,13,0,1
1,1,0,6,61.3209021991215,78,90,65,4,15,1,1
7,7,10,2,161.2847817121416,33,2,46,2,11,1,1
11,11,14,17,221.1094778494597,91,7,61,11,11,0,1
6,7,1,24,347.24735963464343,42,86,32,5,7,1,1
7,7,3,29,314.78850734362567,67,86,41,9,18,0,1
9,9,15,2,287.2789176480391,57,26,46,1,10,0,0
0,0,7,17,284.48350055739945,83,23,37,8,17,1,1
4,5,8,19,280.7078434636188,55,7,54,7,13,0,1
10,11,7,20,277.69574586192573,33,68,48,11,14,1,1
1,1,11,26,186.83720665705312,13,15,1,10,13,1,1
7,7,11,16,219.88143053701745,34,14,64,1,16,1,1
18,19,21,20,139.82506118832885,37,2,41,0,8,0,1
14,15,9,18,230.39794654948247,72,33,46,6,8,0,0
4,5,20,22,92.01053969610774,28,61,42,4,2,1,1
12,13,5,22,298.391345880537,55,60,10,10,4,1,1
11,11,8,12,349.8862238581495,5,1,39,5,1,1,1
14,15,15,0,83.9476363170241,59,33,16,11,15,0,1
11,11,13,7,54.20150884029711,21,77,35,0,2,1,1
10,11,16,0,281.75584765144833,74,62,40,1,5,0,0
15,15,23,1,345.12604478936515,10,73,58,3,17,1,1
8,9,21,7,187.6007284195495,11,41,8,0,8,0,0
8,9,15,28,165.40063162126378,32,66,44,5,13,1,1
3,3,14,20,242.13544121874503,98,61,48,8,20,0,1
6,7,18,29,76.71952261504032,0,8,57,0,4,1,1
0,0,3,7,137.64740964467336,7,65,5,7,3,0,1
13,13,6,4,211.5001658584057,23,4,37,4,6,0,0
4,5,6,19,300.1740137154812,74,51,53,11,17,0,1
0,0,6,22,225.086086212373,65,82,1,5,3,1,1
5,5,10,5,133.64151861865568,85,49,8,6,7,0,1
0,0,0,1,148.1977020058244,91,66,48,10,19,0,1
7,7,13,2,345.39943228951006,29,59,44,6,2,1,1
12,13,9,25,205.53729387945805,49,44,36,11,17,0,1
5,5,10,27,339.64334390517666,6,54,51,6,9,1,1
12,13,1,12,296.75299900075095,98,93,40,7,9,0,0
11,11,21,25,246.9835002489293,92,51,4,4,1,0,0
7,7,18,20,161.21124662606715,14,86,61,4,1,1,1
15,15,10,21,215.87934613492237,85,91,35,11,18,0,1
2,3,22,23,266.6419532330893,18,39,22,1,14,1,1
7,7,22,15,98.65993954212806,0,78,24,8,16,0,1
9,9,20,26,232.3862532952493,98,94,8,1,5,0,0
0,0,9,26,214.17622317539048,31,14,21,1,12,0,1
3,3,13,7,176.87186757657406,69,56,16,6,2,0,0
3,3,4,16,251.8334268684906,38,95,39,8,15,1,1
14,15,14,19,124.07687236883598,27,20,30,7,7,0,1
4,5,11,18,348.77633145607797,67,90,40,5,5,1,1
14,15,21,29,128.8462837684121,67,77,49,1,4,1,1
9,9,4,29,203.75988993544289,59,62,39,5,17,0,1
11,11,19,8,262.9546677006318,84,63,18,5,16,0,0
11,11,7,2,325.979890614753,72,73,2,5,2,0,0
19,19,21,7,275.0871873954934,18,22,61,8,9,1,1
2,3,1,8,301.36431129527443,28,32,15,7,10,0,0
7,7,4,18,108.37850452293108,84,16,11,5,4,1,1
16,17,14,2,59.449740541854354,47,20,9,5,12,0,1
2,3,6,27,129.7273078637866,2,89,48,9,8,0,1
19,19,13,3,332.35352045787454,22,40,42,0,18,0,0
8,9,23,10,141.84145371870608,28,59,8,11,2,1,1
8,9,8,17,326.44079021160496,84,39,41,11,9,0,0
19,19,4,29,202.65435275134928,0,47,5,6,16,0,1
1,1,9,18,68.60120723344886,68,5,27,11,9,0,1
3,3,23,26,229.40031388414704,94,27,46,2,10,0,0
16,17,5,6,87.92975093866926,62,41,27,8,16,0,1
19,19,21,28,207.6059666130034,4,40,22,10,11,0,1
16,17,11,8,133.08042422851665,55,48,17,11,2,1,1
2,3,6,22,118.55568178346662,80,53,60,2,11,1,1
7,7,5,10,209.3014144329593,17,18,42,10,10,0,0
5,5,19,7,261.9136570311622,32,82,47,7,20,0,1
9,9,5,15,266.957452822746,49,49,29,5,20,1,1
17,17,9,20,147.73387134551115,68,73,20,7,6,1,1
4,5,8,3,168.40687197219864,7,72,22,8,18,1,1
12,13,15,19,290.43260192029175,70,80,25,11,10,1,1
16,17,4,3,271.1017171663741,29,3,43,9,3,0,0
12,13,4,25,128.44048790643006,63,20,13,10,3,1,1
9,9,23,0,222.26629442518345,89,40,5,3,20,1,1
10,11,1,11,54.762993473799646,34,20,59,3,7,1,1
7,7,5,23,59.74691712465269,99,41,13,2,11,0,1
0,0,22,27,70.15408408460266,1,34,42,5,8,0,1
0,0,10,22,325.44911343031737,92,98,23,0,13,1,1
7,7,20,16,199.9678842380683,20,75,26,6,17,0,1
3,3,12,5,273.2148665183893,55,21,58,4,11,0,0
10,11,11,26,69.22387575675552,8,18,32,11,12,0,1
16,17,16,27,189.6851505761261,91,97,34,0,17,0,1
17,17,21,4,83.7785900534627,82,68,43,9,14,1,1
12,13,23,29,275.205992451923,73,67,11,2,19,1,1
1,1,16,28,268.4959810792166,94,61,63,7,8,0,1
11,11,11,22,301.6527875850918,78,81,53,2,20,1,1
3,3,23,17,221.50466867701317,30,70,25,5,7,0,0
4,5,18,4,240.49649711749257,44,48,32,4,1,0,0
15,15,5,28,214.35078990829436,38,12,16,1,11,0,1
16,17,18,29,339.46057719070683,95,29,23,9,17,0,1
9,9,22,2,203.8387782792107,25,88,5,5,10,1,0
2,3,20,13,330.4607837981042,8,38,62,11,9,0,0
16,17,12,1,187.2168931952467,59,55,16,11,6,1,1
7,7,12,26,137.88101554466684,24,13,12,4,19,1,1
7,7,21,11,260.8542278324833,23,23,19,8,12,0,1
4,5,22,1,269.2080842449944,3,81,58,8,2,0,1
15,15,15,15,191.1012874270355,9,47,31,4,18,0,0
4,5,19,17,109.8167351431646,25,10,26,7,2,0,1
7,7,21,24,235.52864447533247,92,24,29,2,7,0,0
8,9,14,22,267.8857262049827,9,22,28,2,7,0,0
15,15,18,29,261.2110328907359,0,84,50,8,7,1,1
8,9,10,13,258.9688918509828,13,66,34,11,11,1,1
11,11,5,4,103.29024289698437,11,72,50,9,13,1,1
8,9,5,22,137.39877446821615,11,46,57,3,10,0,1
6,7,6,21,71.62313308936473,37,73,28,11,5,1,1
14,15,22,13,221.39419614403388,75,66,24,11,19,1,1
7,7,18,13,299.7354283747999,82,21,41,7,16,1,1
4,5,17,27,213.55943767077315,9,54,1,0,1,1,1
3,3,3,24,315.5005609662864,84,80,61,4,3,0,0
15,15,10,28,165.31154459030824,0,23,10,10,15,0,1
3,3,6,22,195.115499324682,78,7,37,8,10,1,1
12,13,22,11,173.41191597215123,82,18,49,0,3,1,1
12,13,7,13,294.1353571571911,26,47,10,8,12,0,1
1,1,11,27,126.72068010203942,27,59,30,0,10,0,1
16,17,22,27,342.35689221757116,26,69,29,7,6,1,1
18,19,10,22,345.4105764176456,11,17,45,8,13,1,1
9,9,19,26,334.44862477721847,54,63,8,1,10,1,1
19,19,16,22,176.35067566755654,26,89,63,5,1,1,1
3,3,3,2,175.97057676943828,83,74,34,9,14,1,1
9,9,10,1,131.11513649036024,97,12,18,2,16,0,1
18,19,7,28,168.6087338632128,22,0,30,10,18,0,1
6,7,12,29,78.86915407318043,13,88,38,0,19,0,1
7,7,4,26,116.88178859520164,50,54,43,10,18,1,1
5,5,18,6,227.23270221903203,81,36,58,4,16,0,0
3,3,13,23,181.58108991535568,62,86,50,3,3,0,0
6,7,5,23,234.46874703279516,88,23,18,11,5,1,1
1,1,2,12,334.7457810689387,1,82,14,6,10,1,1
18,19,12,7,167.57438333674597,50,88,17,8,17,1,1
11,11,17,8,154.86189431184852,5,21,7,4,2,0,0
10,11,20,2,325.2280985481214,0,61,42,6,10,0,1
16,17,17,25,321.4728035270395,65,58,6,8,10,1,1
8,9,3,29,149.35096993942176,62,44,2,6,8,0,1
17,17,0,7,302.2070101471308,5,15,32,8,3,1,1
14,15,7,11,194.49125330872891,88,44,56,6,18,1,1
7,7,5,12,169.6598025995703,88,6,60,11,20,1,1
13,13,10,5,164.26443238167232,42,25,16,11,1,0,0
19,19,21,13,266.32878459363246,42,81,36,1,11,1,1
18,19,4,8,155.18473594937709,53,90,42,10,16,0,1
10,11,19,7,268.0956107197909,96,75,24,3,1,0,0
14,15,17,2,171.25635307928118,89,77,63,2,8,1,0
8,9,18,13,336.4301252692561,24,22,21,9,16,1,1
0,0,4,13,312.1002516935746,57,7,21,4,16,1,1
18,19,6,14,287.53578396981135,24,71,7,2,15,0,0
19,19,18,20,185.04532093313685,77,18,47,0,16,1,1
8,9,6,1,235.96244380445884,93,75,16,3,19,1,1
16,17,16,6,130.06685799351968,57,26,38,3,19,0,1
15,15,4,6,111.30826380272092,7,49,29,1,16,0,1
16,17,3,12,141.29412421229208,34,12,11,7,10,1,1
7,7,9,12,85.40379225456553,17,91,6,8,5,0,1
6,7,2,22,301.10019413784687,89,44,58,8,19,1,1
0,0,13,18,116.4366851738784,23,83,45,2,19,1,1
8,9,18,11,117.77384966111433,2,72,32,6,5,0,1
19,19,14,3,332.7829961103352,90,77,38,5,12,0,0
2,3,18,27,198.57134404182872,74,23,41,2,7,1,1
17,17,6,7,176.5656306117045,12,26,57,8,10,1,1
18,19,15,11,67.14491602179662,42,63,20,0,15,0,1
3,3,1,5,178.75239135034914,94,33,6,2,4,0,0
11,11,21,28,268.02171846525584,18,36,55,9,14,0,1
12,13,12,5,60.33911968050446,65,88,63,10,3,0,1
18,19,6,28,54.32595554858102,67,25,22,9,4,1,1
14,15,18,29,219.9528039789217,82,19,27,7,2,1,1
10,11,10,5,293.6155593000929,39,6,53,0,2,0,0
7,7,12,11,134.7459929741934,55,18,1,7,8,0,1
6,7,10,21,248.57603480036823,97,57,53,2,19,1,1
14,15,11,18,304.9061964165325,58,96,64,1,9,1,1
18,19,9,18,65.93370985073199,67,6,55,8,9,1,1
16,17,15,5,293.75330387101747,87,46,2,11,9,0,0
15,15,10,8,215.9863537576521,76,71,34,9,9,0,0
3,3,8,7,325.0422403181942,9,91,40,10,4,0,1
13,13,15,28,145.74798681672632,55,94,65,6,6,0,1
14,15,11,18,88.1878767507626,33,66,42,1,6,1,1
1,1,11,13,232.60481964471856,19,92,62,8,12,0,1
19,19,8,28,338.41468092116537,47,8,22,7,1,0,1
5,5,7,22,338.6136749903887,86,82,63,3,6,0,0
6,7,11,14,335.5612109229476,54,58,44,1,16,0,0
14,15,23,29,239.8922704842627,89,95,8,9,19,1,1
7,7,3,11,292.1325329186075,3,21,41,10,2,0,0
9,9,22,7,299.35028329084986,49,72,60,6,2,0,0
2,3,18,6,270.45752705274174,88,77,25,7,8,0,0
18,19,14,23,70.33900279625048,35,26,14,0,2,0,1
7,7,4,29,230.69373813840383,9,84,37,10,12,1,1
6,7,1,6,201.40988588406407,52,79,18,3,13,1,1
1,1,23,9,93.07891249381557,46,24,17,1,15,1,1
9,9,21,10,87.9960799771773,0,87,28,11,19,1,1
7,7,15,4,211.2843769557289,35,84,39,2,18,1,1
19,19,0,23,285.5056248619094,79,89,16,7,11,1,1
16,17,7,5,266.1958137929675,99,93,45,9,15,0,1
14,15,21,15,226.94522217581093,97,28,60,7,8,0,0
19,19,20,10,52.35745560021008,89,17,54,6,15,0,1
4,5,18,12,272.3341179738175,37,0,52,1,16,1,1
14,15,10,26,76.5949158282992,54,94,61,10,17,1,1
15,15,14,5,77.3360396955264,43,31,49,7,10,1,1
1,1,17,24,317.6361950943182,90,86,11,1,19,1,1
1,1,5,7,208.76371767064077,97,77,28,7,3,0,0
5,5,15,12,299.914634250411,20,88,12,6,20,0,1
3,3,21,6,121.79622707806736,20,93,61,0,9,0,1
15,15,21,5,122.14524940027572,55,42,2,11,1,0,1
19,19,8,0,298.70861302472736,28,86,27,0,19,1,1
4,5,13,4,288.43096295925005,60,85,21,10,4,1,1
18,19,21,26,340.84584561696784,34,79,23,3,14,1,1
12,13,14,20,54.38562220124364,10,57,51,10,6,0,1
16,17,10,27,317.1669522438969,49,98,31,9,2,0,1
12,13,14,18,253.65196878725848,20,69,65,1,2,0,0
19,19,16,8,329.8010379894677,64,28,49,9,7,0,0
9,9,22,20,108.91852032850343,72,13,65,4,18,1,1
5,5,5,14,238.71818847951175,34,58,52,6,18,0,1
0,0,12,14,328.17204230036134,58,68,31,0,14,1,1
14,15,4,11,74.59569920060747,56,26,33,7,3,0,1
13,13,7,25,82.7982350957213,96,20,40,11,10,0,1
0,0,19,29,96.62798071361232,7,31,51,10,1,0,1
11,11,0,11,55.957125357852654,80,17,8,4,11,0,1
18,19,20,25,109.55494901598512,41,91,61,9,11,0,1
19,19,10,22,115.09345479909862,98,91,64,11,5,1,1
9,9,21,28,272.8267259673973,73,70,53,9,1,0,1
1,1,20,16,217.12574357596503,75,70,54,2,1,0,0
7,7,22,29,256.28775402529845,57,29,55,6,1,1,1
6,7,11,15,195.75513492028088,33,0,37,10,18,0,1
15,15,0,5,132.12274964926337,45,46,15,4,15,1,1
18,19,11,28,190.58907705917537,33,95,57,7,11,1,1
7,7,6,22,206.51757454236375,82,73,6,5,20,1,1
10,11,20,8,249.00957574513487,7,8,12,3,9,0,0
10,11,15,5,203.28619071265484,93,97,3,0,9,0,0
9,9,18,12,316.20243956463594,21,40,55,0,9,1,1
5,5,2,25,234.09467583634913,60,31,45,8,12,0,1
15,15,12,6,74.4254428331832,25,48,30,8,19,0,1
8,9,7,25,294.8009777665374,44,93,4,3,11,0,1
4,5,14,19,76.66385054397014,95,58,48,1,4,1,1
18,19,4,20,182.60189834878048,51,1,28,11,9,0,0
14,15,7,25,150.258708421504,54,74,5,10,9,0,0
10,11,10,2,187.16600225238017,45,36,47,11,12,0,1
9,9,0,13,343.64036272985675,28,60,18,1,11,1,1
8,9,6,10,148.63345511678034,91,73,7,1,13,1,1
16,17,9,3,126.35628363958774,92,31,49,9,14,1,1
1,1,15,21,257.6608483950735,43,94,9,8,9,0,0
2,3,0,27,224.5074781142054,20,85,47,4,8,1,1
12,13,8,29,209.0032052537312,92,90,41,0,2,0,0
3,3,23,24,127.2004106180964,13,70,10,0,1,1,1
7,7,17,10,289.5051409173309,98,94,4,7,14,1,1
2,3,17,6,241.38879151988357,13,34,18,1,6,0,0
5,5,20,1,330.78492818337077,74,29,18,0,17,0,0
3,3,12,19,328.2239628582908,47,33,52,7,1,1,1
15,15,18,26,63.96003569442284,44,2,28,5,1,1,1
4,5,12,6,95.5996061274864,40,90,56,11,6,1,1
4,5,14,6,205.0838099903546,79,12,43,10,18,0,1
16,17,11,22,190.35836542943795,39,62,63,7,17,1,1
3,3,6,3,336.208925521283,29,16,41,2,5,1,0
13,13,8,18,64.4170712233154,20,86,45,10,1,1,1
14,15,7,18,307.9174641753585,60,7,39,11,11,0,1
11,11,11,17,245.5093022404185,60,83,52,9,17,1,1
2,3,7,28,249.0692140021445,87,39,51,2,16,1,1
6,7,7,0,334.7430445644031,14,99,52,10,1,0,0
1,1,16,16,236.62972131722924,73,69,24,2,2,1,1
16,17,17,11,77.44829730367428,96,2,22,4,6,0,1
12,13,8,10,174.21612638023822,94,34,31,10,9,1,1
6,7,15,29,291.5949814919579,27,58,58,7,19,0,1
10,11,16,11,270.05566437570104,3,72,12,8,12,0,1
1,1,10,20,305.0506789738118,24,31,45,1,17,1,1
15,15,10,15,211.60436823147097,37,78,46,3,1,0,0
13,13,20,16,53.92377385079706,30,98,50,1,5,1,1
7,7,7,23,172.23635046108396,49,17,42,0,8,0,0
16,17,15,20,212.73015290229424,45,23,24,6,15,1,1
7,7,18,1,317.42675702195254,57,94,22,10,4,0,0
10,11,10,5,121.03634003438782,90,54,17,0,8,0,1
3,3,13,3,271.54707085943636,13,88,10,0,13,0,0
11,11,20,10,258.2408774298697,45,67,11,6,16,1,1
0,0,10,19,100.85109540002377,94,6,9,10,2,1,1
8,9,15,9,205.52235368435703,65,67,53,9,16,0,1
3,3,7,10,189.40420806517636,42,43,30,10,5,0,0
14,15,3,13,271.6332303973733,90,58,1,9,6,0,0
17,17,0,24,110.65654611820268,52,11,11,11,11,0,1
6,7,10,16,89.58100889169363,82,34,29,0,11,1,1
15,15,5,3,323.3632929264656,78,16,21,7,18,1,1
9,9,7,4,165.15459408479202,88,60,11,11,2,0,0
1,1,4,10,160.72055250295386,16,58,13,0,13,0,0
14,15,0,29,246.64684418412128,54,8,9,3,4,1,1
8,9,8,18,179.6387079994829,70,30,20,9,16,1,1
14,15,1,14,233.72039627584024,50,82,59,4,6,0,0
12,13,18,13,205.4829824316886,85,44,6,5,3,1,1
18,19,8,6,154.67719607485074,75,96,30,6,18,0,1
18,19,3,18,313.84650356572365,86,68,4,1,18,0,1
7,7,6,1,150.74318842535172,18,23,21,7,17,1,1
10,11,17,19,267.38547459512023,54,74,57,10,4,1,1
19,19,6,4,231.5626193682268,17,63,58,4,4,1,0
14,15,9,2,122.87241685146924,46,57,46,3,14,1,1
16,17,16,9,99.24698016705386,3,6,61,0,14,0,1
14,15,4,6,184.33901207248448,72,36,36,11,18,0,1
1,1,8,10,288.34086706699463,91,1,9,11,2,0,0
19,19,4,26,152.13575684761938,8,35,65,1,16,1,1
18,19,8,27,339.2884603332622,79,40,63,6,8,0,1
9,9,16,11,50.26256491815067,84,38,7,4,6,0,1
5,5,20,20,279.11827141569626,44,56,26,10,8,0,0
18,19,6,18,165.60467335248535,65,92,25,7,13,0,1
4,5,14,6,335.1503774843269,15,24,59,8,5,1,1
4,5,21,12,284.8842046259633,82,21,57,0,12,1,1
6,7,19,28,247.85406519354407,37,22,65,2,9,1,1
6,7,10,10,272.5201804535279,6,4,65,7,10,1,1
15,15,13,25,299.75785011015745,43,61,44,8,20,0,1
1,1,1,3,189.2036757615502,39,77,56,2,14,1,1
15,15,6,22,257.39875745696327,69,4,23,4,19,1,1
1,1,2,17,127.74956470238104,18,48,15,8,17,1,1
12,13,2,29,99.1219430679598,88,25,17,4,7,0,1
15,15,20,23,300.89374039305227,44,15,22,0,9,0,0
11,11,21,2,115.09392673143697,24,66,29,9,15,1,1
6,7,16,20,67.28745553822158,62,85,24,6,4,0,1
2,3,15,18,231.9032367480828,99,39,28,4,5,0,0
12,13,10,1,275.6367966087215,79,72,24,0,13,1,1
2,3,13,11,246.1292021106493,80,76,46,6,15,0,1
9,9,16,15,115.09201122539768,88,29,38,7,16,1,1
0,0,21,9,129.57571596853384,49,16,51,3,14,1,1
17,17,18,19,297.51881534060664,20,38,52,0,10,0,0
3,3,17,0,102.04278785729925,50,1,2,8,10,0,1
17,17,15,0,55.356041053711515,40,74,38,1,9,0,1
6,7,2,26,99.04805280420332,75,8,4,9,9,0,1
13,13,15,6,146.57245680043238,61,3,40,5,17,0,1
11,11,11,2,339.53770873363766,55,95,48,3,6,0,0
11,11,22,8,180.99701097619953,58,99,20,11,1,0,0
6,7,11,8,85.65218652197811,23,48,6,8,6,1,1
4,5,1,19,78.49841190155787,76,16,5,2,20,1,1
8,9,19,2,332.4094659355727,3,43,26,11,3,0,0
13,13,5,21,222.69681666319264,50,72,58,2,4,0,0
10,11,17,1,320.0573468088637,5,3,54,2,20,0,0
12,13,9,24,153.46879371982078,1,92,23,3,8,1,1
7,7,12,19,174.48730343590785,69,69,26,6,13,1,1
14,15,19,3,212.55260117652227,89,24,5,2,2,1,0
12,13,19,17,206.8261875752386,66,9,14,4,16,0,1
9,9,12,2,335.8384494477902,57,58,13,1,16,0,0
8,9,0,2,303.356665547907,81,46,64,8,20,1,1
3,3,21,4,209.46401518770205,22,97,21,5,16,0,0
4,5,18,18,132.0467626942706,14,18,61,1,13,0,1
3,3,19,19,321.3988192847662,69,21,8,3,10,0,0
2,3,6,19,98.68519876469664,67,37,13,9,8,1,1
8,9,21,25,283.2812151670066,5,43,7,6,7,1,1
16,17,11,28,167.9234040178403,66,60,32,7,20,0,1
16,17,12,12,102.36948550343456,7,47,59,2,5,0,1
11,11,22,6,68.26049786648612,88,91,60,5,9,1,1
7,7,16,9,117.63994730942704,67,42,54,1,3,0,1
15,15,1,20,181.95579506947348,59,50,63,5,5,1,1
12,13,19,8,177.00251854840823,88,37,51,0,2,0,0
7,7,16,3,121.65527643244388,12,43,13,9,16,0,1
10,11,21,9,190.32822455418037,76,66,58,9,4,1,1
2,3,5,17,151.33393258658455,39,16,42,2,13,0,1
7,7,2,22,144.3848464970685,75,13,47,3,5,1,1
4,5,13,18,334.00521441240454,21,62,1,3,18,0,1
13,13,20,20,267.0039832339549,32,59,16,1,17,0,1
17,17,1,29,232.2873069585789,17,78,13,2,16,1,1
13,13,17,15,221.4793040269297,56,12,34,1,6,0,0
3,3,8,4,346.8770663377885,90,44,40,8,14,1,1
11,11,17,28,179.95710863900248,96,76,46,4,10,1,1
9,9,3,20,74.20647778477681,64,21,24,5,16,1,1
0,0,18,28,275.0172733024669,16,33,36,7,8,0,1
14,15,17,26,175.0695297838158,96,49,46,9,10,0,1
14,15,13,28,314.87424009808853,0,2,17,0,20,1,1
15,15,15,22,102.3627871982908,92,31,55,9,18,0,1
9,9,5,14,72.2908412539655,57,43,41,4,13,1,1
0,0,8,24,82.79379229470965,14,52,50,11,5,1,1
5,5,2,0,163.04804894434363,4,74,33,8,2,1,1
16,17,2,29,213.04043377511488,8,74,64,2,15,1,1
17,17,19,9,273.89935344974066,61,98,34,10,4,1,1
5,5,10,1,197.68126948333332,20,3,40,10,8,1,1
8,9,15,4,68.5584310329145,50,1,16,7,3,1,1
1,1,4,2,318.76270759347796,3,94,47,3,2,1,1
14,15,22,21,346.17833483937375,80,30,2,1,9,0,0
0,0,13,18,271.5598588040412,29,97,31,1,6,0,0
18,19,13,19,61.58178358033039,83,63,38,10,1,0,1
14,15,23,14,233.8064077336463,73,61,3,6,6,0,0
19,19,2,18,248.51017877157653,21,4,62,2,6,0,0
5,5,22,28,325.84748924180417,0,62,59,3,12,1,1
10,11,19,4,72.43812451693711,6,70,24,6,2,0,1
6,7,11,2,226.88652294801253,0,27,61,8,16,1,1
15,15,23,15,148.62697794657052,2,21,21,4,15,1,1
9,9,2,16,184.68493765754525,38,30,1,7,10,1,1
4,5,8,9,315.71676019921307,63,87,42,1,3,0,0
3,3,6,7,90.12400039792531,23,34,15,11,1,0,1
5,5,17,12,244.12871822545603,9,77,29,7,3,0,1
14,15,22,10,295.35816573097264,1,31,20,5,4,1,1
7,7,12,7,252.16476167120055,6,12,39,7,20,1,1
10,11,18,8,303.13065198319873,73,17,49,10,7,0,0
18,19,6,25,331.1441226796403,75,29,59,7,2,1,1
19,19,7,29,300.9660032494886,94,80,43,11,16,1,1
8,9,17,5,81.54121347388977,8,9,53,9,15,1,1
10,11,0,11,186.34562597100347,20,11,40,5,8,1,1
17,17,10,4,139.10237241103837,41,99,10,4,8,1,1
2,3,10,26,326.8029832304062,16,76,3,6,20,0,1
13,13,20,13,66.79329336658652,8,83,16,2,14,0,1
10,11,2,17,199.51763897520837,93,17,25,1,3,1,1
12,13,22,1,75.26475349798861,36,40,19,0,12,1,1
5,5,18,0,318.90426877861535,48,19,10,0,8,1,0
8,9,0,0,327.8590617986083,0,99,21,7,14,0,1
4,5,21,15,310.4575476140451,57,40,32,1,12,1,1
6,7,7,11,149.6632089611729,2,13,63,4,2,1,1
16,17,9,29,253.41555396966385,18,0,55,10,12,0,1
2,3,21,23,155.2928325293936,32,99,19,10,18,1,1
9,9,17,23,196.5471055201105,7,91,63,0,5,0,1
10,11,22,5,155.8736916971063,64,62,64,9,18,1,1
16,17,5,25,63.59495304353718,33,36,37,5,16,0,1
11,11,11,4,65.04537504527018,43,91,63,11,2,0,1
12,13,7,1,294.82994833161285,26,59,48,0,15,1,1
17,17,22,8,173.6362328439082,34,58,21,8,13,1,1
11,11,5,28,83.45485956436899,98,95,40,6,13,0,1
3,3,15,9,235.0456184658097,10,95,5,6,10,0,0
8,9,22,2,205.6070801958289,69,19,63,2,8,0,0
15,15,19,29,338.0453129258386,87,14,42,11,11,1,1
7,7,3,3,146.29165695565013,67,50,55,4,19,0,1
17,17,11,5,127.45117489804636,38,0,49,2,11,0,1
7,7,1,15,128.53635278686798,56,67,27,8,10,1,1
3,3,23,24,132.15215144788303,25,65,28,9,5,1,1
0,0,2,1,223.9518317617581,33,4,6,9,1,0,0
8,9,6,27,220.17737049475016,17,21,18,6,4,1,1
19,19,14,9,215.4407698685708,26,29,49,3,8,1,1
8,9,13,24,145.74281457302232,96,53,2,0,19,0,1
3,3,8,20,194.99668656933443,58,53,38,8,19,1,1
19,19,23,15,189.74873526762423,61,46,62,8,18,1,1
14,15,5,9,136.77870942176844,55,56,61,8,17,1,1
0,0,12,28,94.62770577509346,56,38,54,8,18,1,1
0,0,21,9,80.66330868819762,55,19,61,7,2,1,1
12,13,7,23,145.33365629661685,23,50,65,2,2,0,1
4,5,6,28,316.90842896276877,51,85,51,3,16,1,1
13,13,7,5,241.63405298581984,74,23,8,11,7,0,0
9,9,16,15,339.02500193876665,30,28,31,3,11,0,0
19,19,21,8,113.04817855066192,82,34,7,6,1,0,1
16,17,14,25,134.59872823322658,17,51,21,7,6,0,1
1,1,19,7,286.7193791160932,66,40,63,7,11,0,1
6,7,17,11,342.37150394417455,86,34,2,8,11,0,1
12,13,8,2,215.37252439872597,56,12,26,8,12,0,1
6,7,4,29,299.2536214541497,45,1,48,2,18,0,1
4,5,0,14,260.23746884345366,82,9,56,3,14,1,1
9,9,7,27,126.08178570941271,2,19,28,2,17,1,1
13,13,13,27,170.8995717065181,70,56,14,9,6,0,1
18,19,3,1,254.20300990530552,37,15,21,6,18,0,1
4,5,4,4,210.26562247311463,64,63,10,11,3,0,0
3,3,13,23,293.68354012490255,99,66,38,4,5,0,0
19,19,19,0,59.5703244258006,88,59,14,4,2,0,1
4,5,7,27,107.87890864442238,86,64,7,5,6,0,1
10,11,20,8,187.719008401703,85,0,4,2,19,0,0
3,3,5,5,240.5057839895887,55,26,65,7,20,0,1
16,17,6,9,274.8432295512167,60,20,39,0,20,1,1
13,13,21,11,278.7340380650814,36,37,64,10,5,1,1
5,5,5,21,190.9871579751716,51,5,28,11,14,1,1
18,19,8,1,101.1769806164143,28,91,14,11,16,1,1
15,15,19,0,142.39859348841287,75,94,59,8,15,0,1
2,3,23,0,137.3505883925209,70,7,14,7,1,1,1
3,3,4,22,273.63672763103654,43,23,27,0,2,0,0
18,19,16,15,267.6714854608012,58,71,61,6,18,1,1
4,5,6,13,135.93012495527728,89,74,15,3,8,1,1
10,11,1,21,202.26140528439856,80,35,32,7,5,0,0
17,17,21,27,310.40665830588875,73,43,10,4,2,0,0
14,15,5,20,69.6100669943973,82,72,43,0,5,0,1
6,7,10,12,55.147885223037854,95,94,57,3,3,1,1
3,3,15,10,309.5177059105711,51,89,30,1,13,0,0
15,15,13,3,288.2546698630294,8,78,41,6,20,1,1
4,5,11,25,149.96922746476784,29,96,10,8,12,0,1
6,7,18,10,113.19464639539108,8,64,62,8,16,0,1
19,19,17,18,196.0318040344669,41,9,52,8,1,0,0
10,11,4,14,72.47150566599137,9,98,28,1,4,0,1
3,3,5,6,242.17734565023792,42,39,37,10,2,1,1
16,17,20,21,73.3507483069003,71,10,61,4,17,0,1
5,5,6,3,300.7814787994702,30,49,21,3,3,1,0
19,19,18,10,305.44739176585983,55,53,26,4,3,1,1
14,15,5,27,115.90402376558636,16,15,50,5,9,0,1
8,9,13,21,333.85098157837814,94,95,48,0,3,0,0
12,13,17,22,316.7452745834846,28,75,26,8,13,1,1
17,17,0,25,179.6266411794932,27,98,37,7,14,0,1
18,19,8,8,130.95430604675605,65,27,61,8,20,0,1
8,9,10,13,87.55244041598066,84,56,11,5,8,1,1
0,0,22,4,322.8428435236058,22,25,10,0,18,0,0
16,17,3,20,200.33473111139384,15,39,22,6,7,1,1
4,5,13,7,147.266409945381,32,65,40,2,7,0,1
2,3,22,23,89.65058402213492,64,55,63,1,5,0,1
13,13,16,7,147.67410901515038,58,22,63,3,3,0,1
17,17,5,27,188.48867967039763,1,7,31,9,7,0,1
4,5,15,28,336.76517667870803,98,77,27,4,15,0,1
17,17,21,15,252.8581029061638,28,42,49,7,13,0,1
3,3,10,17,122.11901818820392,9,82,15,4,8,1,1
15,15,21,10,193.09432485492735,31,92,36,10,18,0,1
0,0,21,23,246.5870377091668,16,16,34,10,5,0,0
0,0,18,22,170.98936783946397,63,56,43,10,2,1,1
7,7,17,10,336.488584408994,21,86,58,9,18,1,1
7,7,11,23,133.57028882925306,38,15,40,7,16,1,1
18,19,8,27,78.09565758326937,70,46,48,1,5,0,1
11,11,9,10,347.49349240510503,84,42,49,1,10,0,0
9,9,23,23,162.81799735334783,12,59,53,3,4,0,0
7,7,14,14,206.38795114531965,4,83,8,7,19,1,1
14,15,11,6,87.54693508008253,3,68,18,2,14,1,1
5,5,14,2,255.79554555557092,40,32,4,11,12,0,1
15,15,1,18,145.54881654274303,18,86,26,2,11,1,1
11,11,0,19,258.4294721341461,66,29,7,7,7,0,0
1,1,15,2,80.21860606664323,25,74,60,10,9,1,1
19,19,3,22,60.34724118555667,71,6,34,10,9,1,1
5,5,23,3,312.08418034963364,33,16,39,1,12,1,1
14,15,8,8,328.9131051550515,9,85,18,4,1,1,1
18,19,8,15,320.36930769348817,98,67,51,1,20,0,0
18,19,12,20,261.279778482884,77,42,40,9,6,1,1
6,7,10,10,174.13184736431603,74,23,25,1,6,0,0
19,19,2,14,155.60186308293683,49,61,23,0,2,0,0
16,17,13,24,284.0484806905035,24,72,65,0,3,0,0
17,17,2,11,73.5221291072562,82,83,19,0,13,0,1
9,9,19,24,154.16479065058635,71,55,15,3,17,0,1
17,17,11,21,263.9723087790076,99,13,39,2,20,1,1
18,19,21,9,249.3553752385602,73,99,47,2,5,0,0
14,15,2,21,62.57242147350373,89,78,3,4,13,0,1
1,1,3,22,335.5951729790115,41,4,43,7,20,1,1
2,3,23,19,276.02695357106046,67,8,21,9,4,0,0
14,15,18,23,190.91480711091495,21,47,65,6,4,0,0
16,17,22,22,69.46224771026986,73,5,57,0,17,0,1
8,9,2,1,79.10546150353068,47,37,8,8,6,0,1
0,0,20,25,50.9736055377371,33,29,43,5,19,0,1
6,7,17,13,64.88399201624902,74,30,16,9,20,0,1
19,19,4,2,79.59899056669596,35,12,54,4,9,0,1
3,3,2,22,257.98813165588854,13,87,17,4,16,0,1
17,17,2,4,89.73367730076038,14,9,35,3,6,0,1
0,0,9,18,319.2090652313965,5,70,25,7,1,0,1
5,5,15,14,256.1822652907765,91,31,10,8,17,0,1
5,5,15,16,127.22531810613476,27,12,15,10,10,1,1
10,11,20,18,193.4523574313026,11,8,12,9,3,1,1
18,19,2,22,284.7224931242396,50,17,16,10,12,1,1
7,7,19,21,110.26593997159036,48,14,61,5,2,0,1
8,9,12,1,90.70063065870453,59,78,34,5,14,0,1
18,19,8,25,261.6615081849215,66,58,37,2,13,1,1
1,1,8,17,170.36666456244194,46,69,43,9,9,0,0
19,19,1,27,262.9101003167022,0,0,28,10,5,1,1
1,1,15,12,178.3196142374971,7,79,55,8,4,1,1
7,7,15,27,107.66260967031386,84,98,47,11,1,0,1
5,5,15,15,337.71178946272784,34,25,48,7,20,1,1
16,17,6,29,70.31177592533332,69,17,19,3,16,0,1
6,7,9,25,230.09824621059624,5,20,23,4,9,0,0
18,19,20,7,264.8887321919723,24,32,29,4,7,1,1
11,11,8,19,171.0695927868489,69,74,37,2,18,0,1
0,0,7,8,131.43984054316692,60,45,2,8,11,0,1
10,11,3,16,95.595134236633,0,63,62,4,15,0,1
16,17,3,1,326.4423904587256,39,21,44,11,19,0,1
13,13,11,18,187.36256813298948,39,18,31,5,2,0,0
10,11,9,24,248.91467549898465,90,0,16,4,7,1,1
5,5,4,5,328.2112835664924,19,14,8,9,5,1,1
9,9,21,18,144.33800629946762,78,10,11,7,10,1,1
11,11,0,22,132.4976865282596,40,54,1,3,13,0,1
19,19,2,25,162.4289775444694,93,9,58,7,18,1,1
9,9,11,5,198.59522789159516,79,27,34,11,18,1,1
14,15,23,4,77.02112295713377,84,93,24,8,19,1,1
15,15,7,7,194.79883993153553,62,7,33,7,8,0,0
19,19,19,25,337.1236471023224,6,54,24,9,10,1,1
19,19,18,10,240.12774340901427,92,98,58,8,20,1,1
10,11,18,17,174.65952822602765,46,2,22,3,1,1,1
12,13,8,21,165.76611251790527,1,85,19,10,20,0,1
7,7,2,1,328.5038439486106,16,93,17,4,2,0,0
12,13,23,14,101.87135321324254,99,69,19,11,12,1,1
17,17,2,4,227.9022045946453,34,75,15,1,2,0,0
16,17,21,23,101.76299599395308,48,64,48,10,18,1,1
18,19,3,19,104.53821100787158,61,55,34,5,11,1,1
18,19,19,11,65.50830531635555,82,65,10,6,20,0,1
18,19,15,27,116.4012095801454,40,88,61,8,9,0,1
17,17,2,14,188.51209944749843,70,35,2,4,20,1,1
10,11,20,11,286.76457214471606,80,22,35,6,20,1,1
3,3,10,20,50.224514897424235,60,66,65,11,7,1,1
1,1,13,24,348.1750813778245,42,87,25,0,18,1,1
14,15,5,16,133.365296790183,62,94,11,7,19,0,1
10,11,0,4,217.15626529271205,74,33,60,3,19,0,0
9,9,23,15,189.712132913726,66,74,36,1,9,0,0
6,7,18,0,171.84844737499617,60,25,14,1,18,1,1
1,1,14,3,248.625499591785,86,83,63,8,14,0,1
6,7,21,6,208.7997912215136,9,20,48,4,12,0,0
17,17,12,13,293.07286845315144,70,13,47,8,5,0,0
9,9,17,29,81.0666536241435,91,95,56,8,6,0,1
10,11,12,23,113.9651645783783,72,83,27,0,12,0,1
10,11,2,6,294.41302861265393,12,61,8,3,17,0,0
18,19,18,29,250.7556905687508,14,77,60,4,13,0,1
6,7,7,20,197.25234395755743,43,70,62,2,5,0,0
7,7,8,25,75.48670207065321,39,88,38,5,12,0,1
9,9,0,1,297.27624769769,49,77,62,10,2,0,0
6,7,9,0,193.8922388401394,36,60,42,1,2,0,0
7,7,18,23,173.52277488403553,95,4,57,6,1,0,0
11,11,1,12,346.14560942511105,66,39,35,8,11,1,1
6,7,16,24,117.42252294488,49,35,40,2,16,0,1
9,9,2,6,79.89879229418179,61,57,32,11,16,1,1
7,7,23,23,286.36395765299795,66,31,22,0,13,0,1
10,11,3,28,332.7638446932896,15,92,60,7,12,1,1
13,13,20,22,180.076482748044,48,76,27,5,11,0,1
19,19,20,21,187.4110685622871,0,93,8,1,1,1,1
19,19,1,28,211.0970221913245,79,0,37,11,8,1,1
12,13,11,29,290.80701381611163,93,21,32,4,17,1,1
18,19,1,28,94.25672930598655,90,65,18,1,5,1,1
13,13,10,21,50.793333052322254,37,86,8,7,12,0,1
1,1,3,2,235.052531583838,61,34,47,5,8,1,0
9,9,5,3,139.86378255029527,23,90,7,3,13,1,1
0,0,15,18,148.03609830909735,95,25,22,10,6,0,1
0,0,2,0,255.22987442642076,12,22,14,8,15,1,1
0,0,3,2,97.39543998537464,9,93,63,10,6,0,1
0,0,14,22,128.16688806219298,13,64,32,6,14,1,1
8,9,0,28,341.3408449648372,27,30,60,7,16,0,1
10,11,0,13,306.23150364876375,86,13,8,3,15,0,0
4,5,4,8,60.166346327399545,8,58,36,11,3,1,1
3,3,19,5,50.46997836999883,55,88,40,8,20,0,1
3,3,15,10,263.9652482399147,38,50,64,10,19,0,1
16,17,7,4,151.00250372162995,24,88,14,9,7,1,1
18,19,4,15,302.75241088249373,39,22,56,3,10,1,1
7,7,13,12,88.04763055379816,21,40,34,3,20,0,1
13,13,19,15,319.1514916611743,72,58,60,11,4,1,1
19,19,1,2,282.45830220264077,40,46,53,5,14,0,0
6,7,5,29,206.79321691140973,37,50,49,2,2,0,0
3,3,16,20,308.8150014172695,52,52,11,1,17,1,1
10,11,8,6,203.023914397918,10,93,1,6,8,0,0
12,13,5,25,90.29043373569566,86,36,36,4,7,0,1
12,13,0,9,78.17541846963255,59,33,37,10,14,0,1
11,11,0,7,78.19125617109528,23,62,60,9,9,1,1
18,19,16,18,170.0250982850378,36,31,26,3,18,1,1
6,7,12,28,297.5787659709697,85,98,24,10,20,1,1
18,19,19,10,163.8104051122485,18,90,49,2,7,0,0
17,17,18,21,253.5639075245616,31,44,38,8,19,0,1
2,3,21,18,61.48651042291208,44,42,59,4,17,0,1
14,15,17,5,166.8942344111424,30,28,56,5,11,1,1
7,7,1,0,161.5376577180192,36,96,48,0,11,1,1
1,1,21,7,65.40330673605604,95,18,9,1,6,1,1
8,9,11,4,225.8497116043818,72,73,26,9,4,1,1
6,7,22,18,276.83735453108505,75,58,25,5,1,1,1
6,7,17,29,280.08616721317014,45,77,19,9,10,0,1
15,15,5,13,247.14706029326635,93,48,3,4,3,0,0
13,13,9,0,186.6526495010756,72,35,58,8,1,1,1
17,17,13,6,77.88640683880328,32,84,55,0,20,0,1
10,11,22,14,153.83798236163548,22,86,39,0,17,1,1
15,15,18,3,152.53109131702138,19,5,52,2,3,0,0
18,19,5,24,60.761473406658695,0,62,51,8,11,1,1
5,5,11,8,213.55424123716696,36,68,48,10,10,0,0
14,15,10,23,335.86873266436487,19,7,62,8,3,1,1
13,13,6,7,324.43143735593947,45,35,40,5,3,1,1
6,7,22,23,246.0023882783751,89,79,21,3,11,0,1
7,7,6,5,263.8286974869959,48,41,21,7,19,0,1
16,17,22,12,317.0381202368467,24,7,15,8,19,1,1
6,7,15,9,328.22238988790906,45,59,4,10,5,0,0
19,19,13,19,231.6708268542509,89,64,16,0,11,0,1
15,15,0,27,337.96334339523133,84,5,12,0,8,0,0
16,17,11,24,137.1307024591573,62,4,23,0,12,0,1
5,5,15,27,131.97218062333593,44,18,54,5,15,1,1
2,3,18,7,299.35444320015614,5,41,26,3,12,1,1
0,0,20,11,216.1459204443001,22,81,39,4,19,1,1
10,11,12,8,311.12205742133426,10,72,2,3,8,0,0
7,7,6,20,73.52556602279464,43,23,60,7,9,1,1
9,9,9,17,102.78375684240456,54,37,65,5,10,1,1
16,17,10,19,59.34134368281532,47,74,53,7,17,0,1
18,19,8,28,52.44498613895989,50,59,27,3,20,0,1
14,15,11,27,59.9569536299733,45,44,4,5,16,1,1
17,17,10,4,306.14362647349486,30,19,27,8,15,0,1
7,7,6,14,216.61275250053424,14,37,51,4,1,0,0
2,3,0,16,348.0137625566475,70,8,2,8,11,1,1
5,5,8,20,167.02641904114864,53,54,17,4,4,0,0
4,5,17,8,153.89847563692464,21,48,63,1,8,0,0
7,7,12,17,207.6131031720358,43,68,12,7,15,1,1
16,17,16,7,248.52988259425751,24,17,38,11,5,1,1
2,3,3,29,323.0631307916512,65,77,37,7,8,1,1
3,3,19,22,159.40317550432442,95,4,46,2,18,1,1
0,0,23,19,116.5220247591972,38,49,42,11,1,0,1
9,9,13,25,84.23488925510314,1,89,46,0,6,0,1
12,13,16,4,263.0383480511977,90,72,28,11,17,0,1
15,15,15,18,104.26204066455344,76,76,56,1,9,1,1
6,7,0,27,300.7981991922794,77,5,48,2,14,0,1
16,17,23,22,340.0598237551731,69,20,3,6,18,1,1
19,19,20,22,191.38045714779884,16,49,33,0,17,0,1
17,17,21,13,236.64020044645204,82,92,44,10,1,0,0
5,5,14,28,310.8862442753875,13,65,65,9,9,0,1
5,5,2,20,316.6035834981676,88,30,44,3,15,1,1
3,3,13,25,216.21954191467924,39,65,27,3,16,0,1
15,15,9,7,161.13852843101998,43,2,17,3,8,1,1
16,17,18,26,101.8434453777124,4,51,10,2,16,0,1
13,13,18,6,135.6300299752215,10,43,18,2,19,1,1
7,7,5,15,349.5982654080181,69,28,9,7,19,1,1
19,19,19,10,56.61668609830345,91,66,60,4,6,0,1
1,1,12,15,310.48526003217387,61,63,31,1,17,1,1
13,13,10,29,296.9749749113359,78,22,18,10,9,1,1
5,5,21,4,244.75669704757755,82,5,58,6,12,1,1
11,11,2,25,71.4238659982222,7,54,60,1,7,1,1
2,3,23,0,266.5249957721664,80,77,46,4,20,1,1
14,15,6,7,100.6752286225103,83,88,5,5,3,0,1
6,7,2,16,241.036324035852,11,8,59,2,17,1,1
7,7,20,1,232.7159263344357,10,38,43,9,10,1,1
19,19,21,21,146.7650292761716,72,75,5,9,3,1,1
5,5,0,10,126.43479680541392,89,58,51,4,5,1,1
15,15,8,13,71.83687284691435,58,76,43,2,15,1,1
2,3,12,3,210.72266994255097,8,95,32,2,5,0,0
9,9,12,17,285.2544239531196,97,49,41,10,15,0,1
9,9,14,4,200.2106053260182,95,2,26,11,13,0,1
17,17,20,6,129.07915708835006,28,72,43,11,2,0,1
9,9,2,5,122.65472174259943,87,94,2,0,4,1,1
15,15,11,12,263.3674249778626,25,57,26,10,7,1,1
9,9,7,16,326.73149400638323,39,27,8,3,18,1,1
8,9,9,29,232.76979701380148,55,42,23,0,18,1,1
19,19,16,5,224.22255270620792,81,42,11,10,6,0,0
10,11,7,12,204.7903206217652,59,87,28,5,16,1,1
19,19,22,9,349.21819850193293,10,51,33,7,5,0,0
11,11,18,12,239.9544449137607,23,19,26,9,13,0,1
9,9,5,25,301.12202716217723,7,18,45,9,6,1,1
2,3,17,23,328.7540473544545,69,15,60,6,7,0,0
5,5,5,3,298.90227417777396,98,43,39,0,16,0,0
2,3,20,26,100.84944143103188,59,1,37,3,3,1,1
0,0,14,6,165.34308838974445,73,20,15,9,1,0,0
2,3,10,15,148.11535420316142,56,73,22,5,5,0,1
5,5,9,4,75.9526493615266,95,57,54,7,9,0,1
0,0,3,11,142.85789423706547,73,19,45,11,10,0,1
18,19,7,19,84.29385602263912,97,14,35,5,3,0,1
6,7,17,28,145.24485951076886,98,63,46,2,1,0,1
13,13,2,14,232.09858091131923,82,40,24,9,14,1,1
3,3,11,17,225.66163933037805,40,42,12,1,14,1,1
0,0,10,23,220.61630320716537,19,40,56,3,20,0,1
4,5,14,16,291.7297205592838,59,56,47,3,10,1,1
16,17,21,5,251.7363143308772,65,27,9,11,12,1,1
19,19,10,6,56.925267512617125,1,79,26,7,5,1,1
2,3,6,6,204.2117445932219,55,12,59,4,1,1,1
14,15,13,8,151.51625016761275,28,89,3,11,5,1,1
4,5,4,19,310.048403986355,20,99,8,11,15,1,1
18,19,5,23,52.08920533688046,99,24,14,11,2,0,1
18,19,8,24,93.63813348773256,85,0,46,5,1,0,1
3,3,6,4,303.876723663002,57,25,2,6,8,1,1
14,15,20,14,297.7681498684371,90,73,39,6,6,1,1
1,1,6,27,292.5945204222817,80,50,48,4,12,1,1
17,17,0,16,70.82840314369729,52,86,47,0,10,1,1
15,15,23,13,333.8038736268367,40,37,41,3,5,0,0
7,7,21,10,301.89035667848157,57,55,36,7,18,0,1
16,17,1,13,227.0807774810052,40,73,33,10,6,1,1
12,13,3,6,190.88980613598108,23,11,31,3,17,0,0
3,3,19,9,183.88438858766557,41,22,61,3,1,1,1
14,15,17,4,319.4197617911322,56,40,37,9,1,0,0
3,3,16,0,108.26101260094184,7,44,44,9,6,0,1
0,0,0,19,272.1853300485696,32,62,11,5,13,1,1
19,19,9,14,314.6605881806242,36,81,33,7,17,0,1
16,17,12,9,294.32671561074727,47,7,18,5,2,1,1
0,0,10,24,275.355359772905,81,71,43,2,8,1,1
18,19,23,13,240.0622257631732,12,46,7,5,11,0,0
12,13,2,18,309.12102414565487,91,75,40,2,2,0,0
17,17,17,13,122.98424548038577,69,71,21,4,5,1,1
3,3,14,15,224.53230481106303,79,55,35,5,12,1,1
2,3,2,25,67.7701845079783,71,54,3,7,10,1,1
16,17,21,18,105.3619874807682,27,30,19,0,5,1,1
16,17,15,14,168.42551880935522,29,71,53,3,1,1,1
17,17,15,5,131.58876383201746,3,14,26,4,19,1,1
17,17,14,1,306.69099323940856,89,64,59,1,10,1,0
0,0,1,18,141.48353419685827,74,41,12,9,15,0,1
17,17,13,9,132.7466665032239,30,43,13,1,13,0,1
18,19,6,27,139.64310354282827,4,43,30,10,6,0,1
4,5,22,4,203.00471593736884,4,57,37,3,8,0,0
9,9,9,12,81.00557251888948,67,8,61,4,17,0,1
6,7,18,10,338.138199266481,27,69,48,11,18,0,1
9,9,13,11,181.94742059776175,6,39,18,5,2,1,1
17,17,15,5,285.8566075854562,98,39,1,8,16,1,1
5,5,20,1,242.5110718559432,24,15,9,10,4,0,0
13,13,17,7,69.9707873360726,13,27,7,3,11,1,1
16,17,3,27,113.192619916848,51,97,29,0,11,1,1
18,19,18,22,207.95047385467385,87,90,56,1,8,1,1
17,17,10,17,222.92650244854087,66,90,57,8,5,0,0
9,9,21,6,221.6841856627315,44,43,40,11,6,1,1
15,15,14,29,200.1540435337445,35,9,46,4,19,0,1
3,3,1,24,269.88195291908005,12,11,48,5,9,0,0
0,0,8,7,347.95267249301924,8,7,48,9,1,1,1
11,11,20,5,325.46378644587816,19,91,52,9,11,0,1
13,13,23,15,208.24757440334457,93,13,26,3,16,0,0
9,9,23,29,239.06152534640103,16,29,54,4,17,0,1
1,1,14,7,214.61124887817925,87,80,62,5,10,1,1
18,19,11,11,255.5032767504526,47,78,54,6,4,1,1
10,11,11,14,162.104670161957,87,16,49,2,19,1,1
9,9,23,27,113.726031955414,89,97,58,11,14,0,1
2,3,15,4,222.28481113582853,24,96,34,8,17,0,1
2,3,22,29,270.8820534578562,61,83,59,2,4,0,0
14,15,10,19,307.56576128378424,17,18,3,2,20,1,1
4,5,6,11,230.70795176879813,68,93,51,4,10,1,1
0,0,2,11,305.4637210920437,77,63,42,0,1,0,0
0,0,22,16,276.58024552911667,71,85,9,9,12,1,1
1,1,10,14,64.55005265126884,65,97,58,10,16,1,1
0,0,19,23,328.14005444980955,33,69,16,5,10,1,1
18,19,15,0,57.05265923135051,2,89,12,11,9,0,1
0,0,14,24,69.89348342441872,25,53,65,10,19,0,1
6,7,20,24,94.3698704401897,48,17,10,10,9,1,1
4,5,8,27,185.1350170593308,88,10,48,5,14,0,1
4,5,3,17,126.70036514352296,63,93,56,2,17,1,1
5,5,16,9,109.41316294523232,80,61,33,11,1,1,1
15,15,4,8,321.87611905113,98,82,65,11,1,1,1
4,5,5,28,77.09572502503482,40,47,5,1,7,0,1
6,7,13,23,101.37993452812997,3,41,15,2,7,0,1
3,3,19,0,78.93908831110836,1,29,27,1,19,0,1
15,15,14,6,349.6966408721365,27,69,2,1,6,0,0
16,17,20,16,207.176948221451,27,3,59,1,7,1,1
12,13,22,28,145.37793956738332,2,84,18,4,18,0,1
14,15,17,23,308.8193557340877,5,63,49,11,3,0,1
17,17,14,21,111.22332483475785,23,15,41,9,20,0,1
19,19,3,13,173.01063175312652,49,84,10,5,4,0,0
15,15,6,24,184.2543500945156,33,64,23,4,17,0,1
16,17,21,27,347.90527992012505,11,68,52,1,10,1,1
14,15,15,14,170.21275357413788,69,71,45,1,15,0,0
1,1,0,18,89.24618206910951,87,38,29,11,2,1,1
13,13,16,5,283.4900860928824,81,97,45,5,15,0,0
13,13,8,3,164.47214695107456,89,28,8,11,4,0,0
19,19,16,22,311.646086984007,16,3,13,10,9,1,1
3,3,6,13,225.6051681702469,34,10,24,9,15,0,1
19,19,14,9,302.3629506266716,56,60,56,3,13,0,0
13,13,17,1,230.639116228098,73,59,4,10,19,1,1
7,7,0,24,212.77894157057656,87,8,21,0,4,1,1
0,0,11,29,323.3196065806265,46,97,55,9,2,0,1
11,11,2,16,244.8216227597348,85,20,18,4,18,0,1
7,7,2,4,320.03626787315716,68,51,3,10,1,0,0
12,13,12,8,336.88357409541635,10,18,63,10,13,0,1
11,11,6,26,280.1719902346475,31,69,41,0,5,0,0
6,7,10,17,197.21381963351143,33,17,28,1,9,1,1
16,17,14,26,76.03152215194126,90,96,38,0,19,1,1
14,15,13,21,271.6066920483688,79,32,30,9,17,1,1
14,15,11,16,228.74058651204,11,8,8,3,10,0,0
7,7,22,17,316.90924302206855,44,92,22,2,9,0,0
1,1,14,1,148.8482957545858,95,97,16,0,1,0,1
11,11,7,14,144.97551653325846,40,59,57,1,9,1,1
4,5,11,25,91.18340892224678,46,24,49,1,13,0,1
5,5,16,2,102.1083667620143,28,5,18,3,19,1,1
9,9,8,9,151.6435361044897,6,50,54,5,5,1,1
16,17,1,0,226.88877597295536,34,95,8,10,19,1,1
9,9,12,6,286.08540704946324,91,96,45,2,2,0,0
2,3,20,16,299.70519467000423,28,51,36,4,11,0,1
9,9,2,24,54.58293714814853,88,80,63,4,12,0,1
19,19,4,22,187.45622807597715,50,57,17,4,16,0,1
4,5,10,25,113.8671259949169,40,60,60,5,1,1,1
19,19,1,2,273.98553731331384,24,35,62,6,9,0,0
1,1,14,12,101.74056733426464,48,34,48,4,1,0,1
10,11,2,13,94.42917940368709,85,62,55,3,19,0,1
2,3,11,0,289.72734411902053,10,1,49,7,1,1,1
16,17,19,28,259.1190312309649,52,6,26,0,10,0,0
3,3,8,28,210.37388133641917,58,73,54,10,4,0,1
16,17,16,12,167.2175113419653,95,35,6,10,6,1,1
8,9,9,13,226.28685066743444,66,99,64,3,18,1,1
6,7,3,23,185.40376102208987,51,66,43,0,5,0,0
14,15,13,26,227.62755426243737,97,4,22,8,17,0,1
13,13,15,29,150.0156171471323,20,38,16,10,14,1,1
13,13,8,16,81.23642751969717,30,64,14,6,8,1,1
4,5,21,28,338.42516436341623,40,56,47,4,15,1,1
1,1,22,7,279.63797196449633,13,32,24,0,17,0,0
16,17,4,4,342.7548067065481,89,62,18,4,8,0,0
11,11,7,4,319.33479858983645,34,78,46,1,3,1,0
6,7,8,19,174.79379866518212,9,24,27,5,18,1,1
3,3,5,19,113.59162590862806,43,64,30,1,7,0,1
2,3,0,8,158.52411067373805,31,26,11,4,11,1,1
2,3,22,12,176.99366329881389,90,8,28,3,14,0,0
5,5,16,4,213.11576696046913,67,61,64,11,12,0,1
13,13,21,4,115.35659038994012,38,44,30,0,15,1,1
16,17,22,5,245.86698913749913,73,13,6,6,6,1,1
2,3,4,7,256.41917460749795,14,61,20,8,8,1,1
3,3,10,27,249.63948808446543,1,65,29,10,14,1,1
1,1,10,18,226.6432729538442,59,98,64,6,3,1,1
15,15,6,25,145.89145827549822,28,74,40,11,12,1,1
2,3,23,26,217.0750159595382,24,57,60,4,15,0,1
3,3,22,29,142.03147953662253,77,58,32,7,10,1,1
0,0,14,2,246.5487369825391,43,64,24,7,2,0,0
15,15,9,17,73.80877152028413,95,8,54,0,14,1,1
1,1,4,21,309.0394477433892,35,13,62,5,4,0,0
13,13,1,26,211.0974573202612,30,74,35,1,9,0,0
9,9,14,5,229.13254960333845,79,44,9,4,7,0,0
7,7,22,4,240.82482077559047,48,67,2,6,17,0,1
19,19,8,24,183.751675119583,4,58,62,2,17,1,1
4,5,19,15,208.59034761997304,62,31,28,4,10,0,0
0,0,6,8,265.44894297320576,98,89,23,6,15,1,1
13,13,15,1,346.54819725052073,84,2,12,0,20,0,0
11,11,20,0,96.86586656236751,8,77,2,9,20,0,1
16,17,1,20,208.56728201847775,79,54,32,9,19,1,1
17,17,21,7,60.104471991256794,69,46,24,6,13,0,1
2,3,11,4,91.5524232511037,79,26,54,0,17,0,1
15,15,14,21,210.89871880555373,55,7,28,0,13,1,1
9,9,8,29,306.3695664382811,68,87,28,5,11,1,1
19,19,23,7,343.29773159785975,66,47,9,2,2,1,1
14,15,13,18,143.9025924406263,3,9,37,8,4,1,1
3,3,22,25,185.8744956724924,66,73,56,11,15,0,1
2,3,5,0,276.20514501257674,19,98,27,1,8,0,0
4,5,22,22,83.0654376943788,77,51,35,2,14,1,1
13,13,6,22,215.79609382051868,49,89,37,3,2,1,1
9,9,8,20,215.91040850914356,7,30,22,4,15,1,1
2,3,8,6,267.72755508600727,51,56,1,8,18,0,1
19,19,8,4,327.15188552259264,77,80,18,11,11,0,1
8,9,20,2,124.8462993956857,74,16,39,7,18,1,1
1,1,0,18,75.23811382011527,63,46,1,7,1,0,1
3,3,0,8,243.5084851432045,73,99,59,11,8,0,0
8,9,20,0,172.61229941933863,15,99,21,8,17,0,1
5,5,19,21,286.4550684046226,90,8,48,11,14,1,1
19,19,20,16,333.3117607555671,55,49,53,2,16,0,1
1,1,16,3,301.1100885124581,1,12,5,3,18,0,0
17,17,9,17,114.02603960316316,38,94,61,9,3,0,1
8,9,0,19,230.89441059965313,77,52,44,6,17,1,1
6,7,19,2,151.64277122221907,63,2,55,1,5,1,0
7,7,8,4,110.3121204553064,41,65,60,8,10,0,1
4,5,5,12,247.53760426753715,0,16,50,7,15,0,1
17,17,4,12,298.3172514774459,68,40,7,5,12,0,0
5,5,1,8,52.51734525558193,32,56,6,3,15,0,1
3,3,5,25,79.5829030741655,92,20,57,9,17,1,1
6,7,15,0,212.07650485860984,34,84,42,11,15,0,1
5,5,3,7,79.81154186483023,47,69,46,4,7,0,1
2,3,17,21,279.5665011284585,74,81,42,0,3,1,1
12,13,3,9,339.09949248023173,89,45,47,8,13,1,1
7,7,6,17,119.14991441534542,13,42,43,9,5,1,1
17,17,3,12,112.39178755971707,48,28,6,10,20,1,1
6,7,19,19,205.35712998928193,97,76,22,7,16,1,1
9,9,5,9,304.62484786033434,34,59,13,11,16,1,1
10,11,8,19,115.6800060354539,1,81,32,7,3,1,1
3,3,23,15,163.45301960614842,23,45,54,3,13,1,1
6,7,15,11,209.0908935425944,39,63,46,5,11,1,1
9,9,22,0,95.07144229789029,10,69,30,1,20,0,1
3,3,18,21,272.04545940176956,65,21,31,5,19,1,1
18,19,7,9,216.4412843661547,47,37,11,2,4,0,0
0,0,6,23,322.2867107472442,21,5,37,3,18,1,1
16,17,17,24,250.23730986191052,48,94,45,1,19,0,1
2,3,21,16,242.1491270576845,13,37,48,4,4,0,0
8,9,7,26,222.17504359542576,59,11,25,6,3,1,1
8,9,20,5,113.35534395546676,37,5,59,0,6,1,1
19,19,22,9,57.60821456905497,57,65,6,7,20,0,1
12,13,19,4,131.51077385019548,63,49,44,11,9,0,1
15,15,19,10,302.8955942447567,21,85,35,9,13,0,1
18,19,23,15,209.683795254478,18,24,32,0,1,1,1
12,13,0,7,154.302870544328,65,27,12,0,5,0,0
19,19,9,5,122.0733252311644,54,27,51,0,14,1,1
16,17,21,20,342.09145200551694,1,25,27,7,2,0,0
9,9,13,12,346.0336557358108,77,9,56,6,17,0,1
9,9,5,17,346.4306535719039,4,76,28,10,6,1,1
4,5,2,16,278.5760614131056,18,87,53,10,1,0,0
16,17,19,8,299.0580614248522,60,18,33,3,20,1,1
17,17,0,21,298.93753382510783,20,25,1,10,1,1,1
2,3,21,13,126.18473313781502,70,46,47,6,14,1,1
5,5,7,10,281.42636464084933,98,23,29,7,10,1,1
17,17,6,22,69.5981102740711,57,63,17,0,15,0,1
11,11,23,10,244.46062766642467,85,38,51,6,9,1,1
16,17,18,21,128.10576482485712,91,49,25,7,2,1,1
18,19,6,27,89.00544861931223,25,45,10,8,4,0,1
1,1,9,2,131.8566999164544,40,2,25,3,10,0,1
1,1,5,27,171.67644900384892,20,29,4,8,9,1,1
14,15,1,2,265.84434426798595,57,83,53,2,6,1,0
15,15,1,11,53.92969596929316,39,50,60,1,18,0,1
2,3,23,0,248.39503628892783,76,77,8,4,18,1,1
14,15,8,22,327.64172369342134,9,45,22,8,11,1,1
12,13,16,12,284.40115698663305,26,61,30,0,12,0,0
18,19,3,27,231.5064059843383,63,97,39,8,5,0,1
17,17,20,27,176.29782572773638,57,77,16,9,8,0,1
13,13,7,27,83.27409420749386,89,25,10,8,4,0,1
19,19,1,29,322.9147568382511,44,77,50,7,16,1,1
5,5,2,9,282.28185237397014,42,83,40,0,2,0,0
8,9,17,8,239.86203490522652,79,9,36,3,3,1,1
2,3,11,5,111.0919591012372,41,17,25,7,6,0,1
9,9,20,26,340.13741736568153,36,46,34,1,16,0,1
18,19,8,6,197.8295521190632,21,89,47,9,12,1,1
8,9,20,12,239.67354650686352,9,77,1,9,6,1,1
6,7,5,6,312.48997254507566,8,56,20,10,20,0,1
16,17,17,13,52.832561965043865,93,93,4,10,8,1,1
10,11,18,14,190.0751923156156,92,50,27,3,8,0,0
11,11,17,25,117.70961341549602,72,96,43,4,10,1,1
14,15,11,25,139.29838899689088,88,50,35,6,8,1,1
5,5,22,13,233.69559582343535,85,22,3,5,2,0,0
2,3,3,24,293.13954624223715,78,71,65,10,13,0,1
2,3,18,17,170.47702839388367,8,90,46,3,13,1,1
17,17,21,27,246.31510630346065,29,15,37,4,11,0,1
4,5,9,3,131.4755388892192,62,16,39,4,7,1,1
11,11,1,24,316.64097130261433,63,91,27,1,7,0,0
15,15,20,9,349.23781718084024,77,19,53,7,19,0,1
12,13,14,2,174.96882802997484,17,72,1,7,1,1,1
11,11,12,29,142.38399694429205,51,60,42,1,15,1,1
11,11,19,21,84.5382519185995,46,68,15,11,7,1,1
9,9,16,15,52.40565706035486,94,62,43,9,18,1,1
8,9,8,4,172.1435279366412,7,34,15,10,17,1,1
14,15,15,3,153.26957735788216,11,41,62,2,2,1,0
12,13,0,14,189.69611765037143,95,96,12,6,4,0,0
17,17,4,20,330.4401213241473,94,96,35,10,2,1,1
12,13,2,17,294.5676619943369,83,42,57,5,5,0,0
19,19,1,0,99.95984808769792,44,27,4,6,5,0,1
0,0,6,3,95.80547843304736,17,51,13,9,11,1,1
10,11,5,9,78.83092598831269,27,38,56,7,18,1,1
6,7,13,2,177.89409796272142,7,92,41,3,11,0,1
18,19,3,20,317.05097758138464,5,46,22,4,15,0,1
2,3,15,28,217.6191058729096,73,60,3,5,6,1,1
18,19,23,14,313.27212164967494,63,60,30,0,20,0,0
16,17,18,5,263.4782769271184,92,93,37,6,13,1,1
4,5,17,4,258.4930413111439,12,74,63,9,4,0,0
16,17,10,29,147.5951824935789,17,9,50,4,11,0,1
3,3,18,16,96.06160725081769,21,58,21,11,19,0,1
13,13,15,22,108.33678169954368,15,85,51,0,2,1,1
6,7,2,10,288.58083358222717,70,18,56,10,12,0,1
19,19,16,29,222.8361203461509,47,13,10,0,16,0,1
19,19,4,3,298.24276623028294,64,82,37,8,1,1,1
17,17,12,29,304.0325120553553,34,35,29,7,14,0,1
8,9,17,3,288.74455674662937,10,2,65,2,16,0,0
4,5,4,7,239.54858666445887,30,69,34,11,11,1,1
14,15,5,1,100.48536881266874,55,94,52,4,15,0,1
2,3,6,13,99.63098078735642,8,96,57,10,5,0,1
17,17,14,29,260.88623151134186,70,19,37,10,8,0,1
2,3,20,8,274.7830263935108,78,75,60,9,10,1,1
4,5,8,7,139.30172463087928,78,87,60,8,8,1,1
15,15,20,22,293.568401431811,50,69,20,9,12,0,1
0,0,2,19,342.54702778886946,92,74,12,7,6,0,0
14,15,10,5,98.72849824460933,62,49,40,5,3,1,1
14,15,0,23,156.5981804032131,30,96,23,3,1,1,1
7,7,1,26,103.2015099987961,22,42,58,1,3,0,1
16,17,3,5,214.11119730980909,89,95,41,8,7,1,1
18,19,22,15,185.2233376394389,99,66,5,3,10,1,1
15,15,23,19,201.51177076848913,54,51,33,0,3,1,1
17,17,15,29,92.48417753138604,61,28,13,11,11,0,1
9,9,3,2,348.23143157143437,42,47,65,2,17,1,1
1,1,7,20,205.15347623025133,33,4,62,9,18,1,1
5,5,19,2,229.5791424669289,48,98,42,11,20,1,1
11,11,23,16,179.04110524301262,65,31,64,10,13,0,1
9,9,6,4,255.827355172418,63,22,17,3,18,1,1
9,9,16,0,179.28811185317548,54,56,34,10,13,0,1
19,19,7,26,274.97463043107376,97,71,56,11,13,1,1
16,17,17,21,68.29647294304372,94,78,47,0,17,0,1
4,5,12,7,135.38493412170146,20,82,53,5,2,0,1
16,17,9,7,319.80122360108237,28,86,7,4,6,0,0
15,15,0,24,275.924199991255,62,41,20,3,16,1,1
5,5,6,6,170.28701686070232,74,72,25,0,1,1,1
14,15,13,17,87.77447953335532,56,33,22,7,4,0,1
3,3,8,21,226.6852593007017,22,82,18,3,4,0,0
4,5,6,4,204.2402046012112,63,20,16,11,6,1,1
10,11,13,11,64.94352331581067,15,59,7,4,15,0,1
0,0,16,22,189.60033871129943,23,55,30,6,17,0,1
17,17,12,13,125.90985053599286,28,97,22,9,11,0,1
13,13,12,15,316.9304535373139,92,21,32,11,20,0,1
12,13,10,23,214.60639291234588,80,90,13,4,20,1,1
15,15,15,26,150.11670535447237,89,88,25,0,7,0,0
2,3,6,13,98.9138725710944,14,17,46,7,14,0,1
19,19,7,2,205.0057317983753,95,26,61,1,16,0,0
4,5,12,2,66.17037836989171,14,1,28,6,16,1,1
3,3,14,0,266.60819365107994,69,30,5,1,6,1,0
13,13,20,22,164.8729973823885,17,10,53,6,17,1,1
18,19,2,20,104.85740450537511,73,13,3,11,9,1,1
1,1,4,28,334.0877275326153,16,46,4,0,8,0,0
19,19,20,15,172.37910125642594,44,86,62,0,18,0,0
6,7,16,27,144.91068574862788,56,8,59,8,8,0,1
16,17,2,17,324.77231701112254,13,79,21,11,20,0,1
6,7,0,23,104.24032972430592,34,99,65,7,20,0,1
4,5,20,28,227.82145915231536,25,32,60,7,7,0,1
16,17,0,16,197.34295578399005,87,1,45,3,19,1,1
4,5,0,11,175.2217436299406,25,20,52,2,3,1,1
19,19,12,21,141.110967918855,24,60,38,6,20,1,1
2,3,12,24,301.14081308440564,52,33,20,9,2,1,1
3,3,17,16,267.2006290162603,4,9,14,0,4,1,1
5,5,17,8,169.34835586088434,8,12,44,8,14,1,1
10,11,19,12,275.80360622869165,3,37,42,11,19,1,1
15,15,18,11,182.80295328290592,73,36,29,10,11,1,1
1,1,20,28,297.88725155471394,87,76,50,0,13,1,1
15,15,10,17,221.01561428597665,87,40,2,2,15,1,1
19,19,16,26,275.29309079597476,29,77,59,2,4,0,0
15,15,8,18,178.91219998453576,17,70,43,7,10,1,1
19,19,10,25,177.2732584138352,80,75,20,2,18,1,1
7,7,22,12,302.6778098505682,50,71,49,7,14,1,1
15,15,7,2,343.4791116707133,31,64,17,10,8,1,1
14,15,19,15,218.20188278333137,44,29,56,3,17,1,1
16,17,19,15,120.84565539935758,56,98,18,1,6,0,1
0,0,2,23,229.01502887859132,94,18,40,2,16,1,1
3,3,7,15,277.3789945757596,27,62,60,4,18,0,0
13,13,17,15,250.95876384232716,24,92,2,5,16,0,0
14,15,12,26,110.20137893093737,55,18,18,6,10,1,1
5,5,18,5,67.90141028597127,42,94,45,1,12,1,1
17,17,0,18,111.6549068839938,88,76,50,11,18,0,1
13,13,18,1,57.7811909903348,37,11,54,7,1,1,1
8,9,22,14,229.7386985087277,36,33,41,9,9,1,1
0,0,3,27,311.3264391765432,69,99,36,11,19,1,1
12,13,4,20,147.3201131397575,4,95,46,0,4,0,1
0,0,11,5,256.8818133210201,90,37,5,3,19,1,1
18,19,19,17,243.4386745342547,2,33,19,6,5,0,0
0,0,17,29,257.4845632178529,67,72,62,7,2,1,1
5,5,10,7,229.27323983698807,21,42,4,2,13,0,0
2,3,16,12,233.41119456487303,59,4,50,7,18,0,1
18,19,19,20,316.0282411030226,36,14,38,11,7,1,1
13,13,2,19,53.043516819857594,70,3,19,7,8,0,1
11,11,20,9,218.49040642358756,29,9,51,5,3,0,0
6,7,15,29,236.49726481179405,17,92,49,6,15,0,1
1,1,22,13,320.51527126470614,19,62,44,3,8,0,0
10,11,3,22,320.9319387402265,54,51,61,9,11,1,1
10,11,4,9,100.80902029496826,95,10,10,3,1,0,1
19,19,6,6,62.66525737916269,53,1,43,10,9,1,1
6,7,15,7,195.06991701549745,82,28,29,6,12,0,1
6,7,14,28,340.2055326600133,47,46,56,11,4,0,1
12,13,9,27,226.4126567172557,98,44,65,0,19,0,1
7,7,21,11,86.14474848146759,47,14,38,10,20,1,1
12,13,13,14,217.2583837583478,9,10,41,10,5,1,1
7,7,7,16,223.4659794691788,64,61,7,7,17,1,1
3,3,19,25,343.2933344986282,48,77,56,4,13,0,1
16,17,5,11,341.1369914655318,99,78,58,6,5,0,0
0,0,6,25,178.4768533397162,27,83,22,4,10,1,1
18,19,1,25,79.35655974933043,78,65,24,4,15,1,1
3,3,9,24,187.31564551843744,13,8,44,4,13,1,1
8,9,22,27,77.02320743230358,31,95,21,4,7,1,1
5,5,23,13,80.97168414363996,19,0,47,3,4,0,1
18,19,4,10,82.69110559807498,57,70,23,4,14,1,1
17,17,6,24,231.92496437328884,9,89,20,2,9,1,1
11,11,6,16,172.63642108517445,79,18,47,10,8,1,1
12,13,22,3,176.67111333854962,80,85,9,1,19,1,1
6,7,8,1,152.08142158160965,97,7,50,5,10,1,0
15,15,15,11,52.514894141129155,23,2,21,2,1,0,1
16,17,8,25,316.0635384844715,73,49,65,4,9,1,1
4,5,3,6,156.78586737326688,14,33,41,5,2,0,0
5,5,4,4,256.2034781166273,63,7,24,9,19,0,1
4,5,8,17,100.79782630800652,78,81,19,7,4,1,1
0,0,6,4,199.6713452395843,11,18,11,0,13,0,0
13,13,0,4,299.9460456791994,95,69,41,1,15,1,1
7,7,19,20,183.8076294442573,48,34,13,5,6,1,1
15,15,12,0,303.72148371061525,50,42,35,10,2,1,1
18,19,20,4,139.19988733682052,11,14,8,1,4,0,1
4,5,7,29,285.2067136809514,22,18,30,10,9,1,1
5,5,19,27,347.68074363387535,60,69,19,7,1,1,1
11,11,16,24,329.6710664639648,91,34,38,6,14,1,1
5,5,19,27,265.2269243365923,3,15,28,4,12,0,1
10,11,1,6,231.7970965430465,18,73,47,11,6,1,1
14,15,10,0,203.91834089022095,71,18,47,1,15,1,1
14,15,14,28,309.6295457847848,84,73,65,9,10,0,1
12,13,18,18,174.9184311513409,10,27,5,7,14,1,1
5,5,12,17,59.120056407621966,83,41,34,9,19,0,1
7,7,13,12,82.71125426085467,66,27,52,6,17,0,1
9,9,21,21,346.0508516412017,40,95,5,9,8,1,1
14,15,13,21,51.03318757716448,88,57,6,2,17,0,1
10,11,8,14,266.6324132241147,33,81,51,5,20,0,0
10,11,11,23,239.2774418305381,26,5,11,0,19,1,1
7,7,5,13,317.97648565533717,54,41,14,10,7,1,1
1,1,16,23,334.2231259836879,23,13,3,2,20,0,1
3,3,0,5,326.7453499274422,54,87,29,10,8,0,0
3,3,18,23,320.52323135580394,73,98,49,1,18,0,1
3,3,3,2,246.49722769874296,67,27,53,8,3,1,1
7,7,13,6,217.5609454650096,12,39,6,3,7,0,0
3,3,12,7,338.18095705303125,87,13,19,10,10,1,1
9,9,23,14,158.82017907642853,58,23,4,9,18,0,1
17,17,17,2,326.2841768723538,63,72,2,5,7,0,0
14,15,16,8,248.87285489598656,22,73,33,0,12,1,1
12,13,21,4,155.86457432311786,70,11,9,1,1,1,0
18,19,17,28,121.55813729377874,28,50,25,11,11,0,1
7,7,9,23,52.08056151426202,37,29,46,0,9,1,1
0,0,16,29,242.9083759002364,54,1,7,3,18,0,1
3,3,7,19,290.57857365293603,24,29,15,9,19,1,1
3,3,13,29,308.6474742258323,78,36,21,6,2,0,1
15,15,20,13,305.34587767778817,14,73,59,2,8,1,1
6,7,8,25,283.1606756322305,47,34,64,5,9,0,0
16,17,0,22,102.09189674347344,52,38,38,8,4,0,1
12,13,0,29,277.3696626701632,70,50,9,6,2,0,1
16,17,23,17,218.23281273141268,76,93,63,2,19,0,1
18,19,13,10,163.07735916342077,64,31,38,7,20,0,1
0,0,2,8,126.54996734132,50,26,46,10,10,1,1
10,11,12,13,76.73825989102384,30,29,28,3,8,1,1
14,15,8,22,74.54331265075879,73,19,40,5,1,1,1
19,19,13,10,339.3092167751958,11,40,17,9,16,0,1
3,3,10,24,192.3741236929868,40,20,61,0,10,0,0
1,1,22,3,107.69958244022962,21,88,53,3,8,1,1
10,11,18,3,199.2498581212,15,1,30,6,4,1,1
13,13,0,7,272.1456912418075,30,19,32,11,17,0,1
13,13,10,5,102.10411253228445,51,60,9,4,9,0,1
11,11,19,8,63.34108443520393,38,1,62,2,1,0,1
18,19,6,17,158.91911404756812,48,57,10,3,9,1,1
18,19,21,13,308.8859772949079,65,81,32,11,3,0,0
5,5,2,4,100.08164959348105,55,5,32,0,5,1,1
10,11,5,19,349.27314993066176,0,16,47,10,12,1,1
19,19,9,16,289.23839801818724,28,30,21,1,1,1,1
10,11,18,18,88.67505950809333,97,25,39,3,20,0,1
12,13,2,27,130.61844191078774,65,14,6,5,19,1,1
12,13,2,15,349.5302886118255,97,39,8,7,12,1,1
10,11,18,18,163.6162429872018,1,3,25,6,6,0,0
4,5,3,2,286.30245095051055,17,17,64,10,5,1,1
9,9,14,18,207.92767968294223,89,71,27,2,4,0,0
13,13,17,29,200.87350603255987,19,17,40,1,13,0,1
11,11,0,2,334.8717716864112,0,40,59,9,14,1,1
3,3,17,3,249.62292234321473,6,44,17,9,16,1,1
11,11,9,25,241.80433461219943,14,60,7,1,14,0,1
18,19,3,29,145.90991755647616,41,46,16,1,15,1,1
15,15,1,9,134.88806160610864,22,10,34,10,6,0,1
19,19,7,27,296.30470782449237,98,23,23,8,12,0,1
1,1,9,17,309.7124428416569,64,53,28,6,12,0,1
18,19,22,5,116.32956265703643,61,28,30,0,3,0,1
13,13,8,18,79.82028056281875,23,92,10,0,8,0,1
13,13,13,8,201.40134600032076,53,93,35,4,8,1,1
2,3,22,15,271.5898207366112,77,87,46,3,14,0,0
6,7,12,29,162.82803264251137,94,54,54,10,16,0,1
10,11,21,18,303.94638829918233,42,33,49,3,6,1,1
10,11,10,22,130.9553571310003,23,56,21,1,4,1,1
10,11,5,2,113.93474807033336,98,27,50,1,3,0,1
10,11,20,28,290.8342773750519,3,68,49,4,11,0,1
0,0,0,27,206.23809948266305,3,54,64,4,13,1,1
9,9,0,18,110.6373291345202,92,69,13,2,1,1,1
1,1,22,1,212.53414058780345,39,72,6,4,8,0,0
3,3,17,3,291.4082248850236,58,30,52,8,10,0,0
16,17,22,16,149.9083807383794,38,65,22,10,17,1,1
19,19,10,28,142.69077088573047,20,19,48,6,14,1,1
19,19,8,1,156.07734845561242,71,80,49,3,15,1,1
10,11,9,10,58.31796478496661,30,26,36,8,16,1,1
17,17,19,9,69.20653208014677,62,32,47,4,11,0,1
12,13,12,28,206.3823202264059,75,4,37,11,14,1,1
5,5,4,0,284.3554562103581,46,93,44,2,4,0,0
10,11,14,24,83.11954302515039,3,71,29,2,3,1,1
6,7,5,24,183.1817889086239,60,39,19,7,13,1,1
16,17,23,12,126.15320074424476,94,99,35,7,17,1,1
4,5,23,5,55.61259448589664,94,19,52,6,9,1,1
14,15,10,25,143.24081046742592,65,53,35,10,2,1,1
19,19,5,4,53.364462375297606,99,80,55,2,15,0,1
14,15,16,12,128.98075930839846,96,65,4,0,1,0,1
19,19,3,1,169.15904784954566,64,63,44,0,3,1,0
13,13,19,12,169.48531129987904,17,94,30,5,20,0,0
19,19,5,14,60.11311716880107,58,31,3,4,3,1,1
13,13,22,23,209.33436142556943,17,12,46,11,10,1,1
6,7,0,0,142.17250042276933,3,21,63,6,2,0,1
4,5,8,6,326.4869009150521,85,12,16,5,16,1,1
19,19,18,7,204.83073514489357,26,67,3,6,19,1,1
13,13,0,26,94.69896244370986,86,20,15,10,18,0,1
17,17,14,24,144.6994150100696,65,41,18,9,4,0,1
11,11,14,25,61.97046775298569,56,28,14,2,5,1,1
12,13,3,1,126.2542622645015,81,45,44,6,12,0,1
17,17,5,0,257.67818215006935,58,13,30,5,20,1,1
16,17,16,20,277.5899189754039,89,92,30,4,15,0,1
0,0,2,0,302.09425818861246,14,84,51,8,15,1,1
7,7,1,17,268.2460290181287,50,66,63,0,12,1,1
4,5,21,4,126.58306688640944,32,40,64,10,3,0,1
2,3,10,16,139.77157225665854,42,17,13,3,11,1,1
1,1,6,12,329.3036860547469,66,21,29,3,18,0,0
4,5,22,13,283.4419512184555,27,95,35,6,14,0,1
7,7,20,0,135.70933528975937,85,24,14,9,19,1,1
2,3,11,21,128.2393188196633,99,63,29,11,9,0,1
10,11,6,5,64.54919183676726,36,28,49,8,2,1,1
7,7,6,9,241.00119856567244,42,70,65,6,15,0,1
16,17,21,8,190.35437571188783,54,28,25,2,19,1,1
13,13,20,8,103.12934048965204,21,36,61,6,3,0,1
6,7,4,14,242.3412776965339,53,94,33,0,6,0,0
16,17,5,1,176.56127477803588,39,21,7,11,6,0,0
12,13,15,14,189.98675707883623,69,93,7,1,17,0,0
2,3,16,28,105.63704331589848,50,63,14,0,20,1,1
4,5,14,7,178.75652223046748,60,47,51,11,12,0,1
5,5,13,22,226.2119871047438,4,53,22,7,2,1,1
3,3,11,16,348.3733598124158,31,19,40,10,13,0,1
0,0,0,22,134.92594025939587,8,50,52,5,14,0,1
19,19,20,19,161.107295599021,17,58,45,11,7,1,1
0,0,2,0,129.87224885667914,39,49,31,10,4,1,1
9,9,3,21,266.6100112453931,10,15,39,5,18,1,1
15,15,8,25,76.60814270603124,60,68,47,6,7,1,1
5,5,20,25,114.29386489257912,18,63,32,3,14,1,1
7,7,10,19,285.273149474209,71,46,25,1,6,1,1
5,5,13,0,54.402423352087546,2,87,25,5,3,0,1
18,19,7,25,105.18283893408444,94,41,29,2,9,0,1
6,7,13,25,117.49634464914672,7,41,8,0,12,0,1
18,19,3,4,299.74334521727627,20,50,6,4,7,0,0
16,17,0,24,203.46053546757153,23,86,54,11,6,0,0
1,1,14,26,289.33223255895734,18,66,5,2,20,0,1
9,9,22,3,133.74654459902376,6,85,65,3,19,0,1
6,7,12,27,175.15026653430343,15,21,37,5,8,1,1
19,19,21,24,346.35490811396477,55,81,34,9,9,0,0
19,19,22,10,57.2506622700498,52,20,60,8,17,0,1
16,17,5,2,251.6018862632461,55,63,9,8,5,1,1
4,5,21,14,325.10516972682865,66,45,50,0,5,0,0
15,15,21,10,128.3975639994073,27,1,58,8,16,1,1
8,9,7,6,99.49968475887114,72,99,28,10,2,1,1
4,5,0,17,221.42541661595703,51,90,27,6,17,0,1
15,15,8,11,147.73380237912983,62,84,7,5,4,0,1
19,19,15,10,109.64061112372627,69,25,41,7,7,1,1
11,11,13,19,206.44344410734627,35,90,4,6,18,0,1
14,15,22,9,264.81070801706994,13,27,14,6,19,0,1
16,17,8,3,276.63048329623456,10,5,10,1,20,0,0
10,11,17,15,269.4083398184586,7,53,24,5,2,1,1
14,15,23,4,302.03749736496883,63,69,27,6,3,1,1
10,11,16,28,258.1982824281457,96,27,65,6,7,1,1
9,9,12,19,272.861398925046,53,83,19,8,19,1,1
9,9,19,29,261.27543345387477,31,56,23,7,8,0,1
6,7,22,19,342.82556279864036,25,46,31,5,13,1,1
15,15,11,8,64.15617319286456,78,12,58,3,5,0,1
10,11,19,26,284.4930477668229,42,36,19,10,6,0,1
8,9,16,16,139.71975261432925,3,54,43,5,16,0,1
11,11,16,16,193.99973415378017,49,77,30,9,13,0,1
4,5,2,28,95.89456558528518,56,81,54,7,14,0,1
19,19,1,1,300.91142062007543,27,19,58,9,18,0,1
0,0,22,27,79.99255868052222,3,35,47,9,4,1,1
10,11,11,9,77.9307153914565,55,33,32,1,13,0,1
16,17,3,23,172.57527806746327,16,32,19,11,6,0,0
5,5,23,1,142.34783331636828,82,48,26,10,9,1,1
18,19,16,16,187.88424956288029,17,4,50,3,15,0,1
19,19,0,2,226.520401991251,76,31,22,4,5,0,0
6,7,15,29,253.33848702013296,36,11,3,0,3,1,1
1,1,0,26,200.87712101076156,80,8,47,5,1,1,1
12,13,15,7,317.9334457685568,28,31,25,11,16,1,1
4,5,23,27,188.06716451591907,56,68,63,4,18,0,1
8,9,9,16,181.5304791062819,7,89,24,9,14,0,1
11,11,5,3,106.47993306811014,76,60,27,1,13,0,1
18,19,0,26,261.9439406224218,56,95,2,6,6,0,1
7,7,10,28,238.1443142198764,11,10,58,4,9,1,1
13,13,16,5,139.43516187387073,94,15,62,9,12,0,1
1,1,19,16,56.16827156875645,36,41,45,6,13,0,1
6,7,19,28,164.87395871095538,86,83,35,1,19,1,1
1,1,9,6,220.08919002366716,43,24,41,2,1,0,0
11,11,7,14,285.9994302940435,31,44,63,3,9,1,1
9,9,18,8,332.5389555893361,35,20,10,6,17,1,1
15,15,17,3,200.8591002736799,5,4,40,11,8,0,0
1,1,13,22,322.48516352164506,2,27,56,0,14,1,1
8,9,3,18,109.43617261813002,33,34,34,1,16,1,1
5,5,6,0,331.18316858449634,89,38,61,1,19,0,0
1,1,2,6,329.6117905605674,26,6,63,5,3,0,0
2,3,23,7,119.05387206276694,53,99,50,10,8,1,1
16,17,7,1,54.41032490086356,23,14,35,10,16,0,1
10,11,14,26,160.17523384567428,65,6,33,7,8,0,1
19,19,11,25,215.5370211520915,67,6,63,3,4,1,1
11,11,20,28,229.6193630338793,36,81,3,7,19,1,1
6,7,12,12,341.990149695291,16,83,28,11,10,0,0
16,17,14,8,232.0223734854879,80,21,6,8,12,1,1
15,15,18,21,151.77610462726886,81,56,40,8,17,1,1
13,13,9,10,236.73306655475776,33,97,28,10,9,0,0
17,17,15,10,101.82774622772604,70,60,15,5,8,0,1
1,1,7,10,307.3816221956832,23,44,45,3,10,1,1
9,9,15,28,322.1765182165894,31,1,1,1,18,0,1
16,17,5,27,78.14509450616247,15,48,44,5,18,0,1
13,13,3,15,204.3118267564835,48,93,39,6,1,0,0
2,3,5,29,97.64536578863816,31,98,20,7,13,0,1
17,17,4,29,254.54139004624184,37,27,65,2,19,1,1
16,17,1,9,271.694277234778,89,57,16,11,18,0,1
17,17,12,16,97.46402827034646,4,85,5,6,4,1,1
19,19,22,13,212.95663378686453,0,53,48,10,16,0,1
3,3,22,11,229.9165205710585,8,3,7,10,20,0,1
15,15,15,3,235.79574606585425,59,91,21,8,7,1,1
4,5,23,22,158.22681615024624,35,34,1,9,16,0,1
1,1,3,27,100.46626941362898,14,1,42,6,19,0,1
7,7,16,20,283.3056054888376,75,66,38,2,19,0,1
16,17,12,16,236.24269517294076,45,53,47,2,6,0,0
7,7,3,3,282.4484458389992,70,80,35,8,1,1,1
6,7,5,19,119.53386060357272,30,32,27,3,6,0,1
1,1,9,29,206.25751459401584,9,84,63,7,9,0,1
2,3,14,12,145.50739439326304,58,72,38,5,2,1,1
4,5,15,0,334.34924886631654,49,71,58,4,5,0,0
4,5,5,12,293.16175656159584,0,43,4,0,19,1,1
13,13,12,8,114.72079255374392,56,38,53,6,13,1,1
16,17,8,10,119.31297764250532,8,49,13,2,18,0,1
19,19,0,4,324.0551631855875,71,58,40,5,6,1,0
0,0,13,28,312.90114927592964,19,14,22,0,17,1,1
6,7,1,22,139.44592908930173,78,22,21,9,6,0,1
8,9,13,16,253.9740336326421,21,26,27,6,8,1,1
7,7,17,26,138.55890712998558,5,64,47,0,8,0,1
8,9,18,15,140.8105959729403,80,36,55,8,9,1,1
8,9,22,12,200.92119222522473,73,36,31,7,16,0,1
6,7,0,22,291.7360667903965,37,74,24,2,4,1,1
15,15,20,24,288.39275873583756,97,85,42,5,20,1,1
11,11,17,0,60.93390456003236,66,80,16,1,7,1,1
18,19,15,7,69.75873783013716,61,11,61,1,19,0,1
18,19,19,8,147.68405929828216,60,70,31,2,5,1,1
16,17,18,11,254.7934938558992,27,41,19,2,12,1,1
8,9,4,7,231.01141893812067,7,26,64,9,17,1,1
18,19,14,11,65.09306474420178,7,74,26,5,6,0,1
7,7,22,29,97.5161461601292,84,38,15,11,8,0,1
10,11,21,9,231.06739442206447,22,58,39,3,6,0,0
9,9,21,16,284.90438664490085,21,82,31,5,19,0,1
2,3,11,27,111.56331343029,42,10,2,7,13,0,1
5,5,18,14,141.68770969638103,1,67,63,8,20,0,1
14,15,5,18,274.32007089212624,84,23,17,9,9,1,1
16,17,21,21,279.69410963186374,63,59,30,0,14,1,1
7,7,11,15,346.248924076344,28,52,10,0,12,1,1
7,7,10,0,104.70917408665753,62,83,22,7,4,1,1
15,15,15,22,184.25202202459172,77,6,12,6,9,0,0
18,19,16,7,204.04808425702797,76,50,16,1,18,1,1
1,1,21,25,88.53887177526012,33,26,37,11,3,1,1
1,1,23,2,163.67437047084414,45,85,34,2,7,1,0
3,3,3,14,296.10661953903804,67,78,7,9,17,0,1
13,13,7,4,208.14191032890344,93,89,62,1,3,0,0
6,7,14,4,213.22327708602623,7,65,10,8,10,1,1
7,7,18,6,239.0742649289305,83,99,27,2,13,0,0
18,19,9,16,251.58512353335948,53,21,1,9,5,1,1
12,13,5,15,205.73490245757608,63,54,55,1,13,1,1
2,3,2,25,78.74857866050789,38,61,11,3,8,0,1
17,17,1,26,87.68420323446786,60,96,24,7,9,0,1
15,15,1,10,65.62107538088479,42,22,55,4,7,0,1
8,9,14,1,326.480445260555,70,96,6,1,3,0,0
4,5,0,9,213.10299475363155,8,11,16,3,1,1,1
13,13,18,26,65.77375775609642,50,56,65,10,11,1,1
14,15,22,13,64.68893641573422,94,89,19,0,11,0,1
8,9,13,24,229.82681981861597,35,99,27,7,13,0,1
12,13,7,29,171.4768523122854,3,27,59,1,11,0,1
3,3,16,10,85.2286819223661,32,94,12,10,8,0,1
7,7,19,12,169.9203617830828,76,13,25,5,17,1,1
5,5,22,13,137.69608192902936,43,55,61,10,5,0,1
5,5,2,17,331.69852581948214,58,97,59,10,9,1,1
14,15,5,22,212.36979990973632,50,73,24,7,1,0,0
0,0,18,12,309.39336333158565,92,90,14,8,6,0,0
6,7,15,17,147.57362123330137,48,63,11,6,13,1,1
13,13,1,25,225.8719342556417,24,72,19,11,10,1,1
3,3,8,10,291.0566232282805,70,53,44,5,4,0,0
19,19,12,22,220.68286347703344,7,13,55,9,3,0,0
15,15,13,1,151.6832874456111,12,8,32,3,2,0,0
18,19,16,16,330.47452570122687,45,26,38,10,12,0,1
11,11,7,12,348.36287709370816,90,45,29,7,3,1,1
16,17,13,23,149.01861323060064,63,40,51,5,15,1,1
5,5,7,27,152.31322013819286,87,57,45,5,6,1,1
18,19,10,6,294.6795094209669,61,60,65,9,17,0,1
12,13,23,23,78.82058805273999,73,60,50,3,15,0,1
1,1,17,0,53.51986032082531,76,42,34,11,16,0,1
6,7,23,16,305.0017571304227,87,98,41,2,19,0,1
0,0,3,25,257.27165629165575,40,65,20,8,9,0,0
19,19,5,10,63.348882183772744,9,13,12,11,12,0,1
5,5,10,15,95.1779567976262,61,41,12,8,8,0,1
14,15,17,15,342.0870417099605,41,64,17,10,16,0,1
12,13,7,29,71.02785850071402,2,26,34,2,16,1,1
2,3,1,27,315.5605704762673,24,44,3,4,18,1,1
11,11,10,24,332.24979274388573,0,23,38,7,1,0,0
15,15,10,13,211.10908598351284,87,28,46,10,10,0,0
6,7,1,9,287.34495996291724,44,78,21,5,12,0,0
1,1,17,5,329.88512638132806,70,0,62,3,1,1,0
14,15,22,28,126.80289302045452,74,4,41,3,19,1,1
9,9,23,12,143.33879773518828,50,36,9,1,20,1,1
6,7,14,19,162.14712655377167,7,0,63,4,11,0,1
12,13,5,10,66.22440348827769,47,36,43,1,17,1,1
17,17,12,6,241.3856281803464,56,87,26,5,7,0,0
9,9,13,24,283.7235910660134,61,50,7,9,2,0,0
1,1,5,7,235.15169483344752,91,3,21,4,13,0,0
7,7,2,0,69.38220588144634,96,2,16,11,11,1,1
16,17,9,14,140.06009217423644,52,57,7,11,19,0,1
11,11,18,16,171.41919146171142,89,51,29,0,20,0,1
1,1,12,5,331.5018140877552,64,44,35,2,12,0,0
4,5,1,15,228.40028707619592,78,61,52,8,1,0,0
18,19,12,16,169.5636607848393,24,31,54,11,10,1,1
19,19,14,13,151.92842854976124,36,51,42,11,20,1,1
14,15,10,17,175.0979915628037,6,92,17,5,20,0,1
16,17,9,9,143.00498530481045,88,1,45,8,15,1,1
17,17,10,19,162.14447559597411,6,58,24,9,19,0,1
8,9,6,3,82.56135581573896,64,46,29,5,2,1,1
14,15,18,1,161.50406031791442,74,55,33,5,7,1,0
12,13,12,14,208.53821279234623,72,54,13,2,7,1,1
13,13,14,13,236.9871021076237,68,45,39,0,14,1,1
14,15,2,12,115.23306911814234,21,27,39,1,18,1,1
4,5,8,4,65.88375380572944,8,19,14,2,7,0,1
18,19,11,16,77.62709655136517,22,36,5,1,14,1,1
7,7,17,10,196.87565509212425,47,54,48,3,2,1,1
15,15,11,6,316.6107536004625,4,69,60,10,19,0,1
10,11,17,9,265.9898907397235,56,81,48,8,3,1,1
18,19,8,27,236.38697208188304,49,25,10,6,17,0,1
12,13,1,13,277.0423779523494,23,6,14,8,14,0,1
15,15,16,0,87.92046362274041,31,13,36,7,18,1,1
12,13,19,6,321.86174156338825,84,14,12,11,11,1,1
10,11,14,12,152.97368312317576,20,74,31,5,10,0,0
2,3,16,23,290.0577604982349,49,74,65,9,9,0,0
18,19,11,4,159.48872340923828,25,44,65,10,17,0,1
6,7,16,29,74.71904651260488,88,96,58,11,5,0,1
4,5,11,21,144.5572473587999,11,52,10,1,8,0,1
16,17,19,25,143.18270214239473,89,0,49,2,1,1,1
16,17,7,19,298.59523848104453,55,59,35,9,18,1,1
12,13,10,19,299.4205319036559,66,18,28,2,5,0,0
0,0,22,4,322.8428435236058,22,25,10,0,18,0,0
3,3,19,0,329.24717224359387,24,9,13,0,18,0,0
2,3,17,7,159.4026130094446,10,46,57,10,9,0,0
16,17,1,3,204.82976927230075,85,90,33,2,8,1,0
7,7,3,20,163.54904381762404,74,2,2,8,1,0,0
7,7,22,17,316.90924302206855,44,92,22,2,9,0,0
2,3,23,0,287.3674727174152,61,50,36,1,17,0,0
15,15,18,3,152.53109131702138,19,5,52,2,3,0,0
16,17,3,23,172.57527806746327,16,32,19,11,6,0,0
11,11,21,25,246.9835002489293,92,51,4,4,1,0,0
3,3,1,5,178.75239135034914,94,33,6,2,4,0,0
2,3,23,19,276.02695357106046,67,8,21,9,4,0,0
15,15,10,13,211.10908598351284,87,28,46,10,10,0,0
9,9,3,14,318.4964733107475,15,74,53,0,1,0,0
12,13,1,12,296.75299900075095,98,93,40,7,9,0,0
13,13,16,5,283.4900860928824,81,97,45,5,15,0,0
1,1,16,3,301.1100885124581,1,12,5,3,18,0,0
14,15,18,4,216.5826647436129,10,96,53,3,2,1,0
10,11,22,15,280.08755647520644,22,26,49,1,6,0,0
0,0,14,6,165.34308838974445,73,20,15,9,1,0,0
6,7,6,11,348.2886323828478,15,98,27,3,13,0,0
16,17,21,9,173.27057522846223,64,88,36,2,7,0,0
11,11,21,4,245.29947191267777,80,89,49,0,10,0,0
12,13,14,21,261.8163308399415,13,27,59,2,7,0,0
17,17,22,8,328.98041870905007,62,93,60,0,6,0,0
14,15,20,25,196.8377482883876,27,58,62,1,10,0,0
16,17,0,0,287.44653094040126,80,59,13,1,9,1,0
19,19,20,15,172.37910125642594,44,86,62,0,18,0,0
7,7,2,1,328.5038439486106,16,93,17,4,2,0,0
1,1,14,26,264.5391901479575,69,27,52,4,5,0,0
10,11,1,21,202.26140528439856,80,35,32,7,5,0,0
5,5,1,2,188.410564629173,11,58,53,6,9,0,0
19,19,0,4,324.0551631855875,71,58,40,5,6,1,0
15,15,6,4,202.28112164471963,18,50,64,0,1,1,0
5,5,1,2,188.410564629173,11,58,53,6,9,0,0
11,11,21,26,163.31978802762455,72,59,37,2,6,0,0
4,5,3,6,156.78586737326688,14,33,41,5,2,0,0
14,15,20,25,196.8377482883876,27,58,62,1,10,0,0
10,11,18,18,163.6162429872018,1,3,25,6,6,0,0
12,13,2,17,294.5676619943369,83,42,57,5,5,0,0
4,5,15,0,334.34924886631654,49,71,58,4,5,0,0
9,9,14,5,229.13254960333845,79,44,9,4,7,0,0
6,7,12,12,341.990149695291,16,83,28,11,10,0,0
11,11,10,24,332.24979274388573,0,23,38,7,1,0,0
10,11,8,14,266.6324132241147,33,81,51,5,20,0,0
8,9,19,2,332.4094659355727,3,43,26,11,3,0,0
15,15,5,13,247.14706029326635,93,48,3,4,3,0,0
7,7,18,6,239.0742649289305,83,99,27,2,13,0,0
2,3,21,16,242.1491270576845,13,37,48,4,4,0,0
16,17,4,3,271.1017171663741,29,3,43,9,3,0,0
10,11,11,3,294.8531218668951,95,99,27,5,12,0,0
6,7,8,1,152.08142158160965,97,7,50,5,10,1,0
12,13,14,21,261.8163308399415,13,27,59,2,7,0,0
17,17,4,5,225.6686393666276,0,29,49,4,10,1,0
4,5,4,3,280.23235289999184,97,30,35,1,2,0,0
13,13,13,16,302.5475140438519,1,42,28,1,6,0,0
12,13,16,12,284.40115698663305,26,61,30,0,12,0,0
16,17,1,3,204.82976927230075,85,90,33,2,8,1,0
19,19,10,18,258.65154373062376,88,71,12,5,2,0,0
15,15,3,0,320.50388548368454,40,70,52,1,8,1,0
5,5,16,2,188.3848330594583,65,24,63,0,2,1,0
9,9,13,24,283.7235910660134,61,50,7,9,2,0,0
15,15,17,3,200.8591002736799,5,4,40,11,8,0,0
8,9,14,22,267.8857262049827,9,22,28,2,7,0,0
11,11,21,4,245.29947191267777,80,89,49,0,10,0,0
5,5,6,7,231.00309908850377,21,89,63,3,18,0,0
5,5,4,20,260.43164768342393,23,75,36,3,1,0,0
7,7,15,3,267.5998365747776,0,76,21,0,9,0,0
11,11,7,4,319.33479858983645,34,78,46,1,3,1,0
10,11,12,8,311.12205742133426,10,72,2,3,8,0,0
3,3,8,10,291.0566232282805,70,53,44,5,4,0,0
13,13,14,17,212.26394182697072,60,3,47,4,4,0,0
2,3,17,26,309.00985744130844,1,49,2,0,10,0,0
7,7,8,5,250.22978473389415,1,14,14,5,5,1,0
4,5,7,3,305.6847735080575,85,35,44,9,10,0,0
18,19,3,21,183.5876673061043,93,51,60,9,10,0,0
11,11,21,26,163.31978802762455,72,59,37,2,6,0,0
14,15,16,1,186.3609414308365,57,62,22,0,11,0,0
6,7,19,9,308.0499067186777,39,60,36,9,4,0,0
13,13,6,11,265.5839379451432,94,50,6,1,14,0,0
12,13,14,18,253.65196878725848,20,69,65,1,2,0,0
0,0,22,4,322.8428435236058,22,25,10,0,18,0,0
0,0,6,18,266.41983851261017,11,88,9,10,1,0,0
16,17,21,9,173.27057522846223,64,88,36,2,7,0,0
9,9,18,1,234.0034033125289,2,5,63,3,18,0,0
11,11,19,9,240.15812245722375,11,74,23,0,16,0,0
13,13,17,15,250.95876384232716,24,92,2,5,16,0,0
19,19,12,20,255.08256057379748,81,80,60,7,9,0,0
16,17,17,20,163.80561873318092,63,2,5,6,4,0,0
18,19,17,17,158.19825259155596,79,48,61,5,1,0,0
3,3,1,12,245.9223818190687,60,5,6,6,9,0,0
4,5,4,28,219.88015184019156,13,62,5,1,6,0,0
4,5,7,2,325.1273370239838,46,71,45,2,8,0,0
3,3,5,3,200.51199674233473,81,68,8,2,9,1,0
12,13,5,13,164.32796435130942,63,39,43,9,5,0,0
8,9,15,1,277.6824789798768,98,13,35,7,7,0,0
17,17,21,27,310.40665830588875,73,43,10,4,2,0,0
7,7,2,4,292.1387630177637,92,47,34,5,5,0,0
6,7,10,14,257.7371662660202,90,30,50,2,6,0,0
2,3,7,10,281.7342782422811,43,4,9,0,6,0,0
15,15,0,27,337.96334339523133,84,5,12,0,8,0,0
9,9,2,3,310.8861731262681,50,72,17,8,7,0,0
6,7,19,2,151.64277122221907,63,2,55,1,5,1,0
15,15,10,15,211.60436823147097,37,78,46,3,1,0,0
1,1,8,17,170.36666456244194,46,69,43,9,9,0,0
17,17,17,1,194.91134576214665,35,28,25,8,4,0,0
19,19,12,22,220.68286347703344,7,13,55,9,3,0,0
2,3,12,3,210.72266994255097,8,95,32,2,5,0,0
16,17,3,23,172.57527806746327,16,32,19,11,6,0,0
2,3,1,8,301.36431129527443,28,32,15,7,10,0,0
4,5,22,4,203.00471593736884,4,57,37,3,8,0,0
15,15,10,8,215.9863537576521,76,71,34,9,9,0,0
2,3,19,11,158.12867667818543,62,49,13,11,1,0,0
15,15,7,14,274.8640570746856,99,17,44,3,11,0,0
14,15,10,9,287.5081463637231,79,92,45,10,7,0,0
16,17,9,7,319.80122360108237,28,86,7,4,6,0,0
7,7,8,22,192.32223436696103,47,97,35,9,7,0,0
19,19,16,26,275.29309079597476,29,77,59,2,4,0,0
6,7,10,10,174.13184736431603,74,23,25,1,6,0,0
15,15,13,1,151.6832874456111,12,8,32,3,2,0,0
14,15,10,24,150.96419352660286,16,29,14,10,1,0,0
17,17,16,12,248.77361588148793,48,36,18,6,8,0,0
16,17,8,3,276.63048329623456,10,5,10,1,20,0,0
12,13,15,28,189.70922399663215,15,10,48,1,9,0,0
16,17,0,24,203.46053546757153,23,86,54,11,6,0,0
10,11,5,15,234.8504448363406,68,53,15,0,3,0,0
2,3,4,12,272.46322118447813,13,62,10,9,1,0,0
14,15,22,20,273.30679279554784,13,41,34,1,3,0,0
19,19,18,14,254.66568176507528,23,40,37,11,10,0,0
19,19,2,14,155.60186308293683,49,61,23,0,2,0,0
19,19,2,18,248.51017877157653,21,4,62,2,6,0,0
7,7,8,16,307.2921263979524,1,2,60,4,7,0,0
14,15,11,15,338.4075180652184,84,90,52,5,9,0,0
3,3,17,3,291.4082248850236,58,30,52,8,10,0,0
4,5,4,4,210.26562247311463,64,63,10,11,3,0,0
19,19,2,8,161.43401093757012,89,17,34,0,2,0,0
0,0,8,20,225.20471911230487,53,97,62,10,9,0,0
3,3,23,26,229.40031388414704,94,27,46,2,10,0,0
4,5,19,26,159.60696140070064,78,69,65,3,10,0,0
14,15,22,21,346.17833483937375,80,30,2,1,9,0,0
6,7,8,25,283.1606756322305,47,34,64,5,9,0,0
9,9,23,23,162.81799735334783,12,59,53,3,4,0,0
6,7,8,1,152.08142158160965,97,7,50,5,10,1,0
19,19,13,3,332.35352045787454,22,40,42,0,18,0,0
15,15,11,9,291.5558174446963,4,40,46,9,7,0,0
10,11,20,8,249.00957574513487,7,8,12,3,9,0,0
6,7,14,0,298.62869821098604,81,13,63,8,4,0,0
2,3,10,8,303.016236991206,36,98,52,8,4,0,0
9,9,22,7,333.99507409881664,90,47,46,4,5,0,0
3,3,14,0,266.60819365107994,69,30,5,1,6,1,0
5,5,11,3,329.945257966134,77,41,15,3,17,0,0
17,17,23,12,177.57170804858885,87,2,23,0,8,0,0
19,19,10,18,258.65154373062376,88,71,12,5,2,0,0
15,15,23,7,274.1992200327545,42,18,59,1,13,0,0
0,0,2,19,342.54702778886946,92,74,12,7,6,0,0
15,15,4,4,328.3311374213109,92,22,42,0,17,0,0
13,13,16,5,283.4900860928824,81,97,45,5,15,0,0
14,15,4,1,326.69368803600264,92,26,5,4,9,1,0
0,0,16,19,239.69327322427475,14,40,58,11,9,0,0
9,9,17,16,194.51421114790548,42,16,33,0,1,0,0
12,13,13,4,300.24571978757837,77,5,48,1,19,0,0
4,5,4,13,317.6535884834803,20,8,22,11,9,0,0
3,3,7,12,155.62001641847343,1,42,36,9,8,0,0
4,5,17,8,153.89847563692464,21,48,63,1,8,0,0
7,7,19,6,307.67539301934573,61,72,55,5,2,0,0
4,5,13,0,215.12736876148145,87,24,43,3,11,0,0
19,19,3,8,158.9492372638597,55,11,20,4,4,0,0
16,17,13,24,284.0484806905035,24,72,65,0,3,0,0
12,13,0,7,154.302870544328,65,27,12,0,5,0,0
6,7,1,28,314.2079236845638,96,83,64,4,9,0,0
19,19,21,24,346.35490811396477,55,81,34,9,9,0,0
14,15,22,20,273.30679279554784,13,41,34,1,3,0,0
4,5,4,3,280.23235289999184,97,30,35,1,2,0,0
13,13,18,5,186.07185889447985,57,27,18,11,2,0,0
11,11,17,8,154.86189431184852,5,21,7,4,2,0,0
17,17,2,4,227.9022045946453,34,75,15,1,2,0,0
8,9,9,7,159.53036093484042,90,27,56,3,4,0,0
11,11,0,19,258.4294721341461,66,29,7,7,7,0,0
7,7,1,22,311.8002430644464,31,6,49,5,3,0,0
2,3,17,6,241.38879151988357,13,34,18,1,6,0,0
9,9,15,2,287.2789176480391,57,26,46,1,10,0,0
8,9,22,1,280.36582505601467,47,27,31,2,11,0,0
18,19,4,20,182.60189834878048,51,1,28,11,9,0,0
5,5,2,25,251.1614521122177,47,34,22,5,4,0,0
12,13,15,7,211.27096123310807,95,97,17,0,8,0,0
10,11,8,14,266.6324132241147,33,81,51,5,20,0,0
13,13,3,14,253.7439299674642,67,3,11,5,18,0,0
17,17,7,10,194.1423467112541,91,52,56,5,3,0,0
9,9,17,16,194.51421114790548,42,16,33,0,1,0,0
3,3,15,9,235.0456184658097,10,95,5,6,10,0,0
11,11,21,4,245.29947191267777,80,89,49,0,10,0,0
9,9,1,7,247.46548661714033,33,43,47,7,1,0,0
12,13,14,21,261.8163308399415,13,27,59,2,7,0,0
18,19,19,17,243.4386745342547,2,33,19,6,5,0,0
10,11,0,4,217.15626529271205,74,33,60,3,19,0,0
2,3,15,18,231.9032367480828,99,39,28,4,5,0,0
2,3,17,7,159.4026130094446,10,46,57,10,9,0,0
12,13,5,13,164.32796435130942,63,39,43,9,5,0,0
2,3,21,16,242.1491270576845,13,37,48,4,4,0,0
9,9,0,1,297.27624769769,49,77,62,10,2,0,0
15,15,3,0,320.50388548368454,40,70,52,1,8,1,0
5,5,6,3,300.7814787994702,30,49,21,3,3,1,0
7,7,18,1,317.42675702195254,57,94,22,10,4,0,0
17,17,21,27,310.40665830588875,73,43,10,4,2,0,0
3,3,1,3,339.16025879455196,72,55,16,5,10,1,0
6,7,13,5,184.33505341900047,72,38,43,8,7,0,0
6,7,3,23,185.40376102208987,51,66,43,0,5,0,0
6,7,19,9,308.0499067186777,39,60,36,9,4,0,0
18,19,7,9,216.4412843661547,47,37,11,2,4,0,0
1,1,16,3,301.1100885124581,1,12,5,3,18,0,0
3,3,22,28,185.53233752902045,37,71,19,4,7,0,0
8,9,19,15,178.34250149522646,40,46,27,4,3,0,0
0,0,2,19,342.54702778886946,92,74,12,7,6,0,0
11,11,19,9,240.15812245722375,11,74,23,0,16,0,0
9,9,7,4,165.15459408479202,88,60,11,11,2,0,0
15,15,20,23,300.89374039305227,44,15,22,0,9,0,0
19,19,12,20,255.08256057379748,81,80,60,7,9,0,0
16,17,9,2,185.90359732360423,58,46,56,7,2,0,0
16,17,5,1,176.56127477803588,39,21,7,11,6,0,0
1,1,6,12,329.3036860547469,66,21,29,3,18,0,0
19,19,7,2,205.0057317983753,95,26,61,1,16,0,0
5,5,14,12,316.5967173143197,15,77,5,2,3,0,0
17,17,21,5,198.90760715273785,96,13,18,1,13,0,0
10,11,5,15,234.8504448363406,68,53,15,0,3,0,0
6,7,15,9,328.22238988790906,45,59,4,10,5,0,0
16,17,5,25,274.1368173739198,60,47,47,11,8,0,0
9,9,17,9,187.690637911475,1,9,15,11,2,0,0
6,7,4,14,242.3412776965339,53,94,33,0,6,0,0
19,19,20,15,172.37910125642594,44,86,62,0,18,0,0
19,19,11,8,270.63170204496834,31,37,8,3,1,0,0
3,3,1,3,339.16025879455196,72,55,16,5,10,1,0
18,19,3,4,261.7062690897487,64,66,14,4,8,0,0
5,5,1,2,188.410564629173,11,58,53,6,9,0,0
2,3,17,23,328.7540473544545,69,15,60,6,7,0,0
5,5,15,21,207.91538847662403,11,5,10,5,7,0,0
9,9,22,7,333.99507409881664,90,47,46,4,5,0,0
14,15,13,25,220.26866417237528,58,37,8,8,7,0,0
6,7,13,0,309.332210581475,92,5,51,5,7,0,0
15,15,3,0,320.50388548368454,40,70,52,1,8,1,0
17,17,8,8,246.5155424477297,27,71,10,6,6,0,0
19,19,21,16,284.97915644345676,18,88,21,5,9,0,0
3,3,22,28,185.53233752902045,37,71,19,4,7,0,0
14,15,10,24,150.96419352660286,16,29,14,10,1,0,0
16,17,15,28,322.6572255603965,40,46,9,1,6,0,0
10,11,13,5,155.6780706957691,74,86,18,7,3,0,0
4,5,5,9,343.1813645062218,22,46,26,2,9,0,0
19,19,2,18,248.51017877157653,21,4,62,2,6,0,0
12,13,21,4,155.86457432311786,70,11,9,1,1,1,0
0,0,15,15,250.8953930476078,40,63,16,5,2,0,0
9,9,9,13,337.89061976454354,45,35,46,5,16,0,0
6,7,22,9,296.0200348992026,12,35,18,2,2,0,0
9,9,22,7,333.99507409881664,90,47,46,4,5,0,0
17,17,17,2,326.2841768723538,63,72,2,5,7,0,0
16,17,4,3,271.1017171663741,29,3,43,9,3,0,0
2,3,10,17,309.42121628467874,9,25,62,0,6,0,0
8,9,17,3,288.74455674662937,10,2,65,2,16,0,0
16,17,15,5,293.75330387101747,87,46,2,11,9,0,0
19,19,3,13,173.01063175312652,49,84,10,5,4,0,0
6,7,8,29,241.04708565253563,47,16,26,3,4,0,0
7,7,18,6,300.45731538984336,34,60,63,10,7,0,0
14,15,18,19,192.34357397190232,21,86,65,1,4,0,0
5,5,15,21,207.91538847662403,11,5,10,5,7,0,0
5,5,4,20,260.43164768342393,23,75,36,3,1,0,0
4,5,0,0,226.3885416761852,86,5,27,5,6,1,0
13,13,1,26,211.0974573202612,30,74,35,1,9,0,0
2,3,19,11,158.12867667818543,62,49,13,11,1,0,0
1,1,20,2,186.88428979040827,20,92,36,1,1,1,0
17,17,21,13,236.64020044645204,82,92,44,10,1,0,0
11,11,8,10,171.16222314526286,50,3,37,7,10,0,0
8,9,14,1,326.480445260555,70,96,6,1,3,0,0
16,17,9,2,185.90359732360423,58,46,56,7,2,0,0
3,3,15,9,235.0456184658097,10,95,5,6,10,0,0
0,0,2,19,342.54702778886946,92,74,12,7,6,0,0
0,0,8,20,225.20471911230487,53,97,62,10,9,0,0
7,7,22,17,316.90924302206855,44,92,22,2,9,0,0
13,13,9,10,236.73306655475776,33,97,28,10,9,0,0
1,1,3,18,302.80776257819065,75,88,4,2,5,0,0
10,11,17,1,320.0573468088637,5,3,54,2,20,0,0
14,15,11,16,228.74058651204,11,8,8,3,10,0,0
2,3,17,7,159.4026130094446,10,46,57,10,9,0,0
19,19,0,8,330.02843155053637,66,68,51,3,9,0,0
5,5,8,20,167.02641904114864,53,54,17,4,4,0,0
0,0,2,19,342.54702778886946,92,74,12,7,6,0,0
17,17,12,13,293.07286845315144,70,13,47,8,5,0,0
14,15,18,19,192.34357397190232,21,86,65,1,4,0,0
15,15,17,3,200.8591002736799,5,4,40,11,8,0,0
6,7,9,25,230.09824621059624,5,20,23,4,9,0,0
2,3,22,15,271.5898207366112,77,87,46,3,14,0,0
14,15,7,25,150.258708421504,54,74,5,10,9,0,0
7,7,9,6,319.0329174895406,2,48,41,1,7,0,0
17,17,23,5,167.41616526574313,82,27,8,1,2,1,0
12,13,3,6,190.88980613598108,23,11,31,3,17,0,0
14,15,15,14,170.21275357413788,69,71,45,1,15,0,0
14,15,5,22,212.36979990973632,50,73,24,7,1,0,0
11,11,21,10,322.76630242801264,94,78,30,1,10,0,0
19,19,0,2,226.520401991251,76,31,22,4,5,0,0
18,19,7,9,216.4412843661547,47,37,11,2,4,0,0
5,5,22,13,233.69559582343535,85,22,3,5,2,0,0
3,3,23,17,221.50466867701317,30,70,25,5,7,0,0
1,1,20,2,186.88428979040827,20,92,36,1,1,1,0
8,9,19,2,332.4094659355727,3,43,26,11,3,0,0
8,9,20,0,246.2848723444782,3,43,56,7,1,0,0
1,1,12,8,241.57676460395217,70,78,47,5,19,0,0
17,17,21,13,236.64020044645204,82,92,44,10,1,0,0
4,5,17,8,153.89847563692464,21,48,63,1,8,0,0
19,19,0,8,330.02843155053637,66,68,51,3,9,0,0
11,11,7,2,325.979890614753,72,73,2,5,2,0,0
9,9,2,3,310.8861731262681,50,72,17,8,7,0,0
12,13,2,18,309.12102414565487,91,75,40,2,2,0,0
19,19,20,15,172.37910125642594,44,86,62,0,18,0,0
6,7,11,15,304.7525413822246,79,6,28,0,15,0,0
6,7,13,5,184.33505341900047,72,38,43,8,7,0,0
10,11,19,7,268.0956107197909,96,75,24,3,1,0,0
4,5,4,4,210.26562247311463,64,63,10,11,3,0,0
17,17,16,12,248.77361588148793,48,36,18,6,8,0,0
6,7,1,28,314.2079236845638,96,83,64,4,9,0,0
17,17,17,1,194.91134576214665,35,28,25,8,4,0,0
7,7,9,6,319.0329174895406,2,48,41,1,7,0,0
19,19,3,27,331.83523296232494,99,45,50,0,4,0,0
1,1,20,2,186.88428979040827,20,92,36,1,1,1,0
7,7,18,1,317.42675702195254,57,94,22,10,4,0,0
3,3,14,0,266.60819365107994,69,30,5,1,6,1,0
17,17,23,12,177.57170804858885,87,2,23,0,8,0,0
14,15,18,23,190.91480711091495,21,47,65,6,4,0,0
3,3,3,8,261.4653309626562,57,69,34,4,18,0,0
0,0,3,25,257.27165629165575,40,65,20,8,9,0,0
13,13,6,4,211.5001658584057,23,4,37,4,6,0,0
10,11,21,9,231.06739442206447,22,58,39,3,6,0,0
8,9,17,3,288.74455674662937,10,2,65,2,16,0,0
1,1,6,1,335.01607846491925,86,34,61,11,10,0,0
17,17,16,12,248.77361588148793,48,36,18,6,8,0,0
14,15,22,21,346.17833483937375,80,30,2,1,9,0,0
5,5,2,9,282.28185237397014,42,83,40,0,2,0,0
14,15,14,0,337.55739844581836,74,43,21,0,7,0,0
3,3,5,3,200.51199674233473,81,68,8,2,9,1,0
7,7,6,14,216.61275250053424,14,37,51,4,1,0,0
2,3,21,25,310.71172177210826,89,20,3,0,9,0,0
6,7,12,12,341.990149695291,16,83,28,11,10,0,0
14,15,1,2,265.84434426798595,57,83,53,2,6,1,0
11,11,6,26,280.1719902346475,31,69,41,0,5,0,0
1,1,2,7,295.2780897539248,20,87,64,8,9,0,0
14,15,21,15,226.94522217581093,97,28,60,7,8,0,0
1,1,7,1,228.2441037417125,31,82,13,2,19,0,0
6,7,21,6,208.7997912215136,9,20,48,4,12,0,0
14,15,22,20,273.30679279554784,13,41,34,1,3,0,0
8,9,20,3,224.0573455957928,57,41,40,9,9,0,0
6,7,15,9,328.22238988790906,45,59,4,10,5,0,0
13,13,13,16,302.5475140438519,1,42,28,1,6,0,0
15,15,14,6,349.6966408721365,27,69,2,1,6,0,0
19,19,21,16,284.97915644345676,18,88,21,5,9,0,0
0,0,4,4,201.00621911251835,14,3,1,8,7,0,0
6,7,1,9,287.34495996291724,44,78,21,5,12,0,0
1,1,2,6,329.6117905605674,26,6,63,5,3,0,0
6,7,6,11,348.2886323828478,15,98,27,3,13,0,0
12,13,19,2,287.77475881110485,79,72,31,3,8,0,0
7,7,18,6,239.0742649289305,83,99,27,2,13,0,0
6,7,11,15,304.7525413822246,79,6,28,0,15,0,0
2,3,2,16,183.4194725261091,43,43,21,2,4,0,0
14,15,5,22,212.36979990973632,50,73,24,7,1,0,0
9,9,7,13,219.42221435902752,67,4,42,3,13,0,0
6,7,11,11,316.1800756357569,71,43,32,10,10,0,0
13,13,13,16,302.5475140438519,1,42,28,1,6,0,0
19,19,21,2,303.0958323271162,11,92,16,8,10,0,0
6,7,3,23,185.40376102208987,51,66,43,0,5,0,0
5,5,16,2,188.3848330594583,65,24,63,0,2,1,0
1,1,12,4,276.1824829285468,80,76,60,1,16,0,0
11,11,11,2,339.53770873363766,55,95,48,3,6,0,0
7,7,14,2,345.5647727207572,8,23,5,4,18,0,0
19,19,1,2,273.98553731331384,24,35,62,6,9,0,0
13,13,18,5,186.07185889447985,57,27,18,11,2,0,0
5,5,22,13,233.69559582343535,85,22,3,5,2,0,0
17,17,14,1,306.69099323940856,89,64,59,1,10,1,0
14,15,22,20,273.30679279554784,13,41,34,1,3,0,0
11,11,4,2,213.4116373891904,92,95,7,2,9,0,0
4,5,0,0,226.3885416761852,86,5,27,5,6,1,0
8,9,8,10,312.6128262760023,41,53,50,1,16,0,0
16,17,4,3,271.1017171663741,29,3,43,9,3,0,0
5,5,2,9,282.28185237397014,42,83,40,0,2,0,0
15,15,18,3,152.53109131702138,19,5,52,2,3,0,0
19,19,22,9,349.21819850193293,10,51,33,7,5,0,0
11,11,10,24,332.24979274388573,0,23,38,7,1,0,0
15,15,15,22,184.25202202459172,77,6,12,6,9,0,0
9,9,9,13,337.89061976454354,45,35,46,5,16,0,0
3,3,10,24,192.3741236929868,40,20,61,0,10,0,0
19,19,1,2,282.45830220264077,40,46,53,5,14,0,0
11,11,23,11,230.8346924155582,43,42,44,5,4,0,0
1,1,3,2,235.052531583838,61,34,47,5,8,1,0
14,15,18,1,161.50406031791442,74,55,33,5,7,1,0
4,5,13,0,215.12736876148145,87,24,43,3,11,0,0
14,15,23,14,233.8064077336463,73,61,3,6,6,0,0
10,11,0,13,306.23150364876375,86,13,8,3,15,0,0
15,15,20,23,300.89374039305227,44,15,22,0,9,0,0
11,11,7,4,319.33479858983645,34,78,46,1,3,1,0
2,3,22,15,271.5898207366112,77,87,46,3,14,0,0
1,1,3,2,235.052531583838,61,34,47,5,8,1,0
3,3,6,3,336.208925521283,29,16,41,2,5,1,0
19,19,0,12,297.77902719406603,59,72,64,0,14,0,0
10,11,8,14,266.6324132241147,33,81,51,5,20,0,0
14,15,22,21,346.17833483937375,80,30,2,1,9,0,0
11,11,17,8,154.86189431184852,5,21,7,4,2,0,0
3,3,7,15,277.3789945757596,27,62,60,4,18,0,0
8,9,9,7,159.53036093484042,90,27,56,3,4,0,0
15,15,6,4,202.28112164471963,18,50,64,0,1,1,0
7,7,1,22,311.8002430644464,31,6,49,5,3,0,0
2,3,21,25,310.71172177210826,89,20,3,0,9,0,0
19,19,17,18,196.0318040344669,41,9,52,8,1,0,0
16,17,19,28,259.1190312309649,52,6,26,0,10,0,0
0,0,12,23,251.0153281047557,68,82,54,3,9,0,0
0,0,7,0,257.80503301055586,78,82,33,6,10,0,0
19,19,8,14,289.17036227780847,79,5,31,6,1,0,0
7,7,2,4,292.1387630177637,92,47,34,5,5,0,0
17,17,17,1,194.91134576214665,35,28,25,8,4,0,0
7,7,19,8,231.2816098208673,33,65,1,1,11,0,0
15,15,18,3,152.53109131702138,19,5,52,2,3,0,0
11,11,22,8,180.99701097619953,58,99,20,11,1,0,0
14,15,4,1,326.69368803600264,92,26,5,4,9,1,0
15,15,15,26,150.11670535447237,89,88,25,0,7,0,0
9,9,22,2,203.8387782792107,25,88,5,5,10,1,0
7,7,18,6,239.0742649289305,83,99,27,2,13,0,0
19,19,0,4,324.0551631855875,71,58,40,5,6,1,0
13,13,23,15,208.24757440334457,93,13,26,3,16,0,0
15,15,15,0,184.329582424732,80,13,39,2,11,0,0
13,13,2,15,247.9718803326033,21,27,58,9,3,0,0
3,3,8,10,291.0566232282805,70,53,44,5,4,0,0
12,13,19,8,177.00251854840823,88,37,51,0,2,0,0
1,1,12,8,241.57676460395217,70,78,47,5,19,0,0
5,5,6,2,263.52242313667784,93,73,51,5,2,1,0
13,13,1,26,211.0974573202612,30,74,35,1,9,0,0
7,7,5,10,209.3014144329593,17,18,42,10,10,0,0
10,11,2,6,294.41302861265393,12,61,8,3,17,0,0
3,3,23,17,221.50466867701317,30,70,25,5,7,0,0
17,17,8,8,246.5155424477297,27,71,10,6,6,0,0
13,13,13,16,302.5475140438519,1,42,28,1,6,0,0
2,3,3,3,161.88889089993376,96,14,18,3,3,1,0
10,11,18,8,303.13065198319873,73,17,49,10,7,0,0
14,15,22,20,273.30679279554784,13,41,34,1,3,0,0
8,9,19,2,332.4094659355727,3,43,26,11,3,0,0
0,0,8,20,225.20471911230487,53,97,62,10,9,0,0
17,17,18,19,297.51881534060664,20,38,52,0,10,0,0
0,0,15,15,250.8953930476078,40,63,16,5,2,0,0
3,3,13,23,293.68354012490255,99,66,38,4,5,0,0
0,0,22,4,322.8428435236058,22,25,10,0,18,0,0
11,11,19,9,240.15812245722375,11,74,23,0,16,0,0
19,19,7,7,243.64426325002552,30,32,2,3,1,0,0
6,7,13,0,309.332210581475,92,5,51,5,7,0,0
1,1,20,16,217.12574357596503,75,70,54,2,1,0,0
0,0,6,4,199.6713452395843,11,18,11,0,13,0,0
7,7,19,6,307.67539301934573,61,72,55,5,2,0,0
2,3,23,0,287.3674727174152,61,50,36,1,17,0,0
7,7,18,25,337.0975359421069,50,43,20,6,8,0,0
6,7,8,1,152.08142158160965,97,7,50,5,10,1,0
14,15,23,14,233.8064077336463,73,61,3,6,6,0,0
6,7,21,12,348.14150488978663,10,82,11,1,4,0,0
15,15,7,14,274.8640570746856,99,17,44,3,11,0,0
11,11,9,10,347.49349240510503,84,42,49,1,10,0,0
2,3,21,25,310.71172177210826,89,20,3,0,9,0,0
2,3,23,0,287.3674727174152,61,50,36,1,17,0,0
11,11,19,8,262.9546677006318,84,63,18,5,16,0,0
14,15,11,15,338.4075180652184,84,90,52,5,9,0,0
2,3,19,11,158.12867667818543,62,49,13,11,1,0,0
15,15,10,15,211.60436823147097,37,78,46,3,1,0,0
15,15,15,0,184.329582424732,80,13,39,2,11,0,0
2,3,22,1,232.34539514378025,31,48,39,4,9,1,0
8,9,8,17,326.44079021160496,84,39,41,11,9,0,0
4,5,22,4,203.00471593736884,4,57,37,3,8,0,0
4,5,2,16,278.5760614131056,18,87,53,10,1,0,0
16,17,16,2,290.3916589197906,60,79,8,2,9,1,0
5,5,6,7,231.00309908850377,21,89,63,3,18,0,0
1,1,4,6,247.6268335543806,24,88,39,4,8,0,0
13,13,7,4,208.14191032890344,93,89,62,1,3,0,0
0,0,23,6,210.33610751959213,23,7,49,4,8,0,0
5,5,6,7,231.00309908850377,21,89,63,3,18,0,0
5,5,6,3,300.7814787994702,30,49,21,3,3,1,0
17,17,23,5,167.41616526574313,82,27,8,1,2,1,0
7,7,2,1,328.5038439486106,16,93,17,4,2,0,0
12,13,15,28,189.70922399663215,15,10,48,1,9,0,0
15,15,4,4,328.3311374213109,92,22,42,0,17,0,0
6,7,21,12,348.14150488978663,10,82,11,1,4,0,0
4,5,8,9,315.71676019921307,63,87,42,1,3,0,0
3,3,8,10,291.0566232282805,70,53,44,5,4,0,0
5,5,4,11,258.91179557092005,54,73,56,9,2,0,0
6,7,11,15,304.7525413822246,79,6,28,0,15,0,0
7,7,3,11,292.1325329186075,3,21,41,10,2,0,0
3,3,13,3,271.54707085943636,13,88,10,0,13,0,0
17,17,22,1,276.0336402483868,33,7,18,2,16,0,0
14,15,10,24,150.96419352660286,16,29,14,10,1,0,0
19,19,1,2,273.98553731331384,24,35,62,6,9,0,0
8,9,9,9,260.6769450450763,22,86,48,0,13,0,0
13,13,8,12,177.79793371877247,18,54,64,3,7,0,0
1,1,12,5,331.5018140877552,64,44,35,2,12,0,0
17,17,2,4,224.682865702624,32,86,24,1,9,1,0
2,3,23,0,287.3674727174152,61,50,36,1,17,0,0
5,5,7,29,303.79767577306353,54,86,30,4,2,0,0
6,7,1,9,287.34495996291724,44,78,21,5,12,0,0
5,5,20,20,279.11827141569626,44,56,26,10,8,0,0
3,3,2,1,153.6434057073935,62,44,18,6,7,0,0
3,3,12,5,273.2148665183893,55,21,58,4,11,0,0
14,15,17,4,319.4197617911322,56,40,37,9,1,0,0
18,19,19,17,243.4386745342547,2,33,19,6,5,0,0
16,17,19,28,259.1190312309649,52,6,26,0,10,0,0
12,13,16,24,306.5221500190337,72,30,64,2,4,0,0
12,13,16,12,284.40115698663305,26,61,30,0,12,0,0
1,1,11,5,183.50863219104843,39,51,7,1,3,1,0
6,7,1,28,314.2079236845638,96,83,64,4,9,0,0
0,0,14,2,246.5487369825391,43,64,24,7,2,0,0
7,7,21,24,235.52864447533247,92,24,29,2,7,0,0
11,11,21,26,163.31978802762455,72,59,37,2,6,0,0
13,13,9,10,236.73306655475776,33,97,28,10,9,0,0
8,9,14,22,267.8857262049827,9,22,28,2,7,0,0
14,15,11,15,338.4075180652184,84,90,52,5,9,0,0
12,13,13,0,323.4767468614064,44,4,23,4,20,0,0
7,7,18,25,337.0975359421069,50,43,20,6,8,0,0
17,17,21,13,236.64020044645204,82,92,44,10,1,0,0
18,19,21,14,203.91709797289784,12,14,5,3,9,0,0
2,3,19,11,158.12867667818543,62,49,13,11,1,0,0
13,13,3,14,253.7439299674642,67,3,11,5,18,0,0
17,17,18,1,163.11586993536704,2,13,47,2,8,1,0
2,3,17,23,328.7540473544545,69,15,60,6,7,0,0
10,11,20,8,187.719008401703,85,0,4,2,19,0,0
19,19,7,2,205.0057317983753,95,26,61,1,16,0,0
16,17,5,1,176.56127477803588,39,21,7,11,6,0,0
7,7,2,4,320.03626787315716,68,51,3,10,1,0,0
19,19,4,9,192.687562700932,58,84,27,3,4,0,0
6,7,21,12,348.14150488978663,10,82,11,1,4,0,0
12,13,14,21,261.8163308399415,13,27,59,2,7,0,0
5,5,5,3,298.90227417777396,98,43,39,0,16,0,0
4,5,22,4,203.00471593736884,4,57,37,3,8,0,0
2,3,19,11,158.12867667818543,62,49,13,11,1,0,0
14,15,9,18,230.39794654948247,72,33,46,6,8,0,0
19,19,13,3,332.35352045787454,22,40,42,0,18,0,0
14,15,17,2,171.25635307928118,89,77,63,2,8,1,0
12,13,18,3,226.70694798295565,16,34,15,9,1,0,0
8,9,21,7,187.6007284195495,11,41,8,0,8,0,0
15,15,15,15,191.1012874270355,9,47,31,4,18,0,0
12,13,5,13,164.32796435130942,63,39,43,9,5,0,0
1,1,3,2,235.052531583838,61,34,47,5,8,1,0
9,9,9,13,337.89061976454354,45,35,46,5,16,0,0
6,7,8,29,241.04708565253563,47,16,26,3,4,0,0
1,1,4,28,334.0877275326153,16,46,4,0,8,0,0
1,1,11,21,349.02678436622506,66,27,12,2,7,0,0
5,5,14,12,316.5967173143197,15,77,5,2,3,0,0
6,7,21,12,348.14150488978663,10,82,11,1,4,0,0
19,19,14,9,302.3629506266716,56,60,56,3,13,0,0
6,7,13,0,309.332210581475,92,5,51,5,7,0,0
1,1,4,28,334.0877275326153,16,46,4,0,8,0,0
5,5,20,20,279.11827141569626,44,56,26,10,8,0,0
9,9,22,7,299.35028329084986,49,72,60,6,2,0,0
16,17,3,23,172.57527806746327,16,32,19,11,6,0,0
15,15,14,6,349.6966408721365,27,69,2,1,6,0,0
6,7,8,25,283.1606756322305,47,34,64,5,9,0,0
15,15,10,13,211.10908598351284,87,28,46,10,10,0,0
8,9,9,7,159.53036093484042,90,27,56,3,4,0,0
10,11,22,15,280.08755647520644,22,26,49,1,6,0,0
5,5,16,2,188.3848330594583,65,24,63,0,2,1,0
4,5,7,2,325.1273370239838,46,71,45,2,8,0,0
17,17,12,10,221.90560378387397,12,3,61,3,1,0,0
1,1,22,22,238.3151097744029,46,91,15,4,10,0,0
18,19,21,13,308.8859772949079,65,81,32,11,3,0,0
12,13,21,4,155.86457432311786,70,11,9,1,1,1,0
2,3,10,8,303.016236991206,36,98,52,8,4,0,0
4,5,7,3,305.6847735080575,85,35,44,9,10,0,0
3,3,3,8,261.4653309626562,57,69,34,4,18,0,0
15,15,13,1,151.6832874456111,12,8,32,3,2,0,0
18,19,19,10,163.8104051122485,18,90,49,2,7,0,0
2,3,10,17,309.42121628467874,9,25,62,0,6,0,0
3,3,23,17,221.50466867701317,30,70,25,5,7,0,0
0,0,6,18,266.41983851261017,11,88,9,10,1,0,0
4,5,0,0,226.3885416761852,86,5,27,5,6,1,0
3,3,6,3,336.208925521283,29,16,41,2,5,1,0
2,3,18,25,328.6746124885356,91,50,59,2,3,0,0
3,3,23,26,229.40031388414704,94,27,46,2,10,0,0
9,9,3,14,318.4964733107475,15,74,53,0,1,0,0
2,3,2,16,183.4194725261091,43,43,21,2,4,0,0
1,1,14,26,264.5391901479575,69,27,52,4,5,0,0
16,17,17,8,341.44069627350945,11,70,48,6,5,0,0
10,11,2,6,294.41302861265393,12,61,8,3,17,0,0
6,7,12,12,341.990149695291,16,83,28,11,10,0,0
5,5,15,21,207.91538847662403,11,5,10,5,7,0,0
5,5,6,0,331.18316858449634,89,38,61,1,19,0,0
7,7,1,22,311.8002430644464,31,6,49,5,3,0,0
4,5,4,3,280.23235289999184,97,30,35,1,2,0,0
9,9,14,18,207.92767968294223,89,71,27,2,4,0,0
9,9,15,22,218.15180290673732,35,60,23,3,3,0,0
8,9,2,24,288.06406393328405,85,0,8,1,6,0,0
19,19,7,7,243.64426325002552,30,32,2,3,1,0,0
10,11,13,5,155.6780706957691,74,86,18,7,3,0,0
2,3,23,19,276.02695357106046,67,8,21,9,4,0,0
7,7,18,25,337.0975359421069,50,43,20,6,8,0,0
3,3,13,23,181.58108991535568,62,86,50,3,3,0,0
2,3,10,8,303.016236991206,36,98,52,8,4,0,0
17,17,2,26,187.80494723260597,62,6,50,1,2,0,0
16,17,0,0,287.44653094040126,80,59,13,1,9,1,0
14,15,19,7,160.42461460071468,94,26,43,3,7,0,0
9,9,23,15,189.712132913726,66,74,36,1,9,0,0
15,15,4,4,328.3311374213109,92,22,42,0,17,0,0
2,3,15,3,338.5016238367126,34,10,57,2,18,0,0
8,9,21,8,265.6940058793375,57,83,22,3,17,0,0
5,5,22,13,233.69559582343535,85,22,3,5,2,0,0
18,19,8,15,320.36930769348817,98,67,51,1,20,0,0
16,17,16,12,243.77468647865464,59,64,48,1,15,0,0
10,11,8,6,203.023914397918,10,93,1,6,8,0,0
5,5,22,13,233.69559582343535,85,22,3,5,2,0,0
7,7,10,1,213.9287010853023,79,71,44,4,12,0,0
11,11,7,4,319.33479858983645,34,78,46,1,3,1,0
19,19,13,3,332.35352045787454,22,40,42,0,18,0,0
14,15,20,14,339.92959332676406,28,2,29,9,3,0,0
14,15,18,23,190.91480711091495,21,47,65,6,4,0,0
1,1,20,16,217.12574357596503,75,70,54,2,1,0,0
19,19,3,13,173.01063175312652,49,84,10,5,4,0,0
19,19,3,27,331.83523296232494,99,45,50,0,4,0,0
10,11,8,6,203.023914397918,10,93,1,6,8,0,0
7,7,18,6,239.0742649289305,83,99,27,2,13,0,0
19,19,0,11,306.1762501915084,72,64,19,9,10,0,0
11,11,7,4,319.33479858983645,34,78,46,1,3,1,0
18,19,12,7,214.0281760285033,33,99,42,1,12,0,0
13,13,8,3,164.47214695107456,89,28,8,11,4,0,0
3,3,8,21,226.6852593007017,22,82,18,3,4,0,0
2,3,15,18,231.9032367480828,99,39,28,4,5,0,0
1,1,22,22,238.3151097744029,46,91,15,4,10,0,0
18,19,21,13,308.8859772949079,65,81,32,11,3,0,0
9,9,20,26,232.3862532952493,98,94,8,1,5,0,0
5,5,4,11,258.91179557092005,54,73,56,9,2,0,0
1,1,22,22,238.3151097744029,46,91,15,4,10,0,0
6,7,9,0,193.8922388401394,36,60,42,1,2,0,0
6,7,14,0,298.62869821098604,81,13,63,8,4,0,0
10,11,10,5,293.6155593000929,39,6,53,0,2,0,0
1,1,4,21,309.0394477433892,35,13,62,5,4,0,0
14,15,18,1,161.50406031791442,74,55,33,5,7,1,0
10,11,15,5,203.28619071265484,93,97,3,0,9,0,0
15,15,11,3,243.5787691803345,94,10,38,1,16,0,0
12,13,17,8,152.05532969227505,88,64,55,3,1,0,0
2,3,22,1,232.34539514378025,31,48,39,4,9,1,0
14,15,9,18,230.39794654948247,72,33,46,6,8,0,0
16,17,16,2,290.3916589197906,60,79,8,2,9,1,0
19,19,2,18,248.51017877157653,21,4,62,2,6,0,0
19,19,7,7,243.64426325002552,30,32,2,3,1,0,0
3,3,6,18,213.2553265322592,46,41,36,9,4,0,0
17,17,17,2,326.2841768723538,63,72,2,5,7,0,0
15,15,20,23,300.89374039305227,44,15,22,0,9,0,0
6,7,0,13,200.25584362126511,2,9,20,0,11,0,0
16,17,1,3,204.82976927230075,85,90,33,2,8,1,0
8,9,20,3,224.0573455957928,57,41,40,9,9,0,0
17,17,21,5,198.90760715273785,96,13,18,1,13,0,0
19,19,16,5,224.22255270620792,81,42,11,10,6,0,0
6,7,14,0,298.62869821098604,81,13,63,8,4,0,0
14,15,20,9,191.24288744738016,26,13,49,1,7,0,0
16,17,12,25,152.41400168577812,2,60,63,11,4,0,0
6,7,19,9,308.0499067186777,39,60,36,9,4,0,0
2,3,18,6,270.45752705274174,88,77,25,7,8,0,0
6,7,11,15,304.7525413822246,79,6,28,0,15,0,0
14,15,23,14,233.8064077336463,73,61,3,6,6,0,0
4,5,0,0,226.3885416761852,86,5,27,5,6,1,0
2,3,19,11,158.12867667818543,62,49,13,11,1,0,0
5,5,16,2,188.3848330594583,65,24,63,0,2,1,0
9,9,16,15,339.02500193876665,30,28,31,3,11,0,0
9,9,23,23,162.81799735334783,12,59,53,3,4,0,0
1,1,14,3,316.2114542503879,79,83,61,4,10,0,0
13,13,15,14,206.9012837867812,66,36,38,4,19,0,0
2,3,5,0,276.20514501257674,19,98,27,1,8,0,0
14,15,22,21,346.17833483937375,80,30,2,1,9,0,0
14,15,19,7,160.42461460071468,94,26,43,3,7,0,0
19,19,21,16,284.97915644345676,18,88,21,5,9,0,0
17,17,23,5,167.41616526574313,82,27,8,1,2,1,0
18,19,21,13,308.8859772949079,65,81,32,11,3,0,0
15,15,15,9,194.9219586128723,94,38,53,7,9,0,0
3,3,1,3,339.16025879455196,72,55,16,5,10,1,0
7,7,22,17,316.90924302206855,44,92,22,2,9,0,0
13,13,1,26,211.0974573202612,30,74,35,1,9,0,0
12,13,15,14,189.98675707883623,69,93,7,1,17,0,0
9,9,22,7,299.35028329084986,49,72,60,6,2,0,0
11,11,19,9,240.15812245722375,11,74,23,0,16,0,0
19,19,0,4,324.0551631855875,71,58,40,5,6,1,0
14,15,20,9,191.24288744738016,26,13,49,1,7,0,0
5,5,15,21,207.91538847662403,11,5,10,5,7,0,0
19,19,1,2,273.98553731331384,24,35,62,6,9,0,0
16,17,9,7,319.80122360108237,28,86,7,4,6,0,0
7,7,5,10,209.3014144329593,17,18,42,10,10,0,0
16,17,15,28,322.6572255603965,40,46,9,1,6,0,0
1,1,15,1,276.17817134383716,0,73,43,4,1,0,0
13,13,3,14,253.7439299674642,67,3,11,5,18,0,0
19,19,16,8,329.8010379894677,64,28,49,9,7,0,0
10,11,14,12,152.97368312317576,20,74,31,5,10,0,0
9,9,15,3,228.79221663682503,25,45,16,2,3,0,0
16,17,11,7,168.32900660322085,52,46,31,1,6,0,0
1,1,2,7,295.2780897539248,20,87,64,8,9,0,0
3,3,14,0,266.60819365107994,69,30,5,1,6,1,0
12,13,14,27,269.3974744739902,87,36,13,1,5,0,0
4,5,4,28,219.88015184019156,13,62,5,1,6,0,0
11,11,19,9,240.15812245722375,11,74,23,0,16,0,0
18,19,7,9,216.4412843661547,47,37,11,2,4,0,0
1,1,2,6,329.6117905605674,26,6,63,5,3,0,0
15,15,15,9,194.9219586128723,94,38,53,7,9,0,0
14,15,1,21,317.34604467551657,95,71,40,6,9,0,0
14,15,11,16,228.74058651204,11,8,8,3,10,0,0
11,11,21,4,331.71149999270887,41,56,60,5,17,0,0
5,5,7,22,338.6136749903887,86,82,63,3,6,0,0
15,15,19,21,150.7278122280444,70,34,22,6,8,0,0
19,19,16,8,329.8010379894677,64,28,49,9,7,0,0
14,15,15,3,153.26957735788216,11,41,62,2,2,1,0
5,5,6,0,331.18316858449634,89,38,61,1,19,0,0
5,5,18,6,227.23270221903203,81,36,58,4,16,0,0
11,11,3,5,258.202390636534,68,38,43,3,3,0,0
18,19,8,15,320.36930769348817,98,67,51,1,20,0,0
18,19,7,9,216.4412843661547,47,37,11,2,4,0,0
13,13,10,5,164.26443238167232,42,25,16,11,1,0,0
6,7,6,11,348.2886323828478,15,98,27,3,13,0,0
12,13,18,3,226.70694798295565,16,34,15,9,1,0,0
13,13,9,10,236.73306655475776,33,97,28,10,9,0,0
9,9,21,17,303.4361128863548,46,81,63,3,10,0,0
3,3,14,0,266.60819365107994,69,30,5,1,6,1,0
13,13,6,11,265.5839379451432,94,50,6,1,14,0,0
1,1,8,10,288.34086706699463,91,1,9,11,2,0,0
10,11,0,13,306.23150364876375,86,13,8,3,15,0,0
14,15,17,2,171.25635307928118,89,77,63,2,8,1,0
1,1,15,15,318.6127488079134,82,58,13,7,7,0,0
9,9,15,2,287.2789176480391,57,26,46,1,10,0,0
1,1,7,29,153.16989059424827,11,81,35,2,3,0,0
6,7,15,26,335.70659562117135,97,79,52,0,9,0,0
19,19,21,2,303.0958323271162,11,92,16,8,10,0,0
18,19,3,4,261.7062690897487,64,66,14,4,8,0,0
7,7,2,4,292.1387630177637,92,47,34,5,5,0,0
17,17,8,8,246.5155424477297,27,71,10,6,6,0,0
14,15,15,14,170.21275357413788,69,71,45,1,15,0,0
10,11,18,8,303.13065198319873,73,17,49,10,7,0,0
5,5,6,7,231.00309908850377,21,89,63,3,18,0,0
17,17,23,12,177.57170804858885,87,2,23,0,8,0,0
11,11,23,0,211.29954512823377,57,51,13,0,7,1,0
9,9,22,7,333.99507409881664,90,47,46,4,5,0,0
13,13,3,14,253.7439299674642,67,3,11,5,18,0,0
1,1,12,8,241.57676460395217,70,78,47,5,19,0,0
17,17,17,1,194.91134576214665,35,28,25,8,4,0,0
9,9,14,5,229.13254960333845,79,44,9,4,7,0,0
1,1,2,6,329.6117905605674,26,6,63,5,3,0,0
12,13,0,7,154.302870544328,65,27,12,0,5,0,0
13,13,17,15,250.95876384232716,24,92,2,5,16,0,0
3,3,14,0,266.60819365107994,69,30,5,1,6,1,0
16,17,9,2,185.90359732360423,58,46,56,7,2,0,0
3,3,6,3,336.208925521283,29,16,41,2,5,1,0
19,19,12,20,255.08256057379748,81,80,60,7,9,0,0
2,3,7,10,281.7342782422811,43,4,9,0,6,0,0
19,19,7,16,316.75192976150083,81,81,62,10,8,0,0
13,13,2,15,247.9718803326033,21,27,58,9,3,0,0
2,3,23,19,276.02695357106046,67,8,21,9,4,0,0
16,17,21,9,173.27057522846223,64,88,36,2,7,0,0
1,1,2,6,329.6117905605674,26,6,63,5,3,0,0
19,19,0,8,330.02843155053637,66,68,51,3,9,0,0
19,19,4,9,192.687562700932,58,84,27,3,4,0,0
15,15,18,3,285.1293969590977,0,30,65,9,8,0,0
3,3,3,8,261.4653309626562,57,69,34,4,18,0,0
7,7,7,23,172.23635046108396,49,17,42,0,8,0,0
0,0,13,25,298.9389619749668,78,89,17,2,8,0,0
7,7,1,23,276.4803993495361,16,46,17,2,3,0,0
3,3,17,3,291.4082248850236,58,30,52,8,10,0,0
12,13,11,22,307.6315891337265,99,4,15,7,1,0,0
5,5,8,20,167.02641904114864,53,54,17,4,4,0,0
4,5,4,13,317.6535884834803,20,8,22,11,9,0,0
13,13,9,10,236.73306655475776,33,97,28,10,9,0,0
5,5,6,3,300.7814787994702,30,49,21,3,3,1,0
12,13,16,24,306.5221500190337,72,30,64,2,4,0,0
2,3,20,13,330.4607837981042,8,38,62,11,9,0,0
1,1,23,2,163.67437047084414,45,85,34,2,7,1,0
13,13,2,15,247.9718803326033,21,27,58,9,3,0,0
5,5,22,13,233.69559582343535,85,22,3,5,2,0,0
7,7,18,23,173.52277488403553,95,4,57,6,1,0,0
16,17,17,8,341.44069627350945,11,70,48,6,5,0,0
9,9,17,16,194.51421114790548,42,16,33,0,1,0,0
19,19,1,2,282.45830220264077,40,46,53,5,14,0,0
9,9,12,6,286.08540704946324,91,96,45,2,2,0,0
2,3,7,10,281.7342782422811,43,4,9,0,6,0,0
14,15,18,19,192.34357397190232,21,86,65,1,4,0,0
5,5,7,22,338.6136749903887,86,82,63,3,6,0,0
17,17,18,1,163.11586993536704,2,13,47,2,8,1,0
13,13,3,15,204.3118267564835,48,93,39,6,1,0,0
3,3,13,23,181.58108991535568,62,86,50,3,3,0,0
3,3,21,4,209.46401518770205,22,97,21,5,16,0,0
16,17,19,28,259.1190312309649,52,6,26,0,10,0,0
12,13,13,0,323.4767468614064,44,4,23,4,20,0,0
5,5,5,3,298.90227417777396,98,43,39,0,16,0,0
14,15,22,20,273.30679279554784,13,41,34,1,3,0,0
14,15,0,9,244.870717241156,65,53,56,3,2,0,0
7,7,9,6,319.0329174895406,2,48,41,1,7,0,0
9,9,14,5,229.13254960333845,79,44,9,4,7,0,0
17,17,12,6,241.3856281803464,56,87,26,5,7,0,0
4,5,7,2,325.1273370239838,46,71,45,2,8,0,0
6,7,6,11,348.2886323828478,15,98,27,3,13,0,0
15,15,14,6,349.6966408721365,27,69,2,1,6,0,0
12,13,19,2,287.77475881110485,79,72,31,3,8,0,0
11,11,11,2,339.53770873363766,55,95,48,3,6,0,0
8,9,17,3,288.74455674662937,10,2,65,2,16,0,0
15,15,17,1,324.8128072138962,91,68,4,5,14,0,0
12,13,22,3,173.6591791431509,63,2,33,9,1,0,0
17,17,10,17,222.92650244854087,66,90,57,8,5,0,0
13,13,23,15,208.24757440334457,93,13,26,3,16,0,0
2,3,22,12,176.99366329881389,90,8,28,3,14,0,0
14,15,13,25,220.26866417237528,58,37,8,8,7,0,0
3,3,23,17,221.50466867701317,30,70,25,5,7,0,0
6,7,10,10,174.13184736431603,74,23,25,1,6,0,0
11,11,19,8,262.9546677006318,84,63,18,5,16,0,0
9,9,22,7,299.35028329084986,49,72,60,6,2,0,0
19,19,1,2,282.45830220264077,40,46,53,5,14,0,0
10,11,2,6,294.41302861265393,12,61,8,3,17,0,0
12,13,12,1,223.2706797379821,67,15,44,3,18,0,0
5,5,4,20,260.43164768342393,23,75,36,3,1,0,0
18,19,12,21,301.1424560537821,76,99,35,6,4,0,0
1,1,7,1,228.2441037417125,31,82,13,2,19,0,0
3,3,12,5,273.2148665183893,55,21,58,4,11,0,0
0,0,6,4,199.6713452395843,11,18,11,0,13,0,0
6,7,5,19,273.7232200601861,73,31,14,3,6,0,0
14,15,1,14,233.72039627584024,50,82,59,4,6,0,0
1,1,7,29,153.16989059424827,11,81,35,2,3,0,0
17,17,17,2,326.2841768723538,63,72,2,5,7,0,0
6,7,5,19,273.7232200601861,73,31,14,3,6,0,0
1,1,23,2,163.67437047084414,45,85,34,2,7,1,0
9,9,3,16,348.1826886583418,15,73,8,7,7,0,0
13,13,8,12,177.79793371877247,18,54,64,3,7,0,0
14,15,17,4,319.4197617911322,56,40,37,9,1,0,0
13,13,3,15,204.3118267564835,48,93,39,6,1,0,0
6,7,5,19,273.7232200601861,73,31,14,3,6,0,0
13,13,3,14,253.7439299674642,67,3,11,5,18,0,0
8,9,20,16,190.8570089124228,32,88,12,0,4,0,0
0,0,2,11,305.4637210920437,77,63,42,0,1,0,0
14,15,5,0,323.1517786027221,39,38,14,4,10,1,0
5,5,18,0,318.90426877861535,48,19,10,0,8,1,0
19,19,7,2,205.0057317983753,95,26,61,1,16,0,0
18,19,19,10,163.8104051122485,18,90,49,2,7,0,0
17,17,7,10,194.1423467112541,91,52,56,5,3,0,0
9,9,7,13,219.42221435902752,67,4,42,3,13,0,0
1,1,6,12,329.3036860547469,66,21,29,3,18,0,0
15,15,15,26,150.11670535447237,89,88,25,0,7,0,0
0,0,23,6,210.33610751959213,23,7,49,4,8,0,0
10,11,20,8,187.719008401703,85,0,4,2,19,0,0
14,15,11,15,338.4075180652184,84,90,52,5,9,0,0
6,7,7,20,197.25234395755743,43,70,62,2,5,0,0
19,19,3,8,158.9492372638597,55,11,20,4,4,0,0
16,17,13,7,224.64801131363475,92,66,45,1,8,0,0
7,7,7,23,172.23635046108396,49,17,42,0,8,0,0
10,11,19,7,268.0956107197909,96,75,24,3,1,0,0
4,5,17,12,187.1939444853331,66,99,12,3,20,0,0
0,0,7,0,257.80503301055586,78,82,33,6,10,0,0
11,11,21,26,163.31978802762455,72,59,37,2,6,0,0
11,11,20,9,218.49040642358756,29,9,51,5,3,0,0
12,13,14,18,253.65196878725848,20,69,65,1,2,0,0
2,3,21,16,242.1491270576845,13,37,48,4,4,0,0
16,17,17,20,163.80561873318092,63,2,5,6,4,0,0
19,19,12,22,220.68286347703344,7,13,55,9,3,0,0
13,13,16,18,291.52502674552227,93,1,9,3,3,0,0
5,5,22,13,233.69559582343535,85,22,3,5,2,0,0
18,19,21,9,249.3553752385602,73,99,47,2,5,0,0
1,1,2,7,295.2780897539248,20,87,64,8,9,0,0
7,7,8,16,307.2921263979524,1,2,60,4,7,0,0
0,0,7,0,257.80503301055586,78,82,33,6,10,0,0
19,19,21,16,284.97915644345676,18,88,21,5,9,0,0
3,3,5,25,290.7556915021005,56,60,4,9,4,0,0
9,9,12,6,286.08540704946324,91,96,45,2,2,0,0
17,17,14,1,306.69099323940856,89,64,59,1,10,1,0
16,17,21,20,342.09145200551694,1,25,27,7,2,0,0
11,11,21,10,322.76630242801264,94,78,30,1,10,0,0
7,7,18,23,173.52277488403553,95,4,57,6,1,0,0
6,7,19,2,151.64277122221907,63,2,55,1,5,1,0
19,19,2,18,248.51017877157653,21,4,62,2,6,0,0
6,7,12,12,341.990149695291,16,83,28,11,10,0,0
14,15,5,22,212.36979990973632,50,73,24,7,1,0,0
18,19,3,4,299.74334521727627,20,50,6,4,7,0,0
14,15,15,3,153.26957735788216,11,41,62,2,2,1,0
15,15,15,26,150.11670535447237,89,88,25,0,7,0,0
4,5,22,4,203.00471593736884,4,57,37,3,8,0,0
17,17,18,19,297.51881534060664,20,38,52,0,10,0,0
2,3,15,3,338.5016238367126,34,10,57,2,18,0,0
4,5,19,15,208.59034761997304,62,31,28,4,10,0,0
3,3,1,12,245.9223818190687,60,5,6,6,9,0,0
12,13,11,15,282.66432118778596,36,19,24,4,3,0,0
8,9,20,16,190.8570089124228,32,88,12,0,4,0,0
12,13,2,17,294.5676619943369,83,42,57,5,5,0,0
3,3,8,25,244.15085845351237,85,20,58,2,4,0,0
4,5,22,4,203.00471593736884,4,57,37,3,8,0,0
9,9,15,3,228.79221663682503,25,45,16,2,3,0,0
18,19,3,4,299.74334521727627,20,50,6,4,7,0,0
0,0,4,7,294.99899419145487,87,87,17,4,1,0,0
9,9,16,15,339.02500193876665,30,28,31,3,11,0,0
10,11,7,5,244.06780086681044,51,86,43,2,15,0,0
5,5,11,3,329.945257966134,77,41,15,3,17,0,0
15,15,11,3,243.5787691803345,94,10,38,1,16,0,0
7,7,9,6,319.0329174895406,2,48,41,1,7,0,0
2,3,17,6,241.38879151988357,13,34,18,1,6,0,0
12,13,22,3,173.6591791431509,63,2,33,9,1,0,0
17,17,21,5,198.90760715273785,96,13,18,1,13,0,0
19,19,7,2,205.0057317983753,95,26,61,1,16,0,0
12,13,5,13,164.32796435130942,63,39,43,9,5,0,0
0,0,13,7,326.37549598136974,66,60,64,3,15,0,0
15,15,20,23,300.89374039305227,44,15,22,0,9,0,0
10,11,16,0,281.75584765144833,74,62,40,1,5,0,0
7,7,6,14,216.61275250053424,14,37,51,4,1,0,0
4,5,3,2,178.02456897867438,61,35,6,5,17,0,0
0,0,5,20,175.4759808616792,86,78,23,9,2,0,0
8,9,2,24,288.06406393328405,85,0,8,1,6,0,0
16,17,0,8,204.78243381747603,59,2,33,1,8,0,0
16,17,15,28,322.6572255603965,40,46,9,1,6,0,0
15,15,10,13,211.10908598351284,87,28,46,10,10,0,0
13,13,17,15,250.95876384232716,24,92,2,5,16,0,0
8,9,21,8,265.6940058793375,57,83,22,3,17,0,0
15,15,19,21,150.7278122280444,70,34,22,6,8,0,0
1,1,5,7,208.76371767064077,97,77,28,7,3,0,0
17,17,0,16,342.97033700978204,87,18,32,1,2,0,0
15,15,17,1,324.8128072138962,91,68,4,5,14,0,0
3,3,1,3,339.16025879455196,72,55,16,5,10,1,0
12,13,21,4,155.86457432311786,70,11,9,1,1,1,0
19,19,20,2,330.96137542865654,58,82,27,3,8,0,0
12,13,19,8,177.00251854840823,88,37,51,0,2,0,0
6,7,1,10,210.2940044783363,70,93,62,5,18,0,0
19,19,21,24,346.35490811396477,55,81,34,9,9,0,0
6,7,17,14,205.90863355712864,44,55,24,0,13,0,0
9,9,12,6,286.08540704946324,91,96,45,2,2,0,0
3,3,1,12,245.9223818190687,60,5,6,6,9,0,0
15,15,12,13,186.1817370222823,28,99,1,3,9,0,0
15,15,6,4,202.28112164471963,18,50,64,0,1,1,0
18,19,3,4,299.74334521727627,20,50,6,4,7,0,0
15,15,12,13,173.84673181217352,38,15,10,7,1,0,0
14,15,1,2,265.84434426798595,57,83,53,2,6,1,0
0,0,2,11,305.4637210920437,77,63,42,0,1,0,0
19,19,3,13,173.01063175312652,49,84,10,5,4,0,0
1,1,5,7,235.15169483344752,91,3,21,4,13,0,0
3,3,0,5,326.7453499274422,54,87,29,10,8,0,0
9,9,23,15,189.712132913726,66,74,36,1,9,0,0
15,15,10,15,211.60436823147097,37,78,46,3,1,0,0
12,13,17,8,152.05532969227505,88,64,55,3,1,0,0
15,15,12,13,173.84673181217352,38,15,10,7,1,0,0
1,1,12,4,276.1824829285468,80,76,60,1,16,0,0
7,7,21,24,235.52864447533247,92,24,29,2,7,0,0
8,9,21,7,187.6007284195495,11,41,8,0,8,0,0
12,13,18,3,226.70694798295565,16,34,15,9,1,0,0
5,5,6,2,263.52242313667784,93,73,51,5,2,1,0
11,11,11,2,339.53770873363766,55,95,48,3,6,0,0
4,5,16,11,161.07162892932047,47,42,8,5,12,0,0
19,19,0,12,297.77902719406603,59,72,64,0,14,0,0
7,7,20,13,207.6455295327683,92,28,22,6,1,0,0
17,17,2,4,227.9022045946453,34,75,15,1,2,0,0
16,17,21,20,342.09145200551694,1,25,27,7,2,0,0
11,11,7,4,319.33479858983645,34,78,46,1,3,1,0
3,3,7,7,223.39734068762195,37,71,48,1,9,0,0
11,11,18,25,239.62942642427967,42,76,57,5,1,0,0
6,7,5,29,206.79321691140973,37,50,49,2,2,0,0
11,11,21,25,246.9835002489293,92,51,4,4,1,0,0
7,7,1,22,311.8002430644464,31,6,49,5,3,0,0
1,1,7,29,153.16989059424827,11,81,35,2,3,0,0
6,7,11,15,304.7525413822246,79,6,28,0,15,0,0
17,17,12,6,241.3856281803464,56,87,26,5,7,0,0
14,15,10,24,150.96419352660286,16,29,14,10,1,0,0
2,3,21,16,242.1491270576845,13,37,48,4,4,0,0
6,7,5,29,206.79321691140973,37,50,49,2,2,0,0
3,3,13,3,271.54707085943636,13,88,10,0,13,0,0
0,0,8,5,209.63371433905888,97,44,19,1,8,0,0
2,3,4,12,272.46322118447813,13,62,10,9,1,0,0
4,5,0,0,226.3885416761852,86,5,27,5,6,1,0
11,11,10,24,332.24979274388573,0,23,38,7,1,0,0
7,7,18,6,300.45731538984336,34,60,63,10,7,0,0
6,7,19,2,151.64277122221907,63,2,55,1,5,1,0
1,1,12,5,331.5018140877552,64,44,35,2,12,0,0
16,17,3,23,172.57527806746327,16,32,19,11,6,0,0
3,3,22,28,185.53233752902045,37,71,19,4,7,0,0
3,3,10,24,192.3741236929868,40,20,61,0,10,0,0
10,11,21,8,346.02644351064544,52,56,27,7,2,0,0
3,3,13,7,176.87186757657406,69,56,16,6,2,0,0
4,5,5,9,343.1813645062218,22,46,26,2,9,0,0
19,19,0,8,330.02843155053637,66,68,51,3,9,0,0
0,0,2,19,342.54702778886946,92,74,12,7,6,0,0
6,7,13,0,309.332210581475,92,5,51,5,7,0,0
0,0,6,4,199.6713452395843,11,18,11,0,13,0,0
14,15,9,18,230.39794654948247,72,33,46,6,8,0,0
5,5,15,21,207.91538847662403,11,5,10,5,7,0,0
2,3,10,17,309.42121628467874,9,25,62,0,6,0,0
3,3,12,5,273.2148665183893,55,21,58,4,11,0,0
2,3,17,7,159.4026130094446,10,46,57,10,9,0,0
1,1,11,5,183.50863219104843,39,51,7,1,3,1,0
1,1,20,16,217.12574357596503,75,70,54,2,1,0,0
1,1,20,2,186.88428979040827,20,92,36,1,1,1,0
19,19,0,4,324.0551631855875,71,58,40,5,6,1,0
8,9,22,2,205.6070801958289,69,19,63,2,8,0,0
0,0,1,3,182.5375983705464,87,45,64,4,6,0,0
0,0,2,19,342.54702778886946,92,74,12,7,6,0,0
12,13,17,8,152.05532969227505,88,64,55,3,1,0,0
10,11,12,8,311.12205742133426,10,72,2,3,8,0,0
11,11,21,4,331.71149999270887,41,56,60,5,17,0,0
16,17,4,4,342.7548067065481,89,62,18,4,8,0,0
0,0,18,12,309.39336333158565,92,90,14,8,6,0,0
1,1,3,18,302.80776257819065,75,88,4,2,5,0,0
3,3,8,10,291.0566232282805,70,53,44,5,4,0,0
7,7,1,23,276.4803993495361,16,46,17,2,3,0,0
2,3,17,23,328.7540473544545,69,15,60,6,7,0,0
10,11,18,8,303.13065198319873,73,17,49,10,7,0,0
4,5,4,28,219.88015184019156,13,62,5,1,6,0,0
6,7,7,0,334.7430445644031,14,99,52,10,1,0,0
17,17,7,10,194.1423467112541,91,52,56,5,3,0,0
6,7,7,0,334.7430445644031,14,99,52,10,1,0,0
10,11,18,14,190.0751923156156,92,50,27,3,8,0,0
10,11,16,0,281.75584765144833,74,62,40,1,5,0,0
2,3,22,29,270.8820534578562,61,83,59,2,4,0,0
19,19,3,13,173.01063175312652,49,84,10,5,4,0,0
11,11,0,26,215.93865043740237,39,47,45,0,9,0,0
1,1,12,4,276.1824829285468,80,76,60,1,16,0,0
13,13,18,12,208.43814604895343,36,6,7,3,11,0,0
4,5,0,0,226.3885416761852,86,5,27,5,6,1,0
3,3,7,12,155.62001641847343,1,42,36,9,8,0,0
18,19,3,4,261.7062690897487,64,66,14,4,8,0,0
5,5,20,19,280.62722416553515,53,51,35,8,9,0,0
14,15,22,20,273.30679279554784,13,41,34,1,3,0,0
7,7,1,22,311.8002430644464,31,6,49,5,3,0,0
9,9,23,15,189.712132913726,66,74,36,1,9,0,0
1,1,22,13,320.51527126470614,19,62,44,3,8,0,0
2,3,20,5,156.88762897042557,1,37,26,1,16,0,0
13,13,16,18,291.52502674552227,93,1,9,3,3,0,0
4,5,23,16,235.89121289593905,44,1,21,6,3,0,0
6,7,8,29,241.04708565253563,47,16,26,3,4,0,0
2,3,3,3,161.88889089993376,96,14,18,3,3,1,0
19,19,11,8,270.63170204496834,31,37,8,3,1,0,0
10,11,18,14,190.0751923156156,92,50,27,3,8,0,0
14,15,18,4,216.5826647436129,10,96,53,3,2,1,0
10,11,21,9,231.06739442206447,22,58,39,3,6,0,0
11,11,19,27,201.59091378777848,0,35,47,2,4,0,0
8,9,19,2,332.4094659355727,3,43,26,11,3,0,0
0,0,3,25,257.27165629165575,40,65,20,8,9,0,0
13,13,13,16,302.5475140438519,1,42,28,1,6,0,0
2,3,15,3,338.5016238367126,34,10,57,2,18,0,0
19,19,0,2,226.520401991251,76,31,22,4,5,0,0
4,5,22,4,203.00471593736884,4,57,37,3,8,0,0
1,1,11,5,183.50863219104843,39,51,7,1,3,1,0
7,7,15,5,318.7959436765039,8,50,11,0,8,0,0
16,17,21,20,342.09145200551694,1,25,27,7,2,0,0
3,3,23,17,221.50466867701317,30,70,25,5,7,0,0
9,9,7,15,309.94997801495515,33,58,62,10,5,0,0
10,11,0,13,306.23150364876375,86,13,8,3,15,0,0
14,15,20,14,339.92959332676406,28,2,29,9,3,0,0
1,1,20,2,186.88428979040827,20,92,36,1,1,1,0
4,5,4,3,280.23235289999184,97,30,35,1,2,0,0
9,9,0,1,297.27624769769,49,77,62,10,2,0,0
19,19,20,15,172.37910125642594,44,86,62,0,18,0,0
4,5,16,11,161.07162892932047,47,42,8,5,12,0,0
3,3,22,28,185.53233752902045,37,71,19,4,7,0,0
2,3,8,10,204.0293711593529,85,98,36,5,1,0,0
3,3,8,21,226.6852593007017,22,82,18,3,4,0,0
4,5,2,16,278.5760614131056,18,87,53,10,1,0,0
14,15,23,14,233.8064077336463,73,61,3,6,6,0,0
0,0,6,18,266.41983851261017,11,88,9,10,1,0,0
12,13,12,1,223.2706797379821,67,15,44,3,18,0,0
15,15,2,2,175.9375876578594,45,90,22,3,20,0,0
14,15,13,25,220.26866417237528,58,37,8,8,7,0,0
4,5,17,4,258.4930413111439,12,74,63,9,4,0,0
19,19,22,9,349.21819850193293,10,51,33,7,5,0,0
10,11,8,14,266.6324132241147,33,81,51,5,20,0,0
14,15,21,15,226.94522217581093,97,28,60,7,8,0,0
15,15,11,0,223.4471418846725,96,58,61,3,10,1,0
0,0,1,3,182.5375983705464,87,45,64,4,6,0,0
6,7,9,0,193.8922388401394,36,60,42,1,2,0,0
4,5,17,4,258.4930413111439,12,74,63,9,4,0,0
16,17,1,3,204.82976927230075,85,90,33,2,8,1,0
12,13,17,8,152.05532969227505,88,64,55,3,1,0,0
6,7,9,0,193.8922388401394,36,60,42,1,2,0,0
2,3,21,16,242.1491270576845,13,37,48,4,4,0,0
10,11,11,3,294.8531218668951,95,99,27,5,12,0,0
19,19,16,5,224.22255270620792,81,42,11,10,6,0,0
6,7,10,10,174.13184736431603,74,23,25,1,6,0,0
5,5,4,11,258.91179557092005,54,73,56,9,2,0,0
7,7,2,4,292.1387630177637,92,47,34,5,5,0,0
16,17,12,25,152.41400168577812,2,60,63,11,4,0,0
6,7,19,9,308.0499067186777,39,60,36,9,4,0,0
19,19,13,3,332.35352045787454,22,40,42,0,18,0,0
10,11,18,18,163.6162429872018,1,3,25,6,6,0,0
2,3,17,7,159.4026130094446,10,46,57,10,9,0,0
6,7,11,15,304.7525413822246,79,6,28,0,15,0,0
2,3,5,0,276.20514501257674,19,98,27,1,8,0,0
18,19,20,13,332.6351557475837,63,10,22,2,14,0,0
5,5,8,20,167.02641904114864,53,54,17,4,4,0,0
16,17,21,20,342.09145200551694,1,25,27,7,2,0,0
4,5,2,16,278.5760614131056,18,87,53,10,1,0,0
11,11,7,2,325.979890614753,72,73,2,5,2,0,0
11,11,20,9,218.49040642358756,29,9,51,5,3,0,0
0,0,23,6,210.33610751959213,23,7,49,4,8,0,0
16,17,15,5,293.75330387101747,87,46,2,11,9,0,0
2,3,10,8,303.016236991206,36,98,52,8,4,0,0
14,15,21,15,226.94522217581093,97,28,60,7,8,0,0
3,3,6,18,213.2553265322592,46,41,36,9,4,0,0
15,15,18,3,285.1293969590977,0,30,65,9,8,0,0
9,9,17,11,173.5060148199364,80,75,20,1,5,0,0
0,0,15,15,250.8953930476078,40,63,16,5,2,0,0
10,11,0,4,217.15626529271205,74,33,60,3,19,0,0
19,19,21,24,346.35490811396477,55,81,34,9,9,0,0
2,3,10,17,309.42121628467874,9,25,62,0,6,0,0
0,0,16,19,239.69327322427475,14,40,58,11,9,0,0
9,9,1,4,166.68802108521467,69,61,24,8,8,0,0
7,7,2,4,292.1387630177637,92,47,34,5,5,0,0
2,3,23,0,287.3674727174152,61,50,36,1,17,0,0
8,9,19,15,178.34250149522646,40,46,27,4,3,0,0
1,1,12,4,276.1824829285468,80,76,60,1,16,0,0
6,7,8,1,152.08142158160965,97,7,50,5,10,1,0
4,5,4,3,280.23235289999184,97,30,35,1,2,0,0
8,9,14,22,267.8857262049827,9,22,28,2,7,0,0
1,1,7,29,153.16989059424827,11,81,35,2,3,0,0
11,11,18,25,239.62942642427967,42,76,57,5,1,0,0
11,11,4,2,213.4116373891904,92,95,7,2,9,0,0
5,5,20,20,279.11827141569626,44,56,26,10,8,0,0
3,3,1,5,178.75239135034914,94,33,6,2,4,0,0
5,5,20,19,280.62722416553515,53,51,35,8,9,0,0
3,3,5,7,213.9849762049079,83,16,5,3,1,0,0
19,19,7,8,263.69487064314467,86,95,20,10,7,0,0
7,7,2,4,292.1387630177637,92,47,34,5,5,0,0
17,17,22,4,331.696374891376,49,25,63,4,10,0,0
12,13,11,22,307.6315891337265,99,4,15,7,1,0,0
1,1,20,5,349.63661432665225,88,19,56,0,5,1,0
11,11,2,12,196.4831773841584,24,67,32,5,2,0,0
3,3,10,24,192.3741236929868,40,20,61,0,10,0,0
10,11,20,8,249.00957574513487,7,8,12,3,9,0,0
7,7,15,5,318.7959436765039,8,50,11,0,8,0,0
5,5,4,8,236.06234252441064,47,85,6,2,20,0,0
1,1,15,21,257.6608483950735,43,94,9,8,9,0,0
0,0,18,12,309.39336333158565,92,90,14,8,6,0,0
14,15,22,20,273.30679279554784,13,41,34,1,3,0,0
5,5,11,8,213.55424123716696,36,68,48,10,10,0,0
15,15,12,13,173.84673181217352,38,15,10,7,1,0,0
1,1,12,4,276.1824829285468,80,76,60,1,16,0,0
9,9,14,18,207.92767968294223,89,71,27,2,4,0,0
2,3,18,14,280.1072480402964,99,16,26,10,3,0,0
3,3,4,22,273.63672763103654,43,23,27,0,2,0,0
4,5,1,15,228.40028707619592,78,61,52,8,1,0,0
16,17,12,16,236.24269517294076,45,53,47,2,6,0,0
8,9,8,10,312.6128262760023,41,53,50,1,16,0,0
4,5,3,6,156.78586737326688,14,33,41,5,2,0,0
12,13,15,7,211.27096123310807,95,97,17,0,8,0,0
4,5,22,13,297.44702859733934,55,23,65,11,7,0,0
9,9,17,9,187.690637911475,1,9,15,11,2,0,0
16,17,15,5,293.75330387101747,87,46,2,11,9,0,0
14,15,13,25,220.26866417237528,58,37,8,8,7,0,0
16,17,15,5,293.75330387101747,87,46,2,11,9,0,0
11,11,7,2,325.979890614753,72,73,2,5,2,0,0
7,7,3,20,163.54904381762404,74,2,2,8,1,0,0
11,11,1,24,316.64097130261433,63,91,27,1,7,0,0
16,17,1,3,204.82976927230075,85,90,33,2,8,1,0
6,7,11,15,304.7525413822246,79,6,28,0,15,0,0
14,15,18,4,216.5826647436129,10,96,53,3,2,1,0
11,11,1,24,316.64097130261433,63,91,27,1,7,0,0
17,17,22,4,331.696374891376,49,25,63,4,10,0,0
4,5,4,28,219.88015184019156,13,62,5,1,6,0,0
2,3,12,3,210.72266994255097,8,95,32,2,5,0,0
1,1,3,2,235.052531583838,61,34,47,5,8,1,0
19,19,17,18,196.0318040344669,41,9,52,8,1,0,0
16,17,19,28,259.1190312309649,52,6,26,0,10,0,0
5,5,11,3,329.945257966134,77,41,15,3,17,0,0
1,1,23,2,163.67437047084414,45,85,34,2,7,1,0
4,5,4,4,210.26562247311463,64,63,10,11,3,0,0
15,15,18,3,285.1293969590977,0,30,65,9,8,0,0
1,1,7,1,228.2441037417125,31,82,13,2,19,0,0
12,13,14,21,261.8163308399415,13,27,59,2,7,0,0
0,0,6,18,266.41983851261017,11,88,9,10,1,0,0
19,19,11,8,270.63170204496834,31,37,8,3,1,0,0
2,3,17,26,309.00985744130844,1,49,2,0,10,0,0
4,5,8,9,315.71676019921307,63,87,42,1,3,0,0
6,7,13,19,328.7674364106922,67,62,59,5,2,0,0
14,15,21,15,226.94522217581093,97,28,60,7,8,0,0
18,19,19,10,163.8104051122485,18,90,49,2,7,0,0
2,3,18,14,280.1072480402964,99,16,26,10,3,0,0
4,5,3,6,156.78586737326688,14,33,41,5,2,0,0
15,15,17,3,200.8591002736799,5,4,40,11,8,0,0
19,19,17,18,196.0318040344669,41,9,52,8,1,0,0
15,15,11,3,243.5787691803345,94,10,38,1,16,0,0
18,19,3,4,261.7062690897487,64,66,14,4,8,0,0
19,19,14,9,302.3629506266716,56,60,56,3,13,0,0
8,9,8,10,312.6128262760023,41,53,50,1,16,0,0
12,13,21,4,155.86457432311786,70,11,9,1,1,1,0
0,0,5,20,175.4759808616792,86,78,23,9,2,0,0
1,1,4,6,247.6268335543806,24,88,39,4,8,0,0
3,3,13,23,181.58108991535568,62,86,50,3,3,0,0
0,0,13,25,298.9389619749668,78,89,17,2,8,0,0
13,13,21,21,279.425610498597,16,86,3,4,3,0,0
2,3,17,26,309.00985744130844,1,49,2,0,10,0,0
2,3,10,17,309.42121628467874,9,25,62,0,6,0,0
6,7,11,15,304.7525413822246,79,6,28,0,15,0,0
18,19,3,4,299.74334521727627,20,50,6,4,7,0,0
13,13,16,18,291.52502674552227,93,1,9,3,3,0,0
19,19,0,4,324.0551631855875,71,58,40,5,6,1,0
8,9,19,15,178.34250149522646,40,46,27,4,3,0,0
11,11,17,8,154.86189431184852,5,21,7,4,2,0,0
14,15,17,4,319.4197617911322,56,40,37,9,1,0,0
7,7,1,23,276.4803993495361,16,46,17,2,3,0,0
2,3,15,18,231.9032367480828,99,39,28,4,5,0,0
16,17,9,2,185.90359732360423,58,46,56,7,2,0,0
15,15,15,0,184.329582424732,80,13,39,2,11,0,0
2,3,22,12,176.99366329881389,90,8,28,3,14,0,0
15,15,18,3,152.53109131702138,19,5,52,2,3,0,0
11,11,2,12,196.4831773841584,24,67,32,5,2,0,0
17,17,9,27,288.41930328747856,93,77,54,3,7,0,0
6,7,13,0,309.332210581475,92,5,51,5,7,0,0
14,15,18,23,307.87537721736277,77,18,55,4,1,0,0
1,1,15,15,318.6127488079134,82,58,13,7,7,0,0
12,13,22,3,173.6591791431509,63,2,33,9,1,0,0
8,9,7,15,287.08778742355275,85,30,26,8,1,0,0
19,19,0,8,330.02843155053637,66,68,51,3,9,0,0
12,13,15,14,189.98675707883623,69,93,7,1,17,0,0
14,15,22,5,155.79724370976015,6,42,63,6,4,0,0
4,5,16,11,161.07162892932047,47,42,8,5,12,0,0
16,17,5,1,176.56127477803588,39,21,7,11,6,0,0
13,13,18,5,186.07185889447985,57,27,18,11,2,0,0
18,19,7,9,216.4412843661547,47,37,11,2,4,0,0
15,15,0,27,337.96334339523133,84,5,12,0,8,0,0
5,5,7,29,303.79767577306353,54,86,30,4,2,0,0
16,17,15,28,322.6572255603965,40,46,9,1,6,0,0
8,9,9,7,159.53036093484042,90,27,56,3,4,0,0
12,13,0,7,154.302870544328,65,27,12,0,5,0,0
19,19,13,3,332.35352045787454,22,40,42,0,18,0,0
16,17,11,7,168.32900660322085,52,46,31,1,6,0,0
0,0,8,5,209.63371433905888,97,44,19,1,8,0,0
6,7,7,20,197.25234395755743,43,70,62,2,5,0,0
5,5,2,25,251.1614521122177,47,34,22,5,4,0,0
1,1,22,1,212.53414058780345,39,72,6,4,8,0,0
16,17,5,25,274.1368173739198,60,47,47,11,8,0,0
3,3,6,18,213.2553265322592,46,41,36,9,4,0,0
4,5,15,0,334.34924886631654,49,71,58,4,5,0,0
14,15,9,18,230.39794654948247,72,33,46,6,8,0,0
5,5,5,3,298.90227417777396,98,43,39,0,16,0,0
12,13,3,6,190.88980613598108,23,11,31,3,17,0,0
17,17,22,4,331.696374891376,49,25,63,4,10,0,0
1,1,20,5,349.63661432665225,88,19,56,0,5,1,0
14,15,5,0,323.1517786027221,39,38,14,4,10,1,0
11,11,8,10,171.16222314526286,50,3,37,7,10,0,0
19,19,4,9,192.687562700932,58,84,27,3,4,0,0
12,13,14,21,261.8163308399415,13,27,59,2,7,0,0
15,15,23,13,333.8038736268367,40,37,41,3,5,0,0
13,13,6,11,265.5839379451432,94,50,6,1,14,0,0
5,5,15,21,207.91538847662403,11,5,10,5,7,0,0
11,11,21,4,331.71149999270887,41,56,60,5,17,0,0
14,15,15,3,153.26957735788216,11,41,62,2,2,1,0
19,19,12,22,220.68286347703344,7,13,55,9,3,0,0
18,19,23,14,313.27212164967494,63,60,30,0,20,0,0
13,13,7,5,241.63405298581984,74,23,8,11,7,0,0
9,9,16,15,339.02500193876665,30,28,31,3,11,0,0
16,17,0,0,287.44653094040126,80,59,13,1,9,1,0
18,19,19,10,163.8104051122485,18,90,49,2,7,0,0
7,7,19,6,307.67539301934573,61,72,55,5,2,0,0
18,19,19,10,163.8104051122485,18,90,49,2,7,0,0
18,19,3,4,261.7062690897487,64,66,14,4,8,0,0
15,15,15,22,184.25202202459172,77,6,12,6,9,0,0
15,15,12,13,173.84673181217352,38,15,10,7,1,0,0
5,5,23,9,271.6605806929609,75,70,52,6,10,0,0
2,3,10,17,309.42121628467874,9,25,62,0,6,0,0
0,0,1,3,182.5375983705464,87,45,64,4,6,0,0
13,13,17,15,221.4793040269297,56,12,34,1,6,0,0
2,3,3,3,161.88889089993376,96,14,18,3,3,1,0
12,13,11,22,307.6315891337265,99,4,15,7,1,0,0
8,9,22,1,280.36582505601467,47,27,31,2,11,0,0
13,13,19,12,169.48531129987904,17,94,30,5,20,0,0
10,11,12,8,311.12205742133426,10,72,2,3,8,0,0
18,19,3,4,261.7062690897487,64,66,14,4,8,0,0
7,7,3,20,163.54904381762404,74,2,2,8,1,0,0
4,5,1,23,305.448642862993,33,65,45,8,7,0,0
0,0,8,20,225.20471911230487,53,97,62,10,9,0,0
11,11,22,8,180.99701097619953,58,99,20,11,1,0,0
7,7,3,11,292.1325329186075,3,21,41,10,2,0,0
3,3,13,3,271.54707085943636,13,88,10,0,13,0,0
2,3,8,10,204.0293711593529,85,98,36,5,1,0,0
13,13,3,15,204.3118267564835,48,93,39,6,1,0,0
0,0,14,2,246.5487369825391,43,64,24,7,2,0,0
6,7,9,25,230.09824621059624,5,20,23,4,9,0,0
17,17,17,1,194.91134576214665,35,28,25,8,4,0,0
3,3,21,4,209.46401518770205,22,97,21,5,16,0,0
19,19,4,9,192.687562700932,58,84,27,3,4,0,0
0,0,10,17,154.38400137138655,22,31,19,0,5,0,0
10,11,5,15,234.8504448363406,68,53,15,0,3,0,0
8,9,17,1,317.6574899314014,84,46,65,2,6,1,0
18,19,3,21,183.5876673061043,93,51,60,9,10,0,0
19,19,3,8,158.9492372638597,55,11,20,4,4,0,0
8,9,14,1,326.480445260555,70,96,6,1,3,0,0
19,19,21,2,303.0958323271162,11,92,16,8,10,0,0
0,0,14,6,165.34308838974445,73,20,15,9,1,0,0
3,3,1,24,269.88195291908005,12,11,48,5,9,0,0
19,19,16,8,329.8010379894677,64,28,49,9,7,0,0
11,11,0,19,258.4294721341461,66,29,7,7,7,0,0
13,13,7,5,241.63405298581984,74,23,8,11,7,0,0
16,17,21,20,342.09145200551694,1,25,27,7,2,0,0
2,3,5,0,276.20514501257674,19,98,27,1,8,0,0
14,15,18,4,216.5826647436129,10,96,53,3,2,1,0
11,11,3,5,258.202390636534,68,38,43,3,3,0,0
3,3,5,25,290.7556915021005,56,60,4,9,4,0,0
0,0,18,12,309.39336333158565,92,90,14,8,6,0,0
9,9,18,1,234.0034033125289,2,5,63,3,18,0,0
5,5,6,2,263.52242313667784,93,73,51,5,2,1,0
15,15,12,13,186.1817370222823,28,99,1,3,9,0,0
6,7,9,0,193.8922388401394,36,60,42,1,2,0,0
3,3,6,3,336.208925521283,29,16,41,2,5,1,0
10,11,6,7,224.24663535868427,84,63,46,1,15,0,0
15,15,12,13,186.1817370222823,28,99,1,3,9,0,0
13,13,3,14,253.7439299674642,67,3,11,5,18,0,0
16,17,0,8,204.78243381747603,59,2,33,1,8,0,0
14,15,20,25,196.8377482883876,27,58,62,1,10,0,0
0,0,21,23,246.5870377091668,16,16,34,10,5,0,0
7,7,18,6,300.45731538984336,34,60,63,10,7,0,0
1,1,20,16,217.12574357596503,75,70,54,2,1,0,0
14,15,7,25,150.258708421504,54,74,5,10,9,0,0
15,15,13,1,151.6832874456111,12,8,32,3,2,0,0
5,5,6,2,263.52242313667784,93,73,51,5,2,1,0
2,3,7,10,281.7342782422811,43,4,9,0,6,0,0
16,17,12,16,236.24269517294076,45,53,47,2,6,0,0
18,19,1,7,187.24938006891463,14,6,5,2,10,0,0
6,7,1,9,287.34495996291724,44,78,21,5,12,0,0
18,19,19,10,163.8104051122485,18,90,49,2,7,0,0
7,7,2,26,190.24758993183104,23,51,5,1,1,0,0
15,15,18,22,191.61480805929713,84,29,47,5,9,0,0
10,11,14,12,152.97368312317576,20,74,31,5,10,0,0
4,5,18,4,240.49649711749257,44,48,32,4,1,0,0
8,9,7,15,287.08778742355275,85,30,26,8,1,0,0
6,7,1,9,287.34495996291724,44,78,21,5,12,0,0
3,3,1,5,178.75239135034914,94,33,6,2,4,0,0
8,9,20,3,224.0573455957928,57,41,40,9,9,0,0
3,3,8,25,244.15085845351237,85,20,58,2,4,0,0
8,9,20,0,246.2848723444782,3,43,56,7,1,0,0
17,17,17,1,194.91134576214665,35,28,25,8,4,0,0
10,11,0,13,306.23150364876375,86,13,8,3,15,0,0
7,7,19,8,231.2816098208673,33,65,1,1,11,0,0
7,7,15,3,267.5998365747776,0,76,21,0,9,0,0
17,17,23,12,177.57170804858885,87,2,23,0,8,0,0
14,15,20,9,191.24288744738016,26,13,49,1,7,0,0
7,7,15,5,318.7959436765039,8,50,11,0,8,0,0
11,11,19,8,262.9546677006318,84,63,18,5,16,0,0
15,15,11,3,243.5787691803345,94,10,38,1,16,0,0
7,7,22,17,316.90924302206855,44,92,22,2,9,0,0
1,1,5,7,235.15169483344752,91,3,21,4,13,0,0
4,5,0,0,226.3885416761852,86,5,27,5,6,1,0
12,13,13,0,323.4767468614064,44,4,23,4,20,0,0
3,3,8,25,244.15085845351237,85,20,58,2,4,0,0
9,9,2,13,157.89826138274128,18,36,60,0,5,0,0
19,19,21,2,303.0958323271162,11,92,16,8,10,0,0
19,19,3,13,173.01063175312652,49,84,10,5,4,0,0
1,1,23,2,163.67437047084414,45,85,34,2,7,1,0
1,1,22,22,238.3151097744029,46,91,15,4,10,0,0
6,7,6,11,348.2886323828478,15,98,27,3,13,0,0
4,5,7,2,325.1273370239838,46,71,45,2,8,0,0
4,5,1,23,305.448642862993,33,65,45,8,7,0,0
0,0,2,1,223.9518317617581,33,4,6,9,1,0,0
6,7,8,29,241.04708565253563,47,16,26,3,4,0,0
15,15,14,6,349.6966408721365,27,69,2,1,6,0,0
19,19,16,26,275.29309079597476,29,77,59,2,4,0,0
19,19,1,2,273.98553731331384,24,35,62,6,9,0,0
5,5,10,7,229.27323983698807,21,42,4,2,13,0,0
16,17,21,21,300.1709966772489,44,37,22,9,3,0,0
17,17,12,6,241.3856281803464,56,87,26,5,7,0,0
0,0,4,7,294.99899419145487,87,87,17,4,1,0,0
13,13,18,12,208.43814604895343,36,6,7,3,11,0,0
12,13,19,8,177.00251854840823,88,37,51,0,2,0,0
6,7,1,28,314.2079236845638,96,83,64,4,9,0,0
6,7,17,14,205.90863355712864,44,55,24,0,13,0,0
0,0,22,4,322.8428435236058,22,25,10,0,18,0,0
3,3,2,1,153.6434057073935,62,44,18,6,7,0,0
5,5,2,9,282.28185237397014,42,83,40,0,2,0,0
18,19,7,9,216.4412843661547,47,37,11,2,4,0,0
14,15,17,2,171.25635307928118,89,77,63,2,8,1,0
0,0,16,19,239.69327322427475,14,40,58,11,9,0,0
16,17,9,7,319.80122360108237,28,86,7,4,6,0,0
1,1,3,2,235.052531583838,61,34,47,5,8,1,0
8,9,7,15,287.08778742355275,85,30,26,8,1,0,0
0,0,13,18,271.5598588040412,29,97,31,1,6,0,0
7,7,8,22,192.32223436696103,47,97,35,9,7,0,0
19,19,11,8,270.63170204496834,31,37,8,3,1,0,0
3,3,1,3,339.16025879455196,72,55,16,5,10,1,0
19,19,16,26,275.29309079597476,29,77,59,2,4,0,0
11,11,21,4,331.71149999270887,41,56,60,5,17,0,0
8,9,18,15,301.56020575528873,39,25,56,2,3,0,0
15,15,7,14,274.8640570746856,99,17,44,3,11,0,0
7,7,1,22,311.8002430644464,31,6,49,5,3,0,0
16,17,23,8,293.38312913426626,4,86,14,1,3,0,0
18,19,1,7,187.24938006891463,14,6,5,2,10,0,0
19,19,12,9,240.59074598944488,66,20,2,8,3,0,0
3,3,13,3,271.54707085943636,13,88,10,0,13,0,0
18,19,18,19,277.9536114041642,11,36,31,4,6,0,0
16,17,5,1,176.56127477803588,39,21,7,11,6,0,0
19,19,14,3,332.7829961103352,90,77,38,5,12,0,0
14,15,10,9,287.5081463637231,79,92,45,10,7,0,0
18,19,21,14,203.91709797289784,12,14,5,3,9,0,0
18,19,18,7,226.78115519730412,62,99,29,10,9,0,0
14,15,11,16,228.74058651204,11,8,8,3,10,0,0
10,11,1,21,202.26140528439856,80,35,32,7,5,0,0
3,3,1,5,178.75239135034914,94,33,6,2,4,0,0
0,0,3,25,257.27165629165575,40,65,20,8,9,0,0
3,3,13,7,176.87186757657406,69,56,16,6,2,0,0
9,9,11,11,192.76852748138384,11,21,62,5,7,0,0
1,1,6,1,335.01607846491925,86,34,61,11,10,0,0
0,0,4,4,201.00621911251835,14,3,1,8,7,0,0
15,15,11,3,243.5787691803345,94,10,38,1,16,0,0
10,11,12,8,311.12205742133426,10,72,2,3,8,0,0
15,15,5,13,247.14706029326635,93,48,3,4,3,0,0
9,9,1,4,166.68802108521467,69,61,24,8,8,0,0
1,1,22,7,279.63797196449633,13,32,24,0,17,0,0
1,1,4,28,334.0877275326153,16,46,4,0,8,0,0
15,15,15,9,194.9219586128723,94,38,53,7,9,0,0
5,5,6,7,231.00309908850377,21,89,63,3,18,0,0
8,9,20,3,224.0573455957928,57,41,40,9,9,0,0
6,7,13,0,309.332210581475,92,5,51,5,7,0,0
13,13,14,17,212.26394182697072,60,3,47,4,4,0,0
1,1,3,18,302.80776257819065,75,88,4,2,5,0,0
7,7,1,22,311.8002430644464,31,6,49,5,3,0,0
15,15,7,7,194.79883993153553,62,7,33,7,8,0,0
8,9,19,15,178.34250149522646,40,46,27,4,3,0,0
7,7,8,16,307.2921263979524,1,2,60,4,7,0,0
3,3,7,15,277.3789945757596,27,62,60,4,18,0,0
19,19,7,7,243.64426325002552,30,32,2,3,1,0,0
10,11,19,7,268.0956107197909,96,75,24,3,1,0,0
11,11,21,26,163.31978802762455,72,59,37,2,6,0,0
9,9,20,26,232.3862532952493,98,94,8,1,5,0,0
19,19,7,8,263.69487064314467,86,95,20,10,7,0,0
2,3,8,10,204.0293711593529,85,98,36,5,1,0,0
0,0,10,17,154.38400137138655,22,31,19,0,5,0,0
12,13,11,15,282.66432118778596,36,19,24,4,3,0,0
15,15,23,7,274.1992200327545,42,18,59,1,13,0,0
14,15,17,4,319.4197617911322,56,40,37,9,1,0,0
9,9,1,4,166.68802108521467,69,61,24,8,8,0,0
11,11,1,24,316.64097130261433,63,91,27,1,7,0,0
4,5,5,9,343.1813645062218,22,46,26,2,9,0,0
17,17,16,19,328.46303982094605,63,76,8,7,6,0,0
11,11,17,8,154.86189431184852,5,21,7,4,2,0,0
2,3,20,13,330.4607837981042,8,38,62,11,9,0,0
5,5,14,12,316.5967173143197,15,77,5,2,3,0,0
1,1,6,1,335.01607846491925,86,34,61,11,10,0,0
17,17,2,26,187.80494723260597,62,6,50,1,2,0,0
3,3,8,21,226.6852593007017,22,82,18,3,4,0,0
12,13,12,22,262.2923875796337,32,25,49,5,5,0,0
10,11,13,5,155.6780706957691,74,86,18,7,3,0,0
17,17,22,17,167.4334617715279,53,42,57,3,1,0,0
18,19,21,9,249.3553752385602,73,99,47,2,5,0,0
5,5,20,19,280.62722416553515,53,51,35,8,9,0,0
6,7,4,14,242.3412776965339,53,94,33,0,6,0,0
10,11,8,6,203.023914397918,10,93,1,6,8,0,0
16,17,13,7,224.64801131363475,92,66,45,1,8,0,0
12,13,13,0,323.4767468614064,44,4,23,4,20,0,0
16,17,21,21,300.1709966772489,44,37,22,9,3,0,0
15,15,14,6,349.6966408721365,27,69,2,1,6,0,0
3,3,19,9,301.7203642509705,59,96,44,4,17,0,0
17,17,12,6,241.3856281803464,56,87,26,5,7,0,0
3,3,12,5,273.2148665183893,55,21,58,4,11,0,0
9,9,16,15,339.02500193876665,30,28,31,3,11,0,0
0,0,13,7,326.37549598136974,66,60,64,3,15,0,0
1,1,14,3,316.2114542503879,79,83,61,4,10,0,0
11,11,10,24,332.24979274388573,0,23,38,7,1,0,0
5,5,4,0,284.3554562103581,46,93,44,2,4,0,0
10,11,13,5,155.6780706957691,74,86,18,7,3,0,0
4,5,0,0,226.3885416761852,86,5,27,5,6,1,0
7,7,22,19,299.9928086514759,33,47,22,11,9,0,0
19,19,21,24,346.35490811396477,55,81,34,9,9,0,0
1,1,4,6,247.6268335543806,24,88,39,4,8,0,0
15,15,10,13,211.10908598351284,87,28,46,10,10,0,0
2,3,10,17,309.42121628467874,9,25,62,0,6,0,0
3,3,1,12,245.9223818190687,60,5,6,6,9,0,0
11,11,23,0,211.29954512823377,57,51,13,0,7,1,0
14,15,22,20,273.30679279554784,13,41,34,1,3,0,0
3,3,5,25,290.7556915021005,56,60,4,9,4,0,0
6,7,19,9,308.0499067186777,39,60,36,9,4,0,0
6,7,15,26,335.70659562117135,97,79,52,0,9,0,0
10,11,16,0,281.75584765144833,74,62,40,1,5,0,0
14,15,21,15,226.94522217581093,97,28,60,7,8,0,0
6,7,5,29,206.79321691140973,37,50,49,2,2,0,0
17,17,16,19,328.46303982094605,63,76,8,7,6,0,0
7,7,19,6,307.67539301934573,61,72,55,5,2,0,0
2,3,20,13,330.4607837981042,8,38,62,11,9,0,0
19,19,7,8,263.69487064314467,86,95,20,10,7,0,0
15,15,15,0,184.329582424732,80,13,39,2,11,0,0
12,13,19,8,177.00251854840823,88,37,51,0,2,0,0
7,7,22,19,299.9928086514759,33,47,22,11,9,0,0
19,19,1,2,282.45830220264077,40,46,53,5,14,0,0
19,19,22,9,349.21819850193293,10,51,33,7,5,0,0
13,13,3,0,326.65190676038907,70,92,38,5,7,1,0
3,3,19,9,301.7203642509705,59,96,44,4,17,0,0
3,3,19,19,321.3988192847662,69,21,8,3,10,0,0
0,0,12,1,172.7898106839265,23,54,42,4,3,1,0
3,3,5,7,213.9849762049079,83,16,5,3,1,0,0
12,13,12,1,223.2706797379821,67,15,44,3,18,0,0
15,15,19,21,150.7278122280444,70,34,22,6,8,0,0
16,17,21,9,173.27057522846223,64,88,36,2,7,0,0
16,17,15,5,293.75330387101747,87,46,2,11,9,0,0
9,9,0,1,297.27624769769,49,77,62,10,2,0,0
14,15,15,3,153.26957735788216,11,41,62,2,2,1,0
1,1,14,26,264.5391901479575,69,27,52,4,5,0,0
7,7,9,6,319.0329174895406,2,48,41,1,7,0,0
6,7,7,0,334.7430445644031,14,99,52,10,1,0,0
5,5,10,7,229.27323983698807,21,42,4,2,13,0,0
3,3,5,3,200.51199674233473,81,68,8,2,9,1,0
9,9,22,2,203.8387782792107,25,88,5,5,10,1,0
4,5,15,0,334.34924886631654,49,71,58,4,5,0,0
5,5,7,29,303.79767577306353,54,86,30,4,2,0,0
15,15,15,26,150.11670535447237,89,88,25,0,7,0,0
2,3,5,0,276.20514501257674,19,98,27,1,8,0,0
4,5,17,23,336.6801437436934,11,17,64,6,1,0,0
5,5,15,21,207.91538847662403,11,5,10,5,7,0,0
10,11,8,14,266.6324132241147,33,81,51,5,20,0,0
11,11,10,24,332.24979274388573,0,23,38,7,1,0,0
6,7,13,19,328.7674364106922,67,62,59,5,2,0,0
14,15,15,14,170.21275357413788,69,71,45,1,15,0,0
12,13,3,24,288.54331079273925,36,70,35,1,10,0,0
5,5,20,20,279.11827141569626,44,56,26,10,8,0,0
10,11,18,18,163.6162429872018,1,3,25,6,6,0,0
17,17,21,27,310.40665830588875,73,43,10,4,2,0,0
14,15,20,14,339.92959332676406,28,2,29,9,3,0,0
2,3,21,25,310.71172177210826,89,20,3,0,9,0,0
4,5,2,16,278.5760614131056,18,87,53,10,1,0,0
3,3,19,13,232.90912728558573,71,5,31,5,19,0,0
8,9,22,1,280.36582505601467,47,27,31,2,11,0,0
7,7,20,13,207.6455295327683,92,28,22,6,1,0,0
11,11,22,8,180.99701097619953,58,99,20,11,1,0,0
15,15,15,9,194.9219586128723,94,38,53,7,9,0,0
0,0,5,20,175.4759808616792,86,78,23,9,2,0,0
10,11,16,0,281.75584765144833,74,62,40,1,5,0,0
6,7,19,2,151.64277122221907,63,2,55,1,5,1,0
15,15,11,3,243.5787691803345,94,10,38,1,16,0,0
11,11,1,24,316.64097130261433,63,91,27,1,7,0,0
5,5,10,7,229.27323983698807,21,42,4,2,13,0,0
4,5,0,0,226.3885416761852,86,5,27,5,6,1,0
1,1,15,1,276.17817134383716,0,73,43,4,1,0,0
6,7,7,20,197.25234395755743,43,70,62,2,5,0,0
14,15,20,14,339.92959332676406,28,2,29,9,3,0,0
2,3,1,8,301.36431129527443,28,32,15,7,10,0,0
18,19,3,4,261.7062690897487,64,66,14,4,8,0,0
9,9,14,5,229.13254960333845,79,44,9,4,7,0,0
5,5,22,13,233.69559582343535,85,22,3,5,2,0,0
14,15,19,3,212.55260117652227,89,24,5,2,2,1,0
4,5,22,24,269.1263529704962,25,92,6,4,7,0,0
14,15,18,1,161.50406031791442,74,55,33,5,7,1,0
6,7,13,19,328.7674364106922,67,62,59,5,2,0,0
11,11,2,12,196.4831773841584,24,67,32,5,2,0,0
13,13,7,5,241.63405298581984,74,23,8,11,7,0,0
5,5,5,3,298.90227417777396,98,43,39,0,16,0,0
19,19,1,2,273.98553731331384,24,35,62,6,9,0,0
8,9,13,21,333.85098157837814,94,95,48,0,3,0,0
19,19,4,9,192.687562700932,58,84,27,3,4,0,0
3,3,5,7,213.9849762049079,83,16,5,3,1,0,0
18,19,1,7,187.24938006891463,14,6,5,2,10,0,0
2,3,18,14,280.1072480402964,99,16,26,10,3,0,0
0,0,4,7,294.99899419145487,87,87,17,4,1,0,0
6,7,1,9,287.34495996291724,44,78,21,5,12,0,0
19,19,14,3,332.7829961103352,90,77,38,5,12,0,0
19,19,0,4,324.0551631855875,71,58,40,5,6,1,0
3,3,0,8,243.5084851432045,73,99,59,11,8,0,0
4,5,7,2,325.1273370239838,46,71,45,2,8,0,0
12,13,11,22,307.6315891337265,99,4,15,7,1,0,0
18,19,3,4,299.74334521727627,20,50,6,4,7,0,0
4,5,22,4,203.00471593736884,4,57,37,3,8,0,0
7,7,22,22,300.3071002989975,24,74,9,9,8,0,0
10,11,15,5,203.28619071265484,93,97,3,0,9,0,0
1,1,23,2,163.67437047084414,45,85,34,2,7,1,0
4,5,4,28,219.88015184019156,13,62,5,1,6,0,0
14,15,13,25,220.26866417237528,58,37,8,8,7,0,0
9,9,11,11,192.76852748138384,11,21,62,5,7,0,0
17,17,18,19,297.51881534060664,20,38,52,0,10,0,0
17,17,2,4,227.9022045946453,34,75,15,1,2,0,0
5,5,2,9,282.28185237397014,42,83,40,0,2,0,0
1,1,14,26,264.5391901479575,69,27,52,4,5,0,0
19,19,10,18,258.65154373062376,88,71,12,5,2,0,0
10,11,8,6,203.023914397918,10,93,1,6,8,0,0
10,11,18,8,303.13065198319873,73,17,49,10,7,0,0
5,5,20,1,330.78492818337077,74,29,18,0,17,0,0
0,0,16,8,221.345337236259,84,28,30,9,9,0,0
19,19,18,14,254.66568176507528,23,40,37,11,10,0,0
4,5,19,15,208.59034761997304,62,31,28,4,10,0,0
0,0,15,15,250.8953930476078,40,63,16,5,2,0,0
6,7,11,11,316.1800756357569,71,43,32,10,10,0,0
5,5,6,7,231.00309908850377,21,89,63,3,18,0,0
19,19,0,2,226.520401991251,76,31,22,4,5,0,0
5,5,23,9,271.6605806929609,75,70,52,6,10,0,0
3,3,1,3,339.16025879455196,72,55,16,5,10,1,0
11,11,17,8,154.86189431184852,5,21,7,4,2,0,0
8,9,17,26,259.8128477489212,60,69,20,1,2,0,0
3,3,7,15,277.3789945757596,27,62,60,4,18,0,0
15,15,23,13,333.8038736268367,40,37,41,3,5,0,0
8,9,13,21,333.85098157837814,94,95,48,0,3,0,0
3,3,17,3,291.4082248850236,58,30,52,8,10,0,0
4,5,16,5,291.6565361987415,19,90,60,5,10,0,0
5,5,20,20,279.11827141569626,44,56,26,10,8,0,0
6,7,1,28,314.2079236845638,96,83,64,4,9,0,0
7,7,1,22,311.8002430644464,31,6,49,5,3,0,0
15,15,23,13,333.8038736268367,40,37,41,3,5,0,0
11,11,1,24,316.64097130261433,63,91,27,1,7,0,0
15,15,13,1,151.6832874456111,12,8,32,3,2,0,0
13,13,10,5,164.26443238167232,42,25,16,11,1,0,0
4,5,0,0,226.3885416761852,86,5,27,5,6,1,0
0,0,7,0,257.80503301055586,78,82,33,6,10,0,0
8,9,7,15,287.08778742355275,85,30,26,8,1,0,0
13,13,2,15,247.9718803326033,21,27,58,9,3,0,0
8,9,8,10,312.6128262760023,41,53,50,1,16,0,0
17,17,23,5,167.41616526574313,82,27,8,1,2,1,0
17,17,18,1,163.11586993536704,2,13,47,2,8,1,0
17,17,9,27,288.41930328747856,93,77,54,3,7,0,0
7,7,8,5,250.22978473389415,1,14,14,5,5,1,0
18,19,19,17,243.4386745342547,2,33,19,6,5,0,0
13,13,15,20,241.1763920103673,60,27,63,3,5,0,0
15,15,17,3,200.8591002736799,5,4,40,11,8,0,0
15,15,15,15,191.1012874270355,9,47,31,4,18,0,0
17,17,12,13,293.07286845315144,70,13,47,8,5,0,0
10,11,21,8,346.02644351064544,52,56,27,7,2,0,0
0,0,18,12,309.39336333158565,92,90,14,8,6,0,0
6,7,5,29,206.79321691140973,37,50,49,2,2,0,0
2,3,10,17,309.42121628467874,9,25,62,0,6,0,0
19,19,3,27,331.83523296232494,99,45,50,0,4,0,0
5,5,4,11,258.91179557092005,54,73,56,9,2,0,0
13,13,18,12,208.43814604895343,36,6,7,3,11,0,0
15,15,4,4,328.3311374213109,92,22,42,0,17,0,0
17,17,9,27,288.41930328747856,93,77,54,3,7,0,0
4,5,22,13,297.44702859733934,55,23,65,11,7,0,0
15,15,2,2,175.9375876578594,45,90,22,3,20,0,0
15,15,4,4,328.3311374213109,92,22,42,0,17,0,0
3,3,13,3,271.54707085943636,13,88,10,0,13,0,0
17,17,9,27,288.41930328747856,93,77,54,3,7,0,0
16,17,11,7,168.32900660322085,52,46,31,1,6,0,0
9,9,13,24,283.7235910660134,61,50,7,9,2,0,0
9,9,22,7,299.35028329084986,49,72,60,6,2,0,0
1,1,11,21,349.02678436622506,66,27,12,2,7,0,0
1,1,14,3,316.2114542503879,79,83,61,4,10,0,0
8,9,2,24,288.06406393328405,85,0,8,1,6,0,0
0,0,8,5,209.63371433905888,97,44,19,1,8,0,0
1,1,2,7,295.2780897539248,20,87,64,8,9,0,0
8,9,17,1,317.6574899314014,84,46,65,2,6,1,0
13,13,14,17,212.26394182697072,60,3,47,4,4,0,0
19,19,3,8,158.9492372638597,55,11,20,4,4,0,0
1,1,8,10,288.34086706699463,91,1,9,11,2,0,0
1,1,20,16,217.12574357596503,75,70,54,2,1,0,0
6,7,11,14,335.5612109229476,54,58,44,1,16,0,0
3,3,1,5,178.75239135034914,94,33,6,2,4,0,0
17,17,17,1,194.91134576214665,35,28,25,8,4,0,0
17,17,2,4,227.9022045946453,34,75,15,1,2,0,0
10,11,18,14,190.0751923156156,92,50,27,3,8,0,0
16,17,17,20,163.80561873318092,63,2,5,6,4,0,0
7,7,18,1,317.42675702195254,57,94,22,10,4,0,0
5,5,1,2,188.410564629173,11,58,53,6,9,0,0
5,5,6,7,231.00309908850377,21,89,63,3,18,0,0
10,11,16,0,281.75584765144833,74,62,40,1,5,0,0
3,3,5,25,290.7556915021005,56,60,4,9,4,0,0
7,7,2,26,190.24758993183104,23,51,5,1,1,0,0
19,19,21,16,284.97915644345676,18,88,21,5,9,0,0
15,15,20,23,300.89374039305227,44,15,22,0,9,0,0
4,5,4,3,280.23235289999184,97,30,35,1,2,0,0
16,17,1,3,204.82976927230075,85,90,33,2,8,1,0
3,3,8,10,291.0566232282805,70,53,44,5,4,0,0
16,17,13,24,284.0484806905035,24,72,65,0,3,0,0
10,11,13,5,155.6780706957691,74,86,18,7,3,0,0
16,17,13,24,284.0484806905035,24,72,65,0,3,0,0
8,9,21,8,265.6940058793375,57,83,22,3,17,0,0
15,15,14,6,349.6966408721365,27,69,2,1,6,0,0
6,7,17,14,205.90863355712864,44,55,24,0,13,0,0
16,17,21,9,173.27057522846223,64,88,36,2,7,0,0
1,1,4,10,160.72055250295386,16,58,13,0,13,0,0
3,3,13,23,293.68354012490255,99,66,38,4,5,0,0
19,19,1,2,282.45830220264077,40,46,53,5,14,0,0
6,7,17,14,205.90863355712864,44,55,24,0,13,0,0
3,3,19,0,329.24717224359387,24,9,13,0,18,0,0
0,0,12,23,251.0153281047557,68,82,54,3,9,0,0
15,15,4,4,328.3311374213109,92,22,42,0,17,0,0
12,13,14,18,253.65196878725848,20,69,65,1,2,0,0
17,17,16,12,248.77361588148793,48,36,18,6,8,0,0
3,3,1,12,245.9223818190687,60,5,6,6,9,0,0
19,19,12,9,240.59074598944488,66,20,2,8,3,0,0
5,5,10,7,229.27323983698807,21,42,4,2,13,0,0
13,13,18,12,208.43814604895343,36,6,7,3,11,0,0
19,19,0,11,306.1762501915084,72,64,19,9,10,0,0
14,15,10,24,150.96419352660286,16,29,14,10,1,0,0
5,5,18,0,318.90426877861535,48,19,10,0,8,1,0
3,3,8,25,244.15085845351237,85,20,58,2,4,0,0
6,7,0,13,200.25584362126511,2,9,20,0,11,0,0
1,1,16,3,301.1100885124581,1,12,5,3,18,0,0
7,7,18,6,239.0742649289305,83,99,27,2,13,0,0
14,15,22,20,273.30679279554784,13,41,34,1,3,0,0
9,9,15,22,218.15180290673732,35,60,23,3,3,0,0
10,11,14,12,152.97368312317576,20,74,31,5,10,0,0
1,1,12,8,241.57676460395217,70,78,47,5,19,0,0
10,11,19,7,268.0956107197909,96,75,24,3,1,0,0
14,15,19,3,212.55260117652227,89,24,5,2,2,1,0
12,13,15,14,189.98675707883623,69,93,7,1,17,0,0
19,19,20,15,172.37910125642594,44,86,62,0,18,0,0
5,5,10,7,229.27323983698807,21,42,4,2,13,0,0
16,17,3,23,172.57527806746327,16,32,19,11,6,0,0
19,19,0,11,306.1762501915084,72,64,19,9,10,0,0
19,19,3,13,173.01063175312652,49,84,10,5,4,0,0
13,13,3,0,326.65190676038907,70,92,38,5,7,1,0
4,5,4,3,280.23235289999184,97,30,35,1,2,0,0
17,17,17,2,326.2841768723538,63,72,2,5,7,0,0
16,17,13,7,224.64801131363475,92,66,45,1,8,0,0
19,19,8,14,289.17036227780847,79,5,31,6,1,0,0
17,17,2,4,224.682865702624,32,86,24,1,9,1,0
16,17,4,4,342.7548067065481,89,62,18,4,8,0,0
5,5,6,3,300.7814787994702,30,49,21,3,3,1,0
10,11,11,3,294.8531218668951,95,99,27,5,12,0,0
10,11,6,7,224.24663535868427,84,63,46,1,15,0,0
5,5,18,6,227.23270221903203,81,36,58,4,16,0,0
1,1,9,6,220.08919002366716,43,24,41,2,1,0,0
4,5,13,0,215.12736876148145,87,24,43,3,11,0,0
1,1,7,1,228.2441037417125,31,82,13,2,19,0,0
12,13,12,1,223.2706797379821,67,15,44,3,18,0,0
4,5,1,15,228.40028707619592,78,61,52,8,1,0,0
13,13,16,5,283.4900860928824,81,97,45,5,15,0,0
11,11,19,8,262.9546677006318,84,63,18,5,16,0,0
5,5,23,9,271.6605806929609,75,70,52,6,10,0,0
14,15,3,13,271.6332303973733,90,58,1,9,6,0,0
0,0,14,6,165.34308838974445,73,20,15,9,1,0,0
3,3,5,3,200.51199674233473,81,68,8,2,9,1,0
2,3,17,26,309.00985744130844,1,49,2,0,10,0,0
14,15,5,22,212.36979990973632,50,73,24,7,1,0,0
19,19,7,2,205.0057317983753,95,26,61,1,16,0,0
0,0,2,11,305.4637210920437,77,63,42,0,1,0,0
19,19,4,9,192.687562700932,58,84,27,3,4,0,0
19,19,13,3,332.35352045787454,22,40,42,0,18,0,0
6,7,7,20,197.25234395755743,43,70,62,2,5,0,0
12,13,21,4,155.86457432311786,70,11,9,1,1,1,0
8,9,2,24,288.06406393328405,85,0,8,1,6,0,0
13,13,9,10,236.73306655475776,33,97,28,10,9,0,0
9,9,22,7,299.35028329084986,49,72,60,6,2,0,0
14,15,23,14,233.8064077336463,73,61,3,6,6,0,0
6,7,9,0,193.8922388401394,36,60,42,1,2,0,0
16,17,12,25,152.41400168577812,2,60,63,11,4,0,0
8,9,14,22,267.8857262049827,9,22,28,2,7,0,0
3,3,21,4,209.46401518770205,22,97,21,5,16,0,0
5,5,6,7,231.00309908850377,21,89,63,3,18,0,0
8,9,8,10,312.6128262760023,41,53,50,1,16,0,0
5,5,22,13,233.69559582343535,85,22,3,5,2,0,0
12,13,13,4,300.24571978757837,77,5,48,1,19,0,0
1,1,20,16,217.12574357596503,75,70,54,2,1,0,0
1,1,4,28,334.0877275326153,16,46,4,0,8,0,0
10,11,15,5,203.28619071265484,93,97,3,0,9,0,0
7,7,14,2,345.5647727207572,8,23,5,4,18,0,0
0,0,13,7,326.37549598136974,66,60,64,3,15,0,0
14,15,11,15,338.4075180652184,84,90,52,5,9,0,0
11,11,7,2,325.979890614753,72,73,2,5,2,0,0
