pilot_name,team_name,track_city,dnf_percent,avg_speed,wins_count,number_of_overtaking_last_year,driver_salary_mln,penalty_points,personal_position,collision
Russel,Mercedes,Baku,20,344.6999913791668,56,18,37,3,10,0
Bortoleto,Sauber,Suzuka,22,227.54097489329672,78,65,26,6,16,1
Norris,McLaren,Monaco,11,213.45084166236362,44,67,20,11,19,1
Leclerc,Ferrari,Sao Paulo,0,241.06766644030964,9,82,7,7,11,1
Hulkenberg,Sauber,Montreal,25,299.1937084861536,40,39,19,7,5,0
Ocon,Haas,Monza,11,80.45637909273844,16,55,58,0,8,1
Ocon,Haas,Austin,6,160.85910247895106,27,97,7,4,4,0
Tsunoda,Red Bull Racing,Las Vegas,20,187.77200032510075,41,58,47,1,15,1
Ocon,Haas,Montreal,15,139.42579318647475,82,67,9,8,17,1
Bearman,Haas,Imola,18,177.51551287310068,38,87,59,0,1,0
Piastri,McLaren,Singapore,2,292.3842021176818,95,76,22,0,4,0
Hadjar,Racing Bulls,Imola,12,230.2998084867418,1,9,27,11,18,1
Hadjar,Racing Bulls,Suzuka,7,135.92196235325017,22,55,25,4,11,1
Piastri,McLaren,Imola,14,257.9897797981721,53,33,29,0,15,0
Stroll,Aston Martin,Budapest,28,53.05445067972856,26,19,18,10,18,1
Ocon,Haas,Shanghai,4,237.9362772802869,51,47,1,3,18,0
Tsunoda,Red Bull Racing,Spielberg,25,236.74018124158502,95,86,32,0,5,0
Antonelli,Mercedes,Spa,7,234.95485362080757,25,54,43,3,17,0
Norris,McLaren,Abu Dhabi,10,346.74701101458004,30,89,58,4,16,0
Alonso,Aston Martin,Baku,26,213.02112573166605,77,3,29,11,17,1
Bortoleto,Sauber,Jeddah,0,266.5756123216266,37,49,14,9,8,0
Norris,McLaren,Suzuka,6,205.77302814699848,12,88,59,10,18,1
Hulkenberg,Sauber,Lusail,9,128.47681412675988,26,35,27,7,17,1
Piastri,McLaren,Singapore,15,261.18248942190866,16,9,21,0,15,0
Colapinto,Alpine,Las Vegas,0,312.7897710977678,49,52,32,5,12,0
Tsunoda,Red Bull Racing,Lusail,8,165.54034366873591,34,46,18,6,8,0
Tsunoda,Red Bull Racing,Mexico City,23,328.64992027339343,98,0,30,1,3,0
Bearman,Haas,Las Vegas,17,273.15429792094915,88,35,1,8,19,1
Ocon,Haas,Zandvoort,17,106.4016209406,74,79,47,5,11,1
Russel,Mercedes,Monaco,20,343.07920357778966,66,99,9,10,3,0
Albon,Williams,Sao Paulo,12,83.66635883432895,24,97,41,7,14,1
Antonelli,Mercedes,Mexico City,18,110.33975947544575,39,89,32,2,11,1
Piastri,McLaren,Imola,12,218.3611338866689,6,37,49,0,15,0
Hadjar,Racing Bulls,Lusail,26,225.0692332442813,75,54,59,2,9,0
Antonelli,Mercedes,Shanghai,14,130.62533997892666,63,43,2,11,18,1
Ocon,Haas,Miami,11,121.19431607336362,2,90,37,4,20,1
Verstappen,Red Bull,Miami,6,319.8119163192764,64,97,61,11,18,1
Hamilton,Ferrari,Shanghai,8,53.19682998620882,52,20,32,9,14,1
Albon,Williams,Sakhir,28,113.7877841774288,67,20,35,8,17,1
Gasly,Alpine,Abu Dhabi,7,217.8802467380674,88,55,30,9,7,0
Norris,McLaren,Budapest,11,201.60726606300926,19,28,34,8,11,1
Gasly,Alpine,Spa,7,303.57204681372775,41,60,3,2,17,0
Lawson,Racing Bulls,Baku,7,155.84638330779467,54,34,13,2,17,0
Lawson,Racing Bulls,Zandvoort,16,155.12286226842352,54,10,63,9,1,0
Stroll,Aston Martin,Shanghai,17,109.93784152037945,17,49,17,9,8,1
Hulkenberg,Sauber,Sakhir,8,336.71571029953896,1,20,8,8,13,1
Tsunoda,Red Bull Racing,Monaco,15,61.4704796506116,64,64,40,4,13,1
Russel,Mercedes,Suzuka,16,210.10976464154422,33,72,3,8,1,0
Hulkenberg,Sauber,Budapest,10,98.02340759402655,27,34,35,2,13,1
Ocon,Haas,Imola,10,304.1154325474947,82,58,59,6,4,0
Antonelli,Mercedes,Budapest,20,236.93911526099936,26,56,32,6,14,1
Sainz,Williams,Austin,7,284.58951203086895,20,96,18,3,18,0
Leclerc,Ferrari,Abu Dhabi,15,340.6357050355482,76,7,24,2,8,0
Ocon,Haas,Zandvoort,18,274.14042180651194,91,80,55,2,11,1
Colapinto,Alpine,Zandvoort,10,259.51961630428696,67,41,7,7,20,1
Bortoleto,Sauber,Silverstone,25,309.65178090672816,57,98,44,4,16,1
Gasly,Alpine,Montreal,27,116.51769973938272,39,73,59,7,17,1
Hamilton,Ferrari,Zandvoort,13,292.0675636905105,91,75,12,4,16,0
Hulkenberg,Sauber,Monza,20,137.63144608206306,76,57,35,3,12,1
Colapinto,Alpine,Zandvoort,10,161.45554981975104,66,33,17,4,12,0
Hulkenberg,Sauber,Suzuka,15,70.34810877954301,15,45,61,11,18,1
Bortoleto,Sauber,Budapest,7,306.33412135164235,19,33,59,6,7,0
Hadjar,Racing Bulls,Mexico City,3,54.219296880331314,70,82,9,8,1,1
Lawson,Racing Bulls,Las Vegas,0,304.42376291727714,42,7,31,6,3,0
Colapinto,Alpine,Miami,25,144.6364686579961,5,93,45,10,9,1
Norris,McLaren,Spielberg,28,156.32806925015714,31,21,24,6,19,1
Tsunoda,Red Bull Racing,Las Vegas,10,257.4038890683519,38,60,64,5,14,0
Hulkenberg,Sauber,Singapore,5,294.41034412461516,97,25,58,9,13,1
Stroll,Aston Martin,Lusail,29,189.11938978084956,0,44,7,2,13,1
Stroll,Aston Martin,Baku,27,260.4583692511078,12,95,37,6,15,1
Bearman,Haas,Monaco,7,238.8006078668307,24,51,2,1,5,0
Bortoleto,Sauber,Lusail,4,344.5326884702068,57,54,36,1,1,0
Lawson,Racing Bulls,Jeddah,0,266.2207487458035,71,45,41,1,10,0
Gasly,Alpine,Jeddah,8,307.24846266083546,89,28,39,11,13,1
Bearman,Haas,Zandvoort,28,173.6240075637519,19,91,57,0,7,0
Stroll,Aston Martin,Spa,1,160.46140006320937,28,92,25,4,16,0
Leclerc,Ferrari,Miami,18,217.5503415300635,41,43,22,10,17,1
Colapinto,Alpine,Las Vegas,8,298.3074427125725,35,20,23,3,8,0
Stroll,Aston Martin,Jeddah,28,168.06071836422,57,92,5,10,20,1
Piastri,McLaren,Melbourne,3,311.2294853779589,41,13,62,2,17,0
Hulkenberg,Sauber,Barcelona,6,308.1271104723787,59,98,5,4,14,0
Gasly,Alpine,Sao Paulo,17,61.82814013406943,6,13,49,1,18,1
Bortoleto,Sauber,Jeddah,6,176.70722662881883,30,74,26,0,6,0
Antonelli,Mercedes,Sao Paulo,28,56.15749220110528,97,47,16,11,4,1
Stroll,Aston Martin,Silverstone,9,52.62269263473226,62,44,40,5,13,1
Gasly,Alpine,Monza,16,52.43775793016617,2,40,30,3,19,1
Piastri,McLaren,Spielberg,4,135.54604172893005,60,79,17,4,15,1
Alonso,Aston Martin,Austin,8,266.14978771203585,18,39,39,7,3,0
Leclerc,Ferrari,Sakhir,4,242.88065770692862,61,29,2,9,3,0
Bortoleto,Sauber,Budapest,8,199.8674050788655,22,20,9,0,20,0
Gasly,Alpine,Austin,27,140.01148489899737,55,60,4,2,3,1
Hadjar,Racing Bulls,Silverstone,16,64.25921146193173,8,60,49,8,5,1
Lawson,Racing Bulls,Sakhir,20,110.36763260449781,77,87,17,11,2,1
Hadjar,Racing Bulls,Barcelona,6,288.86465999051046,18,14,44,6,9,0
Albon,Williams,Suzuka,14,121.03673604049577,25,73,4,7,6,1
Stroll,Aston Martin,Sao Paulo,21,116.2737633467775,0,96,25,2,18,1
Colapinto,Alpine,Shanghai,19,237.59443613993182,89,94,10,2,13,1
Russel,Mercedes,Spa,10,215.69979794558466,89,27,59,3,20,0
Sainz,Williams,Monza,24,250.82331704433685,31,3,47,0,15,1
Verstappen,Red Bull,Suzuka,13,348.805526191394,11,24,19,11,10,0
Piastri,McLaren,Abu Dhabi,1,188.01188633705084,85,37,22,8,13,1
Leclerc,Ferrari,Mexico City,6,167.04844695410242,93,30,38,0,3,0
Bearman,Haas,Budapest,2,248.110177280128,61,49,44,11,6,0
Lawson,Racing Bulls,Silverstone,2,295.83261886280644,85,45,61,10,18,1
Albon,Williams,Suzuka,20,176.00491101353182,8,57,48,0,17,1
Bortoleto,Sauber,Zandvoort,21,289.539620351897,51,90,43,2,10,0
Bortoleto,Sauber,Las Vegas,28,69.36000848322179,47,13,51,9,14,1
Ocon,Haas,Silverstone,16,141.53040152345352,22,45,38,0,3,1
Piastri,McLaren,Silverstone,15,149.68215884104603,44,94,44,6,20,1
Sainz,Williams,Shanghai,10,309.8405271645182,84,65,17,1,20,0
Lawson,Racing Bulls,Singapore,13,102.05550950058745,25,42,14,8,2,1
Verstappen,Red Bull,Imola,16,343.9642517504774,67,90,63,4,14,1
Verstappen,Red Bull,Budapest,21,163.11854104905092,10,52,60,7,19,1
Hadjar,Racing Bulls,Melbourne,18,285.230374261685,64,82,13,11,18,1
Norris,McLaren,Melbourne,17,162.79976880151344,61,78,45,1,9,0
Sainz,Williams,Suzuka,15,96.43612617720254,86,88,22,4,5,1
Lawson,Racing Bulls,Sakhir,2,290.2028490985635,83,16,34,1,6,0
Sainz,Williams,Singapore,15,226.16592477219893,73,54,50,9,16,1
Gasly,Alpine,Sao Paulo,27,337.52714498608395,11,70,3,11,8,1
Hamilton,Ferrari,Budapest,11,143.45070674998573,78,50,32,1,17,1
Leclerc,Ferrari,Spa,22,342.41751684352556,11,85,44,4,10,0
Bearman,Haas,Las Vegas,11,141.14050440611916,86,75,53,11,9,1
Piastri,McLaren,Silverstone,1,171.58695445147615,37,86,4,10,3,0
Sainz,Williams,Sao Paulo,27,62.894497616980125,44,18,2,10,11,1
Hamilton,Ferrari,Budapest,25,314.2538162444821,7,54,31,4,8,0
Russel,Mercedes,Suzuka,26,68.87837185685105,86,17,64,4,20,1
Hamilton,Ferrari,Jeddah,19,90.3203345410225,62,46,62,2,2,1
Tsunoda,Red Bull Racing,Sakhir,25,311.01774310792246,34,3,5,10,2,0
Bortoleto,Sauber,Silverstone,5,54.446578273490076,18,72,63,8,19,1
Hulkenberg,Sauber,Spa,28,112.14527364805743,22,91,28,11,20,1
Lawson,Racing Bulls,Miami,17,324.573365400537,85,8,22,9,5,0
Piastri,McLaren,Barcelona,9,257.7482557492964,57,79,31,11,18,1
Albon,Williams,Montreal,12,198.95842381049786,43,84,35,10,12,1
Piastri,McLaren,Spielberg,19,195.83709864923324,66,44,32,1,16,1
Piastri,McLaren,Spa,25,290.6165616580004,27,65,13,7,11,1
Gasly,Alpine,Suzuka,19,155.25760721440628,68,15,18,9,8,0
Verstappen,Red Bull,Miami,12,203.5953545521847,10,82,30,7,7,0
Bortoleto,Sauber,Jeddah,0,263.3939550697225,70,37,10,4,19,0
Gasly,Alpine,Lusail,21,205.8477966887237,65,6,12,9,2,0
Hadjar,Racing Bulls,Suzuka,18,105.41984960193282,97,43,18,6,1,1
Leclerc,Ferrari,Baku,19,233.3875238727443,38,39,41,11,1,0
Colapinto,Alpine,Melbourne,27,156.28996806383415,70,69,20,10,8,1
Alonso,Aston Martin,Spa,6,271.3646136899128,50,18,41,11,18,1
Lawson,Racing Bulls,Abu Dhabi,21,150.1426701013044,34,88,14,10,5,0
Piastri,McLaren,Spielberg,11,348.42389536817745,75,44,1,0,15,0
Hulkenberg,Sauber,Spielberg,29,98.00383476010967,40,24,63,9,1,1
Hamilton,Ferrari,Jeddah,26,104.85828760184937,37,62,37,6,6,1
Sainz,Williams,Silverstone,12,197.5276842627683,68,99,60,11,12,1
Gasly,Alpine,Monaco,22,308.6862969096906,74,79,59,6,1,0
Bortoleto,Sauber,Monaco,28,270.8352621257822,45,80,20,1,9,0
Lawson,Racing Bulls,Imola,16,131.1683283785101,16,88,15,4,13,1
Russel,Mercedes,Abu Dhabi,1,162.2888147871351,91,49,51,11,3,0
Antonelli,Mercedes,Sao Paulo,19,64.38559196226815,55,20,1,8,12,1
Alonso,Aston Martin,Spielberg,16,232.9344713650179,44,50,5,5,5,0
Hulkenberg,Sauber,Lusail,21,57.478999809063104,57,40,22,0,13,1
Bearman,Haas,Sakhir,5,257.09235899190435,25,75,30,5,19,0
Colapinto,Alpine,Mexico City,2,114.793421764328,77,61,54,2,9,1
Hulkenberg,Sauber,Jeddah,24,268.5720334314904,48,55,54,0,10,0
Bortoleto,Sauber,Abu Dhabi,13,111.39101160251855,15,58,47,7,20,1
Bortoleto,Sauber,Budapest,20,242.1678207813286,68,23,57,11,1,0
Hulkenberg,Sauber,Imola,1,208.74612109214164,87,76,39,7,9,0
Alonso,Aston Martin,Monaco,17,281.77220704460206,86,3,20,0,9,0
Norris,McLaren,Las Vegas,29,117.47119627981235,76,50,51,8,9,1
Piastri,McLaren,Monza,27,252.44694569157855,56,5,24,9,8,1
Colapinto,Alpine,Sao Paulo,28,68.64184253720725,92,1,29,10,19,1
Hadjar,Racing Bulls,Melbourne,25,338.23848094468866,12,69,35,2,16,1
Tsunoda,Red Bull Racing,Monaco,27,190.6471283008771,86,89,52,7,4,1
Stroll,Aston Martin,Austin,8,57.46670500143395,91,66,41,9,12,1
Tsunoda,Red Bull Racing,Melbourne,17,301.14206930435387,67,57,35,6,20,1
Bortoleto,Sauber,Zandvoort,3,132.28698035620369,45,81,13,6,8,1
Gasly,Alpine,Barcelona,26,280.4912903933546,36,22,2,3,9,0
Verstappen,Red Bull,Spielberg,18,306.5008781664271,83,14,10,1,19,1
Hulkenberg,Sauber,Sakhir,17,250.22634109216622,57,69,20,6,14,1
Sainz,Williams,Baku,13,196.3551558288567,21,67,57,4,20,0
Hamilton,Ferrari,Montreal,15,177.99745715672296,11,5,16,1,19,0
Verstappen,Red Bull,Lusail,5,103.02813225804462,79,66,64,8,5,1
Russel,Mercedes,Imola,8,95.86804940666495,78,7,60,3,6,1
Bortoleto,Sauber,Suzuka,27,294.36747026555173,64,88,65,11,3,1
Bearman,Haas,Baku,2,286.3774208478156,10,67,1,0,8,0
Colapinto,Alpine,Sakhir,2,258.5617705118423,29,59,27,10,17,1
Hadjar,Racing Bulls,Budapest,19,146.62886175139388,37,88,21,5,11,1
Piastri,McLaren,Montreal,10,104.9287068567987,36,12,38,10,12,1
Hulkenberg,Sauber,Spa,15,168.73633080761147,82,76,6,4,15,0
Tsunoda,Red Bull Racing,Miami,4,308.51913128355733,73,39,8,11,12,1
Albon,Williams,Budapest,22,55.68225784032488,81,75,24,2,9,1
Lawson,Racing Bulls,Suzuka,13,52.69684238042799,92,21,36,10,8,1
Piastri,McLaren,Jeddah,13,295.8007320628316,29,32,44,0,17,0
Hamilton,Ferrari,Mexico City,23,186.74129384153727,76,17,65,2,20,1
Gasly,Alpine,Monza,2,277.4157961794654,20,56,10,8,8,0
Sainz,Williams,Lusail,22,307.499039667943,44,90,40,1,1,0
Ocon,Haas,Jeddah,19,75.91133410532163,15,96,11,9,20,1
Stroll,Aston Martin,Singapore,25,291.715554279633,90,64,50,9,18,1
Leclerc,Ferrari,Silverstone,11,154.61130959398653,19,16,54,10,7,0
Hulkenberg,Sauber,Mexico City,23,232.2648588965044,49,96,16,6,9,0
Colapinto,Alpine,Spielberg,2,263.94803954941096,46,0,28,9,2,0
Tsunoda,Red Bull Racing,Abu Dhabi,8,250.88447232130557,72,92,57,7,11,1
Bearman,Haas,Austin,6,329.36482076387875,6,57,26,4,16,0
Bortoleto,Sauber,Zandvoort,28,260.5478284106353,9,14,40,2,20,1
Russel,Mercedes,Spielberg,29,223.77547397950096,86,4,56,9,5,1
Antonelli,Mercedes,Spielberg,17,176.36953048449965,46,8,23,0,17,1
Hulkenberg,Sauber,Austin,22,232.6182502324429,37,61,8,6,9,0
Lawson,Racing Bulls,Sakhir,27,224.32973937884242,5,20,43,7,8,1
Alonso,Aston Martin,Silverstone,12,168.474043412159,60,50,17,2,9,0
Bearman,Haas,Montreal,18,341.33948875260484,8,3,57,10,6,0
Gasly,Alpine,Lusail,6,165.46131082689567,85,80,16,6,13,1
Hadjar,Racing Bulls,Austin,7,63.42859323630642,17,29,47,2,1,1
Antonelli,Mercedes,Budapest,17,138.72692605153094,94,83,43,2,7,1
Hadjar,Racing Bulls,Miami,0,150.85674723788608,68,73,60,11,19,1
Leclerc,Ferrari,Baku,27,122.09556340402776,75,21,33,4,2,1
Verstappen,Red Bull,Las Vegas,25,144.75759522255166,33,0,30,9,4,1
Leclerc,Ferrari,Zandvoort,10,121.78485796472704,59,6,7,10,10,1
Leclerc,Ferrari,Silverstone,10,115.78192193916503,0,0,17,11,5,1
Hadjar,Racing Bulls,Spa,20,302.3842294522277,63,2,43,10,11,1
Hamilton,Ferrari,Abu Dhabi,2,101.1968612661862,21,38,24,11,10,1
Leclerc,Ferrari,Budapest,28,276.86347339937697,4,63,62,9,18,1
Hadjar,Racing Bulls,Lusail,27,120.29580897576373,54,23,56,4,2,1
Tsunoda,Red Bull Racing,Monza,22,337.3680799530319,55,9,14,10,20,1
Lawson,Racing Bulls,Barcelona,18,318.9460719943676,93,1,5,3,19,1
Antonelli,Mercedes,Abu Dhabi,0,155.02388180003717,86,6,9,9,14,1
Hulkenberg,Sauber,Monaco,21,101.56524533862876,40,73,48,1,12,1
Norris,McLaren,Abu Dhabi,7,324.0467882864646,64,75,6,0,19,0
Alonso,Aston Martin,Monza,9,344.5098854668866,51,94,38,8,8,0
Antonelli,Mercedes,Barcelona,24,269.05242058383794,37,8,30,8,13,1
Leclerc,Ferrari,Silverstone,21,91.72765902433252,18,20,31,6,11,1
Gasly,Alpine,Monza,17,209.48604496610503,84,41,13,6,18,1
Gasly,Alpine,Montreal,22,179.5652565203391,40,16,10,5,5,0
Bearman,Haas,Silverstone,5,195.4104469893402,1,8,32,7,2,0
Tsunoda,Red Bull Racing,Budapest,11,84.72947968656594,72,93,13,8,14,1
Hadjar,Racing Bulls,Mexico City,7,111.25296055093243,77,36,9,8,2,1
Piastri,McLaren,Mexico City,22,265.4470963897289,55,48,18,7,17,1
Ocon,Haas,Spa,5,190.35404013960593,22,0,15,3,17,0
Alonso,Aston Martin,Barcelona,15,79.74153401553971,5,57,59,10,15,1
Leclerc,Ferrari,Miami,22,182.599790014332,1,2,1,3,17,1
Albon,Williams,Suzuka,19,257.171280093003,8,18,26,9,15,1
Alonso,Aston Martin,Barcelona,3,315.98688118768035,74,32,18,9,20,1
Tsunoda,Red Bull Racing,Budapest,11,152.67240754134497,7,7,21,5,3,0
Ocon,Haas,Shanghai,1,234.97813631214964,13,64,33,1,14,0
Hadjar,Racing Bulls,Jeddah,23,188.5231054099943,30,33,46,5,3,0
Leclerc,Ferrari,Sakhir,2,259.7995838930765,73,43,64,0,5,0
Piastri,McLaren,Imola,27,144.68971386190827,65,26,22,9,8,1
Russel,Mercedes,Singapore,24,292.69692302552903,38,34,19,1,10,0
Lawson,Racing Bulls,Lusail,6,260.5686748186951,11,98,1,10,7,0
Russel,Mercedes,Abu Dhabi,14,68.73599932412192,23,10,15,2,17,1
Albon,Williams,Silverstone,13,160.67644548303232,57,69,11,0,15,0
Hadjar,Racing Bulls,Jeddah,8,253.6994078574835,69,87,55,2,15,0
Antonelli,Mercedes,Imola,25,321.2868470655028,6,67,10,8,9,1
Hamilton,Ferrari,Barcelona,28,284.23835613902827,3,38,28,6,4,1
Verstappen,Red Bull,Monaco,25,198.18514849492368,73,56,8,9,13,1
Sainz,Williams,Austin,23,98.93843000299721,9,25,55,3,8,1
Hadjar,Racing Bulls,Sao Paulo,5,184.63675749370674,34,33,3,8,9,0
Gasly,Alpine,Barcelona,12,93.41351353118681,43,17,65,2,11,1
Norris,McLaren,Spa,21,258.01281949676223,34,26,56,9,11,1
Lawson,Racing Bulls,Abu Dhabi,7,219.42962506838734,48,96,36,2,6,0
Bearman,Haas,Suzuka,6,56.867122337445366,91,58,23,11,3,1
Bortoleto,Sauber,Shanghai,7,334.03463153112386,40,61,34,0,14,0
Tsunoda,Red Bull Racing,Silverstone,16,91.70558264908804,82,55,26,8,9,1
Hulkenberg,Sauber,Singapore,21,156.50980598615985,2,56,21,3,12,1
Bortoleto,Sauber,Shanghai,27,276.96611624974247,1,55,14,11,20,1
Bearman,Haas,Abu Dhabi,14,248.05984384278773,18,23,62,0,15,0
Ocon,Haas,Lusail,19,338.8546840371032,88,51,61,9,13,1
Hadjar,Racing Bulls,Sao Paulo,17,157.24526087511111,30,74,5,7,5,0
Sainz,Williams,Melbourne,8,150.3516079785429,34,30,40,0,14,0
Hamilton,Ferrari,Spa,4,152.78424262087717,30,82,36,0,3,0
Russel,Mercedes,Budapest,0,160.7636879374072,68,17,58,4,9,0
Colapinto,Alpine,Miami,7,254.76494932691682,68,66,32,2,10,0
Piastri,McLaren,Baku,13,246.67931297877408,16,86,1,4,13,0
Hamilton,Ferrari,Shanghai,3,81.54804380993386,94,56,22,9,14,1
Hamilton,Ferrari,Spielberg,4,127.86932699831117,31,45,35,10,8,1
Tsunoda,Red Bull Racing,Montreal,25,138.227835976685,33,82,26,1,4,1
Piastri,McLaren,Lusail,13,166.34274476259475,11,2,23,10,9,0
Piastri,McLaren,Shanghai,19,300.17248628445947,92,70,65,1,20,1
Sainz,Williams,Imola,7,346.63122724723365,69,37,31,4,11,0
Lawson,Racing Bulls,Spielberg,27,182.4996419428544,36,64,14,0,5,0
Norris,McLaren,Melbourne,20,158.25682025486836,74,99,59,3,2,0
Piastri,McLaren,Singapore,5,93.64865015403238,68,88,51,8,16,1
Bortoleto,Sauber,Imola,6,180.11263955051044,64,86,23,2,6,0
Verstappen,Red Bull,Barcelona,21,292.9396754452456,40,85,41,9,7,0
Colapinto,Alpine,Sakhir,27,215.58262321632174,6,55,59,10,9,1
Alonso,Aston Martin,Suzuka,28,276.5342558996147,32,60,47,6,13,1
Gasly,Alpine,Baku,5,101.60648161946243,89,36,51,8,13,1
Hadjar,Racing Bulls,Silverstone,8,123.65930755266604,79,51,53,3,12,1
Stroll,Aston Martin,Spa,19,243.3615575124157,18,28,37,2,17,1
Bortoleto,Sauber,Monza,23,291.59829945793194,61,75,34,7,13,1
Gasly,Alpine,Zandvoort,4,287.373621309715,72,70,63,6,8,0
Verstappen,Red Bull,Sakhir,16,307.7831727641791,73,43,32,7,4,0
Hadjar,Racing Bulls,Mexico City,6,266.7100096887975,60,58,45,7,18,1
Hulkenberg,Sauber,Montreal,1,193.6530070555797,76,89,43,2,18,0
Albon,Williams,Abu Dhabi,26,156.07995815955394,50,80,29,3,5,0
Hamilton,Ferrari,Sakhir,21,236.5194719406587,43,73,19,4,9,0
Ocon,Haas,Zandvoort,5,236.5611386507864,76,82,59,5,9,0
Bearman,Haas,Monza,27,319.50766106218015,15,95,49,6,1,1
Hulkenberg,Sauber,Silverstone,27,246.62257309498202,31,51,36,1,20,1
Bortoleto,Sauber,Spielberg,29,197.35076676109088,58,8,6,6,5,1
Tsunoda,Red Bull Racing,Monza,10,55.13879604437064,93,29,63,4,3,1
Albon,Williams,Sao Paulo,27,285.8163822507278,92,8,8,5,15,1
Russel,Mercedes,Sakhir,15,251.32177067453105,58,41,36,8,13,1
Hulkenberg,Sauber,Miami,25,66.75111030093508,26,9,42,6,11,1
Gasly,Alpine,Sakhir,13,202.1686964279018,99,42,8,4,18,0
Alonso,Aston Martin,Singapore,25,113.32596975981923,7,71,60,7,19,1
Antonelli,Mercedes,Austin,11,267.842590831345,25,30,65,2,12,0
Stroll,Aston Martin,Jeddah,18,207.14923710805152,13,55,6,8,1,0
Sainz,Williams,Silverstone,17,311.8595565252488,34,16,5,8,6,0
Norris,McLaren,Austin,4,254.67042806099113,74,94,19,1,2,0
Stroll,Aston Martin,Sao Paulo,5,251.63516364318303,61,28,42,11,5,0
Bearman,Haas,Spa,20,145.30414365433404,88,27,24,3,2,1
Alonso,Aston Martin,Zandvoort,27,269.7872411751708,65,65,38,2,8,0
Ocon,Haas,Miami,6,94.54388001845516,18,84,60,5,6,1
Leclerc,Ferrari,Montreal,18,122.47197828851465,78,22,45,7,20,1
Norris,McLaren,Spielberg,5,153.61026355732926,25,15,20,1,9,0
Albon,Williams,Montreal,13,175.03772073478459,66,32,38,4,13,0
Alonso,Aston Martin,Shanghai,17,106.92490148187883,18,64,9,5,11,1
Ocon,Haas,Sao Paulo,0,66.19566445151096,71,58,55,5,15,1
Colapinto,Alpine,Melbourne,26,233.09551566861174,36,1,49,8,13,1
Tsunoda,Red Bull Racing,Miami,29,112.90469364101486,40,98,18,0,7,1
Russel,Mercedes,Miami,8,233.460947044229,1,28,5,2,8,0
Tsunoda,Red Bull Racing,Barcelona,10,349.6108250557019,52,9,50,1,20,0
Tsunoda,Red Bull Racing,Montreal,22,250.53845269028378,85,31,6,5,11,1
Alonso,Aston Martin,Baku,3,265.2861117493153,95,16,21,7,10,0
Piastri,McLaren,Barcelona,13,59.92097398238032,40,63,50,7,4,1
Ocon,Haas,Mexico City,22,306.3247371727926,49,21,31,10,4,0
Bearman,Haas,Las Vegas,24,266.9836258454067,56,38,3,3,16,1
Piastri,McLaren,Abu Dhabi,24,84.57313018122831,14,70,52,11,19,1
Ocon,Haas,Mexico City,16,216.86680030080626,79,84,44,1,16,1
Albon,Williams,Sao Paulo,5,242.35823474267363,63,12,29,5,18,0
Hadjar,Racing Bulls,Silverstone,15,212.9421820289334,96,4,64,3,4,0
Antonelli,Mercedes,Sakhir,21,70.03584430645158,40,3,23,0,14,1
Stroll,Aston Martin,Suzuka,24,61.009724202798346,95,40,6,11,11,1
Hadjar,Racing Bulls,Suzuka,10,61.120672554640656,7,18,55,6,19,1
Colapinto,Alpine,Silverstone,21,337.95950363379075,14,66,9,0,13,1
Alonso,Aston Martin,Abu Dhabi,24,319.293056564757,47,25,39,5,5,0
Russel,Mercedes,Shanghai,21,231.62510107807017,61,71,59,9,17,1
Hamilton,Ferrari,Silverstone,18,124.67958070933878,38,33,50,8,2,1
Hamilton,Ferrari,Jeddah,17,200.4255329962997,60,9,3,5,10,0
Albon,Williams,Miami,11,191.97530789490895,82,98,58,3,13,0
Leclerc,Ferrari,Monaco,8,68.20294745275609,38,77,28,5,6,1
Russel,Mercedes,Austin,9,183.33779229810145,26,74,43,11,10,0
Albon,Williams,Spielberg,23,203.70536274108926,64,49,43,10,5,0
Bearman,Haas,Barcelona,25,53.00801822279626,74,24,52,10,9,1
Colapinto,Alpine,Miami,14,228.46072912600042,83,82,20,10,1,0
Gasly,Alpine,Baku,28,211.68459774386866,31,71,19,10,17,1
Bortoleto,Sauber,Miami,11,210.36164240124668,99,99,16,2,19,0
Hadjar,Racing Bulls,Sakhir,14,209.90027882128507,26,73,44,5,9,0
Ocon,Haas,Montreal,1,272.0533882753046,75,89,2,11,11,1
Piastri,McLaren,Baku,0,138.24043390788157,91,41,21,6,9,1
Sainz,Williams,Miami,15,285.3428569890065,1,67,58,4,14,1
Lawson,Racing Bulls,Shanghai,3,82.03812828530084,3,21,20,7,4,1
Colapinto,Alpine,Baku,23,323.2074649952885,61,73,15,4,8,0
Tsunoda,Red Bull Racing,Spielberg,8,329.5661818494982,25,47,64,11,11,1
Tsunoda,Red Bull Racing,Montreal,8,96.76849762643093,74,33,41,1,17,1
Russel,Mercedes,Lusail,26,128.53609745510062,75,74,43,6,1,1
Hulkenberg,Sauber,Monza,25,243.14044407816834,91,35,41,10,17,1
Russel,Mercedes,Silverstone,12,115.54063340099137,0,13,57,1,6,1
Lawson,Racing Bulls,Zandvoort,10,329.31172228690787,66,14,28,8,20,1
Verstappen,Red Bull,Shanghai,2,187.95691929322572,39,5,13,2,15,0
Hadjar,Racing Bulls,Las Vegas,13,160.59639188877924,79,91,25,0,20,0
Ocon,Haas,Suzuka,2,121.6734653041185,68,27,1,11,8,1
Stroll,Aston Martin,Spielberg,19,102.80958330576173,10,11,26,10,13,1
Antonelli,Mercedes,Shanghai,27,130.74215428931086,85,50,51,3,4,1
Colapinto,Alpine,Spielberg,11,50.44430968740393,40,48,38,7,9,1
Bearman,Haas,Singapore,27,272.87917150054176,42,59,56,7,5,1
Tsunoda,Red Bull Racing,Suzuka,21,310.03389320414846,32,66,12,7,9,0
Verstappen,Red Bull,Melbourne,29,134.75634041834456,7,46,23,6,2,1
Hadjar,Racing Bulls,Las Vegas,2,134.0477481756764,49,0,41,11,12,1
Alonso,Aston Martin,Jeddah,24,331.7369369943902,0,7,45,3,13,1
Sainz,Williams,Monaco,3,328.55066308283017,58,84,63,11,8,0
Russel,Mercedes,Spa,28,115.04769438478135,29,34,8,5,19,1
Lawson,Racing Bulls,Las Vegas,23,101.14650925993699,60,69,47,11,1,1
Bearman,Haas,Suzuka,18,227.57209019992024,95,5,56,3,2,0
Piastri,McLaren,Mexico City,24,348.97610204269733,25,24,55,5,19,1
Norris,McLaren,Barcelona,29,339.97962624615025,40,69,31,5,17,1
Gasly,Alpine,Baku,22,299.41658280558767,67,60,15,1,4,0
Bortoleto,Sauber,Suzuka,25,140.03478720454657,33,0,65,10,4,1
Hamilton,Ferrari,Singapore,27,132.12503489077,28,39,42,7,16,1
Sainz,Williams,Imola,2,112.93217939818399,13,39,44,0,20,1
Piastri,McLaren,Baku,29,320.5744617655638,98,90,44,6,3,1
Hadjar,Racing Bulls,Zandvoort,20,139.08292384967675,28,19,58,3,19,1
Alonso,Aston Martin,Barcelona,17,180.0002577122178,7,78,9,7,16,1
Antonelli,Mercedes,Abu Dhabi,4,333.35737403157276,7,40,40,10,16,1
Tsunoda,Red Bull Racing,Baku,2,320.5447203694855,81,93,40,11,14,1
Verstappen,Red Bull,Silverstone,2,221.83232157343878,8,79,16,6,2,1
Lawson,Racing Bulls,Shanghai,9,159.51035396867408,20,84,28,7,13,1
Antonelli,Mercedes,Lusail,15,160.60527908058197,15,62,44,11,13,1
Sainz,Williams,Spa,15,133.1667158725331,17,6,10,11,7,1
Alonso,Aston Martin,Barcelona,25,151.1631560865177,43,92,12,1,18,1
Norris,McLaren,Montreal,20,311.0748256019741,86,46,8,8,5,0
Tsunoda,Red Bull Racing,Abu Dhabi,2,232.37351385210587,62,1,14,1,19,0
Leclerc,Ferrari,Shanghai,19,141.5810557195725,23,16,30,2,3,1
Antonelli,Mercedes,Budapest,12,53.81372723644233,5,99,17,6,14,1
Hadjar,Racing Bulls,Barcelona,29,334.8847079644857,7,34,19,10,13,1
Stroll,Aston Martin,Jeddah,8,114.34804674046316,64,48,64,7,19,1
Antonelli,Mercedes,Montreal,29,211.17031454682183,92,61,54,5,17,1
Albon,Williams,Monza,8,332.4942166070869,72,82,18,2,13,0
Hamilton,Ferrari,Spa,28,239.09090605431678,90,40,11,8,13,1
Bortoleto,Sauber,Baku,1,62.89989067766546,84,70,62,8,14,1
Norris,McLaren,Silverstone,15,340.10031489905555,81,80,48,6,20,1
Alonso,Aston Martin,Austin,15,229.7483582782951,14,60,42,2,1,0
Russel,Mercedes,Melbourne,15,274.5553339694472,52,42,30,1,11,0
Stroll,Aston Martin,Montreal,6,165.74234380762633,54,62,4,11,10,0
Leclerc,Ferrari,Melbourne,9,159.69011618528612,83,74,64,11,17,1
Hadjar,Racing Bulls,Las Vegas,26,59.44650689607561,48,66,16,10,16,1
Stroll,Aston Martin,Las Vegas,20,106.35447969096747,78,60,65,4,20,1
Antonelli,Mercedes,Jeddah,8,190.55535135759345,71,86,39,5,16,0
Tsunoda,Red Bull Racing,Imola,25,283.60174041124765,50,9,29,6,10,0
Norris,McLaren,Monza,7,246.30569597430502,95,70,4,11,6,0
Hamilton,Ferrari,Monaco,27,229.69441951758938,24,91,11,1,3,0
Antonelli,Mercedes,Shanghai,3,266.39894797703374,4,72,61,7,2,1
Russel,Mercedes,Abu Dhabi,24,71.76399718528444,45,12,60,5,4,1
Alonso,Aston Martin,Imola,3,106.21552311499376,29,14,9,11,4,1
Lawson,Racing Bulls,Imola,11,154.37872623475306,42,43,21,10,12,1
Hulkenberg,Sauber,Zandvoort,9,93.2113687224637,77,39,52,11,15,1
Lawson,Racing Bulls,Sakhir,4,330.6867739630201,87,49,19,1,14,0
Colapinto,Alpine,Miami,21,91.08531829163402,19,36,18,8,8,1
Lawson,Racing Bulls,Las Vegas,0,212.7879650424614,59,95,33,11,12,1
Bearman,Haas,Lusail,2,81.9842042813472,88,66,9,1,12,1
Gasly,Alpine,Mexico City,11,300.7028192965084,92,49,60,8,6,0
Russel,Mercedes,Baku,23,201.6419603650173,45,61,25,10,5,0
Piastri,McLaren,Suzuka,7,226.95495656209914,50,66,6,4,1,0
Verstappen,Red Bull,Mexico City,19,330.1491416111776,28,15,51,7,4,0
Tsunoda,Red Bull Racing,Las Vegas,18,228.60684089586195,57,48,52,10,8,0
Tsunoda,Red Bull Racing,Imola,24,243.13919423424423,50,0,58,10,11,1
Norris,McLaren,Monza,18,210.31270051400438,81,79,61,2,20,1
Hulkenberg,Sauber,Las Vegas,27,146.073021913144,45,93,36,4,13,1
Verstappen,Red Bull,Montreal,29,77.96251556275375,24,90,35,4,20,1
Sainz,Williams,Singapore,8,129.5260071713875,44,37,63,5,10,1
Hamilton,Ferrari,Mexico City,24,80.50457639114015,32,61,2,5,10,1
Leclerc,Ferrari,Abu Dhabi,24,159.50041562038044,0,23,7,0,16,1
Verstappen,Red Bull,Austin,2,246.57643858012193,51,95,36,6,6,0
Ocon,Haas,Imola,23,261.4565043824979,48,12,5,0,8,0
Alonso,Aston Martin,Sakhir,2,249.6192111973704,9,9,39,11,6,0
Stroll,Aston Martin,Spielberg,21,67.88155178168928,26,13,65,1,19,1
Hadjar,Racing Bulls,Imola,3,203.72860718823011,39,27,57,1,3,0
Hulkenberg,Sauber,Sao Paulo,26,349.7548931996781,32,86,33,6,5,1
Gasly,Alpine,Melbourne,29,242.66916084192312,19,8,63,9,6,1
Colapinto,Alpine,Mexico City,24,175.74815347881986,81,55,25,9,17,1
Bearman,Haas,Austin,19,255.81135327012007,23,38,65,0,20,1
Norris,McLaren,Austin,15,318.9537976594178,7,24,27,8,18,1
Antonelli,Mercedes,Sao Paulo,2,333.5747600427458,64,39,9,10,10,0
Piastri,McLaren,Barcelona,20,58.293010935438794,96,21,62,2,2,1
Lawson,Racing Bulls,Austin,28,50.82542677974386,33,72,45,4,13,1
Leclerc,Ferrari,Sao Paulo,10,137.08523084414654,28,40,14,4,11,1
Hadjar,Racing Bulls,Sakhir,13,245.58333329760575,74,37,62,4,20,0
Antonelli,Mercedes,Abu Dhabi,5,307.1433137564002,94,52,58,1,12,0
Piastri,McLaren,Barcelona,0,111.25856843481023,73,10,59,5,6,1
Norris,McLaren,Spielberg,25,302.3455821580561,51,86,65,11,15,1
Sainz,Williams,Abu Dhabi,23,142.99030457630286,5,59,9,6,11,1
Hadjar,Racing Bulls,Spielberg,18,128.78134556778818,45,23,14,11,20,1
Ocon,Haas,Las Vegas,26,280.6228300760049,71,36,45,6,1,1
Sainz,Williams,Budapest,14,292.8000819631551,95,85,59,11,18,1
Verstappen,Red Bull,Zandvoort,21,149.48246806967168,46,18,32,1,5,1
Norris,McLaren,Silverstone,12,318.1131187865306,45,31,3,11,6,0
Hamilton,Ferrari,Spa,17,201.4001373789432,49,44,55,6,10,0
Alonso,Aston Martin,Lusail,12,311.2395347532003,11,30,47,5,4,0
Albon,Williams,Abu Dhabi,2,268.02618182460134,7,36,27,4,16,0
Stroll,Aston Martin,Spielberg,18,235.42208027418332,95,95,8,8,5,0
Alonso,Aston Martin,Abu Dhabi,7,54.74980020865697,86,72,48,4,3,1
Hadjar,Racing Bulls,Baku,26,94.99840487722214,52,75,10,9,12,1
Russel,Mercedes,Melbourne,8,148.00310543658972,99,45,52,4,9,1
Hamilton,Ferrari,Baku,0,347.7892268778988,16,93,31,9,19,1
Verstappen,Red Bull,Austin,9,246.69436099799435,38,72,57,7,19,1
Lawson,Racing Bulls,Zandvoort,18,301.29508920923166,80,32,17,10,5,0
Piastri,McLaren,Montreal,1,209.79712471469168,5,22,47,5,1,0
Tsunoda,Red Bull Racing,Zandvoort,16,246.1853356382298,72,19,9,1,10,0
Hulkenberg,Sauber,Spielberg,2,325.3338379257449,42,0,50,5,11,0
Bearman,Haas,Abu Dhabi,25,297.31074478812326,11,36,13,1,15,1
Colapinto,Alpine,Budapest,23,260.9715154813059,57,19,53,5,16,1
Hadjar,Racing Bulls,Zandvoort,3,153.20827622556538,95,45,3,5,13,0
Hamilton,Ferrari,Lusail,20,218.84649777095686,75,89,17,0,13,1
Antonelli,Mercedes,Austin,20,262.2526789477092,44,48,41,10,6,0
Norris,McLaren,Baku,1,253.0253898539681,4,24,57,4,3,0
Leclerc,Ferrari,Jeddah,11,181.2055809832499,56,45,21,11,12,1
Antonelli,Mercedes,Melbourne,1,149.6563601452031,75,89,46,4,18,1
Antonelli,Mercedes,Jeddah,10,220.9520454178726,91,84,43,8,3,0
Gasly,Alpine,Silverstone,3,121.30515057292034,35,62,29,3,18,1
Tsunoda,Red Bull Racing,Spielberg,5,132.6597110873657,4,44,60,4,2,1
Russel,Mercedes,Sakhir,24,214.43726701696792,60,5,46,5,2,0
Leclerc,Ferrari,Suzuka,15,286.9545135463641,1,22,64,9,5,0
Leclerc,Ferrari,Zandvoort,2,174.8936173700101,1,10,22,10,14,1
Hamilton,Ferrari,Mexico City,3,276.34706523215345,15,43,38,5,10,0
Russel,Mercedes,Las Vegas,14,92.35249626538034,24,54,6,11,6,1
Colapinto,Alpine,Baku,0,205.38178764288045,23,47,38,2,5,0
Verstappen,Red Bull,Sao Paulo,0,145.30101811236713,19,50,12,4,18,1
Ocon,Haas,Baku,4,165.24032539098968,64,45,6,11,2,0
Hulkenberg,Sauber,Suzuka,19,121.83258123683456,29,30,50,3,15,1
Bearman,Haas,Austin,15,125.49921913877733,78,14,25,2,6,1
Lawson,Racing Bulls,Austin,7,335.6876742409891,85,70,28,10,11,1
Russel,Mercedes,Lusail,4,267.64300562671457,67,53,28,2,13,0
Gasly,Alpine,Silverstone,13,190.91484585382764,3,21,26,7,10,0
Albon,Williams,Sao Paulo,28,241.76622966337456,87,43,10,11,4,1
Russel,Mercedes,Montreal,19,77.1768964549389,34,24,19,4,17,1
Hamilton,Ferrari,Jeddah,1,57.48968248196278,54,65,26,0,10,1
Tsunoda,Red Bull Racing,Imola,5,251.6649040695347,80,95,47,0,11,0
Bortoleto,Sauber,Monza,29,134.2873294490065,39,38,24,0,17,1
Tsunoda,Red Bull Racing,Baku,16,95.45554696891305,46,1,64,2,13,1
Hamilton,Ferrari,Singapore,8,212.13303145519816,5,90,39,8,2,1
Hulkenberg,Sauber,Sao Paulo,27,270.9152527266341,11,76,50,9,1,1
Bortoleto,Sauber,Silverstone,5,303.22841594002875,39,77,46,9,20,1
Hadjar,Racing Bulls,Sakhir,0,215.44714083726979,81,69,3,7,19,1
Tsunoda,Red Bull Racing,Montreal,0,263.9969856383288,87,16,30,8,1,0
Colapinto,Alpine,Jeddah,16,300.61778148844394,50,82,51,10,18,1
Tsunoda,Red Bull Racing,Sao Paulo,28,241.72027677153704,26,13,46,3,18,1
Sainz,Williams,Zandvoort,12,99.09449057803025,82,88,62,5,13,1
Colapinto,Alpine,Singapore,26,225.09772266560597,57,39,26,11,20,1
Hamilton,Ferrari,Spa,19,74.44774912284254,74,43,10,4,11,1
Stroll,Aston Martin,Jeddah,18,217.47754714150685,53,4,18,11,3,0
Albon,Williams,Mexico City,21,328.3065663165098,4,10,47,4,16,1
Piastri,McLaren,Las Vegas,26,334.0073091599059,46,69,57,7,16,1
Gasly,Alpine,Budapest,27,260.21911047866655,5,91,51,5,14,1
Gasly,Alpine,Monaco,17,78.61352465653854,87,61,51,6,20,1
Bearman,Haas,Baku,1,321.9856875062816,73,78,23,11,8,0
Piastri,McLaren,Zandvoort,21,274.2550409824399,74,82,16,0,1,0
Hadjar,Racing Bulls,Sakhir,11,166.58801957011096,83,7,17,6,11,1
Albon,Williams,Montreal,22,346.626052163794,13,80,20,1,4,0
Bortoleto,Sauber,Barcelona,17,294.819819027152,68,83,61,6,17,1
Hamilton,Ferrari,Budapest,5,252.2630979952854,51,11,63,9,9,0
Piastri,McLaren,Singapore,9,127.39878078631273,98,10,35,8,17,1
Leclerc,Ferrari,Monza,13,72.79033924464859,19,72,42,7,5,1
Lawson,Racing Bulls,Monza,22,115.97407047534345,48,89,43,8,2,1
Lawson,Racing Bulls,Singapore,18,69.8422468894196,93,58,28,1,2,1
Antonelli,Mercedes,Melbourne,27,214.81059213344926,96,8,52,4,20,1
Hamilton,Ferrari,Sakhir,5,333.911472436684,65,97,39,7,12,1
Hamilton,Ferrari,Sakhir,11,61.9340258587275,7,95,47,3,17,1
Bearman,Haas,Montreal,25,304.9824788366411,66,28,61,11,7,0
Russel,Mercedes,Mexico City,10,96.04011745621551,24,87,61,5,9,1
Alonso,Aston Martin,Monaco,24,291.1810510505928,4,25,10,8,12,1
Lawson,Racing Bulls,Sakhir,6,283.03655235792894,5,39,59,1,8,0
Russel,Mercedes,Shanghai,24,212.06605238137038,52,55,19,10,8,0
Gasly,Alpine,Monza,25,263.92296669291346,67,81,14,0,17,1
Norris,McLaren,Baku,22,101.767203881866,81,59,36,3,18,1
Sainz,Williams,Lusail,24,330.2912071485861,95,10,3,3,3,0
Gasly,Alpine,Spa,6,246.1834985299199,47,23,20,10,7,0
Albon,Williams,Las Vegas,22,215.4297111782787,10,7,50,10,17,1
Bortoleto,Sauber,Silverstone,15,335.4867168231036,64,69,43,11,10,0
Albon,Williams,Montreal,13,207.55239031446843,50,98,52,3,17,0
Russel,Mercedes,Singapore,0,321.6624572256119,40,59,29,5,17,0
Lawson,Racing Bulls,Miami,28,252.4954502980972,57,73,48,2,6,0
Ocon,Haas,Baku,11,163.69928537773035,26,56,5,2,19,0
Leclerc,Ferrari,Lusail,15,196.27024957976315,7,95,32,0,12,1
Hadjar,Racing Bulls,Sakhir,18,95.7131270436281,51,73,23,0,2,1
Alonso,Aston Martin,Budapest,20,198.33014160282306,68,97,57,4,3,0
Ocon,Haas,Suzuka,12,89.77088125310594,16,98,42,6,20,1
Hamilton,Ferrari,Imola,6,188.8466475925159,83,82,34,10,16,1
Leclerc,Ferrari,Silverstone,29,233.87866905174255,73,40,21,4,9,0
Antonelli,Mercedes,Lusail,24,279.9589569548648,30,19,60,0,8,0
Ocon,Haas,Suzuka,9,186.11779209296202,63,59,56,7,8,0
Hulkenberg,Sauber,Imola,10,110.0913437998569,3,65,22,9,12,1
Gasly,Alpine,Spa,8,214.6622078222488,25,1,18,0,3,0
Colapinto,Alpine,Budapest,24,118.5780694948534,1,55,27,1,4,1
Colapinto,Alpine,Singapore,11,303.7885923872739,53,28,2,2,15,0
Norris,McLaren,Melbourne,10,135.88926469080337,87,20,31,10,7,1
Gasly,Alpine,Austin,6,310.6873598105678,78,99,11,11,18,1
Hulkenberg,Sauber,Budapest,0,262.3813035036768,2,85,14,3,9,0
Ocon,Haas,Spa,8,190.3386266969765,70,57,47,8,15,1
Sainz,Williams,Sao Paulo,17,56.95865622968868,83,90,9,2,20,1
Verstappen,Red Bull,Austin,28,196.55372673695325,81,80,33,0,12,1
Piastri,McLaren,Jeddah,24,296.64866955830905,0,52,2,6,5,0
Tsunoda,Red Bull Racing,Sao Paulo,12,85.39136256899266,59,40,21,2,17,1
Antonelli,Mercedes,Miami,25,245.70131956575372,1,57,61,8,9,0
Antonelli,Mercedes,Zandvoort,16,335.5838037031976,87,40,34,3,16,1
Russel,Mercedes,Montreal,3,95.81217664322578,92,23,10,7,15,1
Leclerc,Ferrari,Sakhir,19,329.21791253850216,89,41,13,9,11,1
Sainz,Williams,Sakhir,23,349.16146213539344,11,56,38,3,8,0
Bearman,Haas,Austin,13,298.0132252804204,70,7,37,8,14,1
Albon,Williams,Monaco,16,168.82123128263513,97,32,41,5,12,1
Albon,Williams,Baku,15,80.6368768892181,29,36,65,4,8,1
Russel,Mercedes,Shanghai,0,61.889816821530665,15,47,30,2,20,1
Ocon,Haas,Spielberg,23,187.08618761905583,97,81,19,2,6,0
Hamilton,Ferrari,Austin,20,262.8196926742847,76,12,63,0,2,0
Antonelli,Mercedes,Silverstone,21,146.8314495993399,84,91,19,6,3,1
Russel,Mercedes,Imola,14,231.67242623604687,12,69,12,7,4,0
Leclerc,Ferrari,Jeddah,2,160.8292139412873,59,79,34,4,18,0
Hadjar,Racing Bulls,Sao Paulo,13,95.3080023289378,77,71,38,1,14,1
Alonso,Aston Martin,Miami,9,144.62651604853352,35,27,34,4,5,1
Albon,Williams,Zandvoort,18,184.0706385034986,9,29,43,6,7,0
Alonso,Aston Martin,Abu Dhabi,18,105.7897168335978,25,3,5,7,1,1
Hamilton,Ferrari,Shanghai,24,52.0000048215208,33,89,15,2,16,1
Bearman,Haas,Abu Dhabi,5,164.84662887233242,18,74,4,7,12,1
Hulkenberg,Sauber,Monza,19,272.31668958396807,68,30,10,9,1,0
Colapinto,Alpine,Sao Paulo,26,281.29655182902763,4,4,63,4,15,1
Leclerc,Ferrari,Melbourne,12,200.76636887664517,97,4,52,8,17,1
Hadjar,Racing Bulls,Monza,10,299.341697147297,95,67,11,0,1,0
Hadjar,Racing Bulls,Silverstone,21,253.54381609558845,33,27,2,1,13,1
Antonelli,Mercedes,Melbourne,2,132.89019479650116,51,6,29,3,11,1
Ocon,Haas,Mexico City,23,123.16176785934488,29,98,47,8,4,1
Norris,McLaren,Imola,6,107.87779096598484,90,24,45,4,11,1
Alonso,Aston Martin,Monaco,2,62.03664251595785,26,13,15,11,8,1
Colapinto,Alpine,Sao Paulo,27,341.12070883226636,24,51,11,11,17,1
Russel,Mercedes,Miami,20,316.79893277195157,76,87,62,3,8,0
Bortoleto,Sauber,Imola,21,340.82287053723894,80,66,9,5,9,0
Russel,Mercedes,Singapore,29,226.59905959550423,19,44,1,11,20,1
Lawson,Racing Bulls,Imola,0,340.89920934019443,34,35,19,7,9,0
Ocon,Haas,Jeddah,26,81.18790000811418,59,12,8,7,19,1
Stroll,Aston Martin,Monza,8,299.34251537604297,10,8,3,4,18,0
Bearman,Haas,Melbourne,26,134.1841187534206,72,19,50,7,15,1
Piastri,McLaren,Monza,12,278.5808766438462,45,93,34,6,9,0
Verstappen,Red Bull,Melbourne,12,327.2934020104704,74,16,8,9,17,1
Leclerc,Ferrari,Shanghai,14,77.6938283526086,99,87,19,8,9,1
Alonso,Aston Martin,Zandvoort,20,139.60810328701632,20,47,35,4,9,1
Verstappen,Red Bull,Mexico City,29,189.47766734328087,21,87,43,0,13,1
Ocon,Haas,Sakhir,2,172.52551526377107,11,89,15,8,1,0
Verstappen,Red Bull,Monaco,27,85.64415264737994,13,24,19,2,20,1
Sainz,Williams,Las Vegas,28,52.80936274918251,23,61,35,0,18,1
Colapinto,Alpine,Mexico City,11,313.15980520454787,27,17,16,11,10,0
Alonso,Aston Martin,Jeddah,24,196.70269049538527,93,68,19,11,11,1
Antonelli,Mercedes,Monaco,7,143.4594073909471,6,77,28,11,11,1
Bortoleto,Sauber,Shanghai,9,250.8097833189967,99,71,42,9,20,1
Ocon,Haas,Miami,16,107.5890337876385,41,65,28,0,5,1
Alonso,Aston Martin,Jeddah,7,51.470406383508546,67,33,58,9,6,1
Hadjar,Racing Bulls,Mexico City,22,307.2021343829272,30,2,6,1,4,0
Verstappen,Red Bull,Monza,18,240.95383766851785,63,25,42,5,5,0
Antonelli,Mercedes,Imola,28,216.75518339077803,38,48,14,7,13,1
Ocon,Haas,Miami,28,88.73581061725476,47,88,28,4,2,1
Ocon,Haas,Melbourne,5,109.57118505299952,13,63,40,6,18,1
Hulkenberg,Sauber,Monaco,17,218.23638952728837,22,80,14,3,15,1
Alonso,Aston Martin,Miami,5,72.00865450505218,4,98,24,8,12,1
Hadjar,Racing Bulls,Singapore,20,266.17677609710535,54,40,12,1,15,1
Verstappen,Red Bull,Melbourne,14,202.33406751826567,71,3,51,5,16,0
Bearman,Haas,Abu Dhabi,28,76.954169407273,10,1,30,1,19,1
Albon,Williams,Melbourne,10,253.43029163472733,27,27,2,1,10,0
Gasly,Alpine,Montreal,9,301.08342653854334,37,27,30,6,8,0
Leclerc,Ferrari,Lusail,3,225.83169572618777,56,2,37,5,14,0
Russel,Mercedes,Spielberg,26,328.90121605951214,46,5,35,9,4,1
Verstappen,Red Bull,Zandvoort,28,206.12316065269928,58,23,39,10,14,1
Alonso,Aston Martin,Spielberg,7,286.0161788938098,42,49,51,8,15,1
Lawson,Racing Bulls,Abu Dhabi,17,196.95648564470054,12,33,32,11,5,0
Antonelli,Mercedes,Miami,2,320.72715053291694,45,11,27,4,6,0
Norris,McLaren,Lusail,11,243.38049241608002,33,69,30,5,1,0
Norris,McLaren,Singapore,10,259.9623717427774,79,87,20,1,7,0
Stroll,Aston Martin,Silverstone,14,270.0595373920381,36,81,41,4,13,0
Ocon,Haas,Abu Dhabi,25,286.92914333956315,63,89,21,2,15,1
Colapinto,Alpine,Shanghai,21,69.03988898944039,79,16,2,3,12,1
Bortoleto,Sauber,Mexico City,10,167.59785350324796,16,34,20,8,17,1
Hamilton,Ferrari,Miami,6,237.18444589879033,83,56,61,10,11,1
Piastri,McLaren,Montreal,13,176.99264452256466,85,73,2,4,1,0
Hamilton,Ferrari,Imola,27,267.4237482765773,75,87,58,0,9,0
Antonelli,Mercedes,Singapore,4,253.4008049100797,75,46,6,6,8,0
Hulkenberg,Sauber,Zandvoort,5,299.918993455356,16,85,17,11,3,0
Albon,Williams,Mexico City,8,94.00220747142424,41,68,31,5,12,1
Leclerc,Ferrari,Spielberg,6,317.2733209875204,8,10,26,3,13,0
Russel,Mercedes,Spa,20,281.4389057018334,58,31,15,5,5,0
Stroll,Aston Martin,Barcelona,27,265.64032086442967,40,33,40,3,11,1
Hulkenberg,Sauber,Shanghai,28,129.54006875771992,8,90,4,3,11,1
Alonso,Aston Martin,Montreal,6,343.28738709922976,0,79,18,11,10,1
Bortoleto,Sauber,Abu Dhabi,0,240.31307420390323,64,11,18,6,14,1
Hulkenberg,Sauber,Baku,23,212.36232708481594,8,44,41,11,4,0
Hulkenberg,Sauber,Abu Dhabi,21,327.20033923205534,55,95,45,9,18,1
Ocon,Haas,Lusail,1,328.18278438933845,50,40,61,1,9,0
Tsunoda,Red Bull Racing,Budapest,3,154.60999278729594,1,46,47,5,20,0
Piastri,McLaren,Montreal,27,272.5057306009781,89,28,11,1,15,1
Leclerc,Ferrari,Sakhir,19,72.1477478344161,71,6,24,10,17,1
Piastri,McLaren,Baku,29,187.70240994588207,79,34,54,7,12,1
Bearman,Haas,Montreal,17,275.32832852984757,50,91,29,10,3,0
Gasly,Alpine,Melbourne,16,319.86613826143264,65,28,55,10,10,0
Ocon,Haas,Baku,0,233.15495774187764,85,88,34,8,11,1
Leclerc,Ferrari,Singapore,9,57.58556642897392,46,50,57,4,20,1
Gasly,Alpine,Singapore,12,308.2116081620989,5,40,28,3,11,0
Albon,Williams,Baku,10,180.01544024788697,11,24,55,4,12,0
Bortoleto,Sauber,Austin,23,127.9289446506812,10,48,31,0,17,1
Antonelli,Mercedes,Monza,2,110.55991177215677,59,85,20,5,15,1
Stroll,Aston Martin,Spa,28,275.15922980438506,29,10,27,5,16,1
Tsunoda,Red Bull Racing,Spa,17,120.02872404567648,29,52,33,9,5,1
Hulkenberg,Sauber,Silverstone,14,64.98302497800161,84,58,5,8,4,1
Bortoleto,Sauber,Austin,2,215.30991799117893,39,95,40,0,15,0
Sainz,Williams,Baku,21,163.23974504673205,57,66,20,11,15,1
Russel,Mercedes,Imola,15,177.3292153227929,42,51,54,7,17,1
Colapinto,Alpine,Imola,15,313.6604245981582,94,97,64,1,8,0
Stroll,Aston Martin,Melbourne,14,246.82102820173833,98,20,32,7,13,1
Hadjar,Racing Bulls,Jeddah,28,303.7887348516067,65,30,13,2,20,1
Sainz,Williams,Abu Dhabi,1,265.6271847785276,0,40,22,11,5,0
Russel,Mercedes,Shanghai,13,332.1980250597887,48,13,13,1,16,0
Colapinto,Alpine,Melbourne,6,79.2570614788474,91,89,21,4,10,1
Hadjar,Racing Bulls,Imola,22,193.29573970202787,9,34,42,1,1,0
Albon,Williams,Sao Paulo,25,110.76071665319122,60,9,29,1,8,1
Colapinto,Alpine,Abu Dhabi,9,276.9804541505149,42,43,46,5,18,0
Leclerc,Ferrari,Monaco,18,119.14008131568093,32,31,14,2,7,1
Ocon,Haas,Spa,13,211.68941884459687,58,90,41,8,2,0
Ocon,Haas,Mexico City,15,234.6407146210359,28,67,18,3,1,0
Stroll,Aston Martin,Sakhir,25,61.57397564718795,81,38,22,2,1,1
Bortoleto,Sauber,Miami,26,266.8874580880827,90,73,25,9,8,1
Leclerc,Ferrari,Monza,20,126.14418260515004,73,14,64,2,4,1
Colapinto,Alpine,Suzuka,17,165.6238794036145,50,1,29,4,19,1
Hulkenberg,Sauber,Spielberg,3,223.16627734440908,51,59,29,2,7,0
Sainz,Williams,Miami,27,199.48969826469215,42,28,37,3,1,0
Tsunoda,Red Bull Racing,Zandvoort,26,200.0622710270397,7,24,22,1,17,1
Bortoleto,Sauber,Sakhir,29,337.41357895895123,14,77,64,5,19,1
Hulkenberg,Sauber,Spielberg,18,347.36137354112424,42,43,48,2,19,1
Stroll,Aston Martin,Spielberg,10,184.71348314428394,76,95,54,2,8,0
Hadjar,Racing Bulls,Singapore,21,327.6067444505409,41,35,20,0,3,0
Colapinto,Alpine,Miami,14,195.70687946070606,4,30,51,11,11,1
Russel,Mercedes,Melbourne,1,98.13534432740435,87,79,59,10,4,1
Antonelli,Mercedes,Sakhir,8,244.9527112969036,36,48,50,7,2,0
Lawson,Racing Bulls,Melbourne,20,199.8488027936856,81,4,16,2,19,1
Stroll,Aston Martin,Barcelona,23,321.5384717791301,91,62,64,9,15,1
Norris,McLaren,Singapore,23,119.16661152059585,64,98,47,10,6,1
Bearman,Haas,Mexico City,14,330.8999132555481,22,84,42,5,2,0
Colapinto,Alpine,Melbourne,11,281.9084592617023,49,8,42,11,12,1
Bearman,Haas,Monaco,11,119.94595664850537,72,79,51,7,1,1
Antonelli,Mercedes,Budapest,28,320.16184384003293,94,69,22,0,20,1
Alonso,Aston Martin,Shanghai,28,94.78780088931158,39,79,21,5,7,1
Norris,McLaren,Shanghai,23,286.2677861420701,67,55,64,8,8,0
Hamilton,Ferrari,Budapest,15,338.9167965794984,70,68,46,6,3,0
Albon,Williams,Sakhir,22,232.63895988107,51,66,2,3,6,0
Norris,McLaren,Singapore,26,344.46070649100375,77,3,26,7,7,1
Hamilton,Ferrari,Spa,10,274.81619411346344,5,66,28,8,4,1
Verstappen,Red Bull,Budapest,6,180.9460718520676,67,19,6,6,20,1
Gasly,Alpine,Shanghai,2,318.53426445026344,75,77,54,9,13,1
Leclerc,Ferrari,Sao Paulo,22,89.23010138624464,61,49,28,5,17,1
Hamilton,Ferrari,Lusail,10,81.08567474667937,65,7,57,5,11,1
Norris,McLaren,Suzuka,19,284.5654325950022,8,51,47,6,8,0
Hadjar,Racing Bulls,Spa,15,60.56977118728326,45,77,13,7,16,1
Stroll,Aston Martin,Budapest,14,293.3484571103637,32,74,37,7,5,0
Tsunoda,Red Bull Racing,Melbourne,20,255.72517516005757,94,63,55,11,5,0
Sainz,Williams,Spa,26,127.72764621628416,2,73,20,4,5,1
Lawson,Racing Bulls,Sakhir,8,174.7177084579239,74,15,36,3,20,0
Stroll,Aston Martin,Silverstone,3,259.10513664634277,80,90,34,3,3,0
Bortoleto,Sauber,Singapore,16,173.301762629249,33,55,33,4,15,1
Albon,Williams,Spa,24,269.6746991378397,23,1,49,7,2,0
Russel,Mercedes,Suzuka,4,111.96748599689927,73,38,5,6,6,1
Lawson,Racing Bulls,Miami,5,124.60504964340163,60,77,32,3,14,1
Leclerc,Ferrari,Austin,13,283.13608801886585,66,63,12,8,19,1
Albon,Williams,Melbourne,19,139.11876192268548,36,41,9,1,13,1
Sainz,Williams,Lusail,14,123.64319471504072,26,0,32,4,15,1
Russel,Mercedes,Singapore,20,204.45874225730643,75,68,61,11,13,1
Piastri,McLaren,Suzuka,22,162.62202982594036,74,32,11,0,8,0
Hadjar,Racing Bulls,Singapore,27,228.3615217728395,45,92,16,8,1,1
Albon,Williams,Silverstone,17,76.2313447878752,19,34,42,3,14,1
Lawson,Racing Bulls,Zandvoort,14,219.19609946239447,50,47,25,7,18,1
Alonso,Aston Martin,Monaco,3,195.1873446157372,14,74,45,2,2,0
Stroll,Aston Martin,Baku,6,239.7242890534292,7,89,21,4,11,1
Stroll,Aston Martin,Sao Paulo,25,300.80637266405654,22,13,5,10,7,0
Norris,McLaren,Suzuka,21,55.961939657973616,47,48,28,7,12,1
Leclerc,Ferrari,Montreal,15,323.55756768744766,79,97,35,8,18,1
Leclerc,Ferrari,Miami,26,342.1773432063125,37,34,39,8,15,1
Leclerc,Ferrari,Austin,0,253.34594123208132,75,1,7,2,8,0
Bearman,Haas,Spielberg,16,194.6282010654078,39,23,15,7,10,0
Hadjar,Racing Bulls,Mexico City,8,185.99776374897468,66,39,7,3,3,0
Tsunoda,Red Bull Racing,Jeddah,16,257.8333321086189,43,10,7,11,6,0
Stroll,Aston Martin,Zandvoort,6,259.64376386856765,93,65,22,4,1,0
Hamilton,Ferrari,Las Vegas,14,322.5726257142137,6,47,57,11,19,1
Ocon,Haas,Imola,17,96.83495406073214,99,21,61,2,2,1
Albon,Williams,Budapest,29,344.95072563153616,66,48,45,5,13,1
Verstappen,Red Bull,Jeddah,0,98.02944590379279,40,13,2,0,16,1
Stroll,Aston Martin,Suzuka,27,69.03175034835876,88,59,49,11,4,1
Verstappen,Red Bull,Budapest,27,51.84150468777021,0,37,28,6,10,1
Bearman,Haas,Melbourne,27,250.07633669130698,72,57,58,5,16,1
Albon,Williams,Imola,11,349.3877686196808,78,63,54,4,1,0
Norris,McLaren,Zandvoort,2,349.11377108081103,21,21,4,11,2,0
Albon,Williams,Spielberg,26,312.5142231607551,55,18,35,0,1,0
Alonso,Aston Martin,Mexico City,2,223.51028692592223,72,65,2,4,4,0
Hamilton,Ferrari,Spa,12,179.14730454575272,11,54,54,5,10,0
Sainz,Williams,Budapest,6,239.96496105325247,50,1,33,3,3,0
Hulkenberg,Sauber,Spa,10,106.47619991824864,29,77,44,11,9,1
Gasly,Alpine,Imola,14,235.49551805388825,14,4,39,1,3,0
Piastri,McLaren,Miami,13,244.12138286898733,46,18,50,9,20,1
Norris,McLaren,Melbourne,11,63.83941407107736,6,60,59,3,6,1
Hulkenberg,Sauber,Monza,22,164.72885035418565,7,20,15,4,10,0
Piastri,McLaren,Barcelona,14,283.5676015537296,27,70,23,8,17,1
Norris,McLaren,Baku,7,288.0372670785277,29,98,27,5,20,0
Bearman,Haas,Zandvoort,11,68.62337002620598,97,57,65,2,12,1
Hamilton,Ferrari,Budapest,16,325.16974522037793,3,85,37,4,3,0
Alonso,Aston Martin,Shanghai,8,194.14582729466926,70,91,37,10,4,0
Norris,McLaren,Abu Dhabi,1,109.61966656103199,0,25,12,5,12,1
Colapinto,Alpine,Silverstone,28,128.9504137104024,45,40,42,9,1,1
Stroll,Aston Martin,Singapore,12,208.30020093500247,74,20,27,2,11,0
Piastri,McLaren,Jeddah,20,335.394941090036,64,57,39,5,15,1
Piastri,McLaren,Melbourne,2,73.32189096992,71,39,59,0,18,1
Hadjar,Racing Bulls,Silverstone,29,226.9045714874751,74,76,11,4,4,0
Ocon,Haas,Spa,4,231.52858953523412,54,9,24,5,6,0
Tsunoda,Red Bull Racing,Imola,26,298.3419020876926,32,26,60,9,7,1
Russel,Mercedes,Austin,26,323.6091179989926,9,63,53,2,11,1
Hadjar,Racing Bulls,Miami,10,80.42332106612223,15,57,7,1,3,1
Piastri,McLaren,Suzuka,1,172.67191007130234,99,89,51,2,18,0
Lawson,Racing Bulls,Barcelona,14,139.88192669733724,64,44,27,1,10,1
Russel,Mercedes,Sao Paulo,2,106.89175478707891,87,42,22,3,2,1
Gasly,Alpine,Austin,11,257.51999010432826,36,79,55,8,2,0
Stroll,Aston Martin,Mexico City,19,239.60962934449304,54,41,62,1,16,1
Colapinto,Alpine,Lusail,8,104.93605343683774,73,36,23,0,9,1
Stroll,Aston Martin,Silverstone,16,175.75829792179312,9,21,12,1,14,1
Leclerc,Ferrari,Budapest,9,139.3631131358747,91,9,57,8,13,1
Tsunoda,Red Bull Racing,Sao Paulo,3,72.67731434699868,37,8,28,1,16,1
Gasly,Alpine,Sakhir,29,175.38328919407425,2,93,14,0,13,1
Verstappen,Red Bull,Mexico City,13,93.82754407323458,1,92,56,8,17,1
Bortoleto,Sauber,Silverstone,15,341.4553301719691,26,72,64,8,17,1
Albon,Williams,Lusail,8,194.05218438354626,94,88,54,10,4,0
Leclerc,Ferrari,Baku,21,60.57260942723693,79,85,14,6,20,1
Colapinto,Alpine,Sao Paulo,29,317.9965303087683,92,78,9,9,18,1
Gasly,Alpine,Zandvoort,22,211.111721683695,69,8,27,4,18,1
Sainz,Williams,Silverstone,4,330.06260981166014,36,29,46,1,5,0
Leclerc,Ferrari,Jeddah,7,335.3004012756195,53,62,41,2,15,0
Bortoleto,Sauber,Jeddah,8,216.42195597561016,88,63,58,10,19,1
Colapinto,Alpine,Mexico City,5,103.79196482354833,9,77,61,5,5,1
Albon,Williams,Suzuka,24,190.60549238577238,12,17,61,8,9,0
Piastri,McLaren,Silverstone,27,318.59656108416374,94,51,43,0,15,1
Alonso,Aston Martin,Singapore,0,130.8290293698305,34,46,14,11,7,1
Hamilton,Ferrari,Spa,22,205.09747047632845,88,94,42,1,4,0
Sainz,Williams,Suzuka,16,53.12176719884292,74,7,65,5,9,1
Sainz,Williams,Mexico City,21,73.64026170548024,67,11,27,7,19,1
Ocon,Haas,Jeddah,22,80.92272147404101,68,95,45,11,19,1
Norris,McLaren,Melbourne,26,134.21003408223174,11,94,24,5,8,1
Antonelli,Mercedes,Singapore,4,196.85483492136288,81,83,29,7,11,1
Bortoleto,Sauber,Jeddah,10,323.6729618548061,65,44,1,5,3,0
Leclerc,Ferrari,Imola,10,292.82142199877336,22,17,5,0,1,0
Bearman,Haas,Budapest,28,75.27989229352427,26,27,37,6,17,1
Ocon,Haas,Suzuka,6,223.07357981649528,18,7,1,4,5,0
Bortoleto,Sauber,Baku,23,54.55634585921627,14,5,37,4,14,1
Leclerc,Ferrari,Melbourne,22,251.53504674183085,37,73,51,5,12,1
Gasly,Alpine,Singapore,14,329.98418243332776,8,63,4,1,13,1
Colapinto,Alpine,Silverstone,24,282.97467202608414,8,92,3,8,6,1
Sainz,Williams,Spa,9,73.6223593282849,9,12,58,9,10,1
Colapinto,Alpine,Abu Dhabi,4,84.04123300908978,92,17,52,0,3,1
Alonso,Aston Martin,Monaco,1,52.61323114444861,34,21,45,4,15,1
Colapinto,Alpine,Abu Dhabi,14,327.94979243961654,60,15,62,6,9,0
Lawson,Racing Bulls,Suzuka,22,321.9138988270295,31,70,32,1,17,1
Hulkenberg,Sauber,Zandvoort,8,281.2711394212995,31,47,52,5,13,0
Leclerc,Ferrari,Mexico City,19,251.3439732614241,86,64,2,0,11,1
Lawson,Racing Bulls,Lusail,6,300.89271528592604,76,34,59,7,20,1
Colapinto,Alpine,Silverstone,26,271.34597368950494,52,10,47,8,20,1
Ocon,Haas,Melbourne,15,56.350613070898014,63,30,56,10,7,1
Hadjar,Racing Bulls,Jeddah,20,213.807472042398,68,55,55,7,10,0
Russel,Mercedes,Miami,1,190.16689989657667,76,8,46,10,12,1
Antonelli,Mercedes,Monza,21,272.32975008182086,42,70,28,8,15,1
Colapinto,Alpine,Lusail,11,161.54674621498975,0,78,20,0,19,1
Stroll,Aston Martin,Spielberg,14,338.4569047791073,87,78,37,6,1,0
Norris,McLaren,Austin,8,254.79222035661164,70,50,55,1,2,0
Hadjar,Racing Bulls,Imola,23,312.183844161128,30,92,26,6,1,0
Stroll,Aston Martin,Singapore,13,135.0876253680569,72,62,7,11,12,1
Bearman,Haas,Shanghai,22,257.4378449060565,2,30,14,6,16,1
Piastri,McLaren,Suzuka,5,233.18075953360935,48,22,15,4,11,0
Albon,Williams,Zandvoort,22,307.5698603639916,88,89,45,9,13,1
Leclerc,Ferrari,Shanghai,6,51.46313888856927,28,99,53,2,14,1
Verstappen,Red Bull,Lusail,8,186.64246453699533,75,54,1,2,13,0
Russel,Mercedes,Imola,8,86.95305478961876,77,61,60,8,4,1
Ocon,Haas,Austin,29,107.22986114901835,74,42,21,5,2,1
Piastri,McLaren,Imola,8,60.33456974264638,67,33,6,0,6,1
Antonelli,Mercedes,Montreal,20,342.72707794341477,83,48,34,4,19,1
Norris,McLaren,Jeddah,0,173.10679772110925,98,65,17,1,17,0
Verstappen,Red Bull,Mexico City,25,69.76367554561642,70,63,38,0,12,1
Ocon,Haas,Las Vegas,0,90.91746306213896,43,54,33,8,19,1
Hadjar,Racing Bulls,Montreal,27,223.7488797098149,3,97,54,5,20,1
Sainz,Williams,Baku,20,164.8568909704328,79,94,17,3,14,1
Norris,McLaren,Zandvoort,19,109.18241282507582,79,20,4,5,17,1
Gasly,Alpine,Lusail,20,254.24710282969073,16,28,49,10,8,0
Hamilton,Ferrari,Monza,16,84.6838218721884,82,62,45,9,7,1
Bortoleto,Sauber,Montreal,9,340.4858382673896,11,74,36,3,18,0
Stroll,Aston Martin,Singapore,0,246.67934483385588,49,56,6,6,9,0
Norris,McLaren,Miami,28,65.39263738383309,18,22,5,6,6,1
Tsunoda,Red Bull Racing,Singapore,19,147.63558399499934,28,63,26,3,20,1
Bortoleto,Sauber,Jeddah,8,134.825099811847,23,15,53,5,11,1
Antonelli,Mercedes,Las Vegas,5,102.52648404011154,1,23,42,0,6,1
Bearman,Haas,Mexico City,4,57.489523826262904,37,28,62,4,13,1
Hamilton,Ferrari,Lusail,27,346.15962126535743,45,92,57,0,8,0
Stroll,Aston Martin,Las Vegas,1,232.73327923897213,96,80,16,9,10,0
Stroll,Aston Martin,Las Vegas,5,131.72742037721824,73,89,37,11,2,1
Hulkenberg,Sauber,Las Vegas,15,346.3441314670138,95,14,42,3,12,0
Lawson,Racing Bulls,Spa,28,71.3427895535882,13,95,56,4,20,1
Bearman,Haas,Las Vegas,3,201.40823686861592,77,14,10,1,15,0
Bortoleto,Sauber,Las Vegas,17,193.69851517606978,18,69,51,11,13,1
Russel,Mercedes,Baku,3,203.53840643616775,42,17,21,2,16,0
Stroll,Aston Martin,Miami,6,146.8688178912747,97,73,5,2,5,1
Gasly,Alpine,Melbourne,3,106.85394204789928,80,16,64,3,17,1
Norris,McLaren,Shanghai,19,224.94477733071412,86,44,51,7,6,0
Alonso,Aston Martin,Shanghai,5,290.6407851842061,80,56,26,2,12,0
Verstappen,Red Bull,Mexico City,8,321.68737866860914,64,13,41,6,16,1
Hulkenberg,Sauber,Lusail,23,332.8688524037934,32,34,26,3,13,1
Lawson,Racing Bulls,Abu Dhabi,15,195.15465691807415,38,25,17,11,2,0
Albon,Williams,Singapore,22,190.09292637455906,18,87,24,2,5,0
Stroll,Aston Martin,Monaco,18,124.41889026424711,18,25,34,8,10,1
Stroll,Aston Martin,Sao Paulo,7,53.019323958792185,12,24,34,9,7,1
Bortoleto,Sauber,Shanghai,6,345.09323559273486,89,52,23,8,16,1
Alonso,Aston Martin,Lusail,28,236.13463637616888,89,4,59,0,18,1
Leclerc,Ferrari,Zandvoort,26,174.0218403357055,90,8,49,4,19,1
Hadjar,Racing Bulls,Spa,17,72.74194507636113,0,3,9,5,20,1
Lawson,Racing Bulls,Las Vegas,21,205.86470349478003,63,73,13,2,12,1
Verstappen,Red Bull,Spielberg,7,86.74090733510474,84,87,2,3,13,1
Russel,Mercedes,Montreal,20,59.75776803835389,22,87,8,4,1,1
Piastri,McLaren,Melbourne,22,344.9362634361809,42,29,37,8,18,1
Ocon,Haas,Barcelona,19,287.26135162916313,27,17,17,3,18,1
Stroll,Aston Martin,Melbourne,19,287.2573955871689,17,80,51,1,6,0
Hadjar,Racing Bulls,Monaco,29,307.68069875100076,18,50,47,2,4,0
Hamilton,Ferrari,Shanghai,23,293.52269513867907,51,31,33,1,12,1
Norris,McLaren,Baku,29,130.9998538153957,25,44,42,11,9,1
Piastri,McLaren,Jeddah,0,246.11771443924226,39,56,38,11,9,0
Bortoleto,Sauber,Suzuka,9,76.05653041652597,12,94,40,2,14,1
Hadjar,Racing Bulls,Sao Paulo,21,289.9843660544309,70,27,39,2,4,0
Lawson,Racing Bulls,Spa,13,256.13433546634354,91,24,57,2,18,0
Sainz,Williams,Silverstone,5,293.9554636835749,44,55,49,9,13,1
Lawson,Racing Bulls,Monza,2,205.87632168870894,32,42,28,9,8,0
Tsunoda,Red Bull Racing,Shanghai,19,255.83917223932824,96,88,25,4,19,1
Hadjar,Racing Bulls,Shanghai,0,120.16430352074696,5,37,26,6,7,1
Ocon,Haas,Sakhir,25,170.10748219552414,98,36,56,8,10,0
Lawson,Racing Bulls,Baku,21,83.76912169572577,75,69,63,9,19,1
Bearman,Haas,Miami,7,70.78600935553446,13,4,11,2,3,1
Albon,Williams,Barcelona,28,166.38618577798007,74,90,52,0,13,1
Gasly,Alpine,Silverstone,29,159.08790599584424,65,2,63,7,20,1
Ocon,Haas,Miami,6,234.97399856714023,60,67,27,9,15,1
Colapinto,Alpine,Monaco,23,55.91119567835611,52,21,63,0,5,1
Leclerc,Ferrari,Suzuka,18,143.99197629634617,26,59,3,8,1,1
Lawson,Racing Bulls,Silverstone,6,248.18499874695598,65,36,10,1,7,0
Antonelli,Mercedes,Monza,9,63.76340863802802,25,70,62,0,19,1
Antonelli,Mercedes,Montreal,5,51.36447099253905,42,29,63,6,14,1
Ocon,Haas,Barcelona,1,321.40468849182474,0,17,8,1,6,0
Alonso,Aston Martin,Miami,1,66.63155273848449,59,19,23,6,1,1
Ocon,Haas,Montreal,23,141.06580485013112,61,54,10,9,10,1
Norris,McLaren,Las Vegas,25,219.82607083966522,12,95,55,2,1,0
Gasly,Alpine,Las Vegas,8,149.63153856488165,53,53,55,10,16,1
Sainz,Williams,Spa,16,163.3075664382714,74,82,43,5,15,1
Bortoleto,Sauber,Singapore,3,87.39393328093097,40,47,31,7,3,1
Bortoleto,Sauber,Suzuka,20,283.96192813414575,73,98,46,3,6,0
Hulkenberg,Sauber,Spielberg,7,126.48689913728494,57,47,37,3,2,1
Ocon,Haas,Lusail,1,285.8725199445329,86,9,4,4,2,0
Hamilton,Ferrari,Singapore,2,205.07665951136542,4,64,46,6,15,1
Antonelli,Mercedes,Shanghai,28,51.23655308040511,10,48,40,10,3,1
Norris,McLaren,Suzuka,17,238.4027322360146,11,99,37,8,3,0
Antonelli,Mercedes,Mexico City,11,223.80646854190135,72,27,11,4,12,0
Colapinto,Alpine,Mexico City,20,202.8369675230648,38,78,9,8,4,0
Bearman,Haas,Monaco,8,295.000418472889,62,13,55,0,13,0
Alonso,Aston Martin,Spielberg,20,187.22742204261542,41,31,14,7,8,0
Russel,Mercedes,Sakhir,24,256.3346542229167,54,19,47,5,9,0
Antonelli,Mercedes,Suzuka,5,122.16698120114289,70,57,22,5,1,1
Colapinto,Alpine,Suzuka,26,214.75806488266548,6,9,16,4,1,0
Bearman,Haas,Jeddah,17,105.99226331673992,86,79,26,0,8,1
Piastri,McLaren,Zandvoort,18,206.93811686442237,27,80,30,4,18,1
Antonelli,Mercedes,Barcelona,17,286.58770600334884,93,97,58,8,3,0
Antonelli,Mercedes,Shanghai,11,93.24906328130456,43,23,38,3,2,1
Norris,McLaren,Melbourne,22,60.51186083759822,58,73,32,1,9,1
Gasly,Alpine,Montreal,3,89.49167972161935,18,14,10,11,19,1
Lawson,Racing Bulls,Mexico City,18,192.4271545662266,60,63,29,7,18,1
Albon,Williams,Singapore,21,156.07900349429354,9,78,55,8,4,1
Bortoleto,Sauber,Suzuka,9,336.43037747836655,69,11,41,1,8,0
Bortoleto,Sauber,Baku,1,90.18506002753628,95,95,60,10,2,1
Verstappen,Red Bull,Silverstone,20,88.90468766783498,79,48,23,9,14,1
Bearman,Haas,Sakhir,14,285.7565938725378,82,50,24,11,4,0
Russel,Mercedes,Lusail,12,154.52840134244647,76,11,23,10,1,0
Russel,Mercedes,Mexico City,19,225.65182703660258,77,22,16,6,8,0
Russel,Mercedes,Monza,16,336.01072878658044,24,60,56,3,18,1
Sainz,Williams,Singapore,8,349.1229276238742,19,91,24,8,11,1
Leclerc,Ferrari,Spa,15,132.89978129662822,36,3,62,9,11,1
Hulkenberg,Sauber,Sakhir,24,195.74516666454105,59,18,4,3,14,1
Bearman,Haas,Sakhir,0,239.39614633824218,7,71,23,4,15,1
Lawson,Racing Bulls,Melbourne,4,315.9404237845931,83,84,45,11,16,1
Sainz,Williams,Melbourne,2,155.31385026042517,39,10,53,9,9,0
Leclerc,Ferrari,Silverstone,1,321.11900380973896,65,83,13,7,7,0
Stroll,Aston Martin,Suzuka,6,149.32287964248206,27,66,34,5,12,1
Leclerc,Ferrari,Baku,5,309.80630258300897,96,40,17,10,20,1
Leclerc,Ferrari,Lusail,13,102.76599977961239,52,88,63,0,8,1
Hamilton,Ferrari,Barcelona,3,112.196918161225,76,33,47,3,6,1
Albon,Williams,Budapest,15,321.5655822311649,62,26,63,11,15,1
Stroll,Aston Martin,Suzuka,23,250.81746550071279,10,54,16,2,10,0
Hadjar,Racing Bulls,Abu Dhabi,18,162.13420748298043,6,23,17,9,20,1
Lawson,Racing Bulls,Monaco,17,147.72853590038446,58,54,33,6,3,1
Stroll,Aston Martin,Mexico City,25,257.54468831568374,71,73,9,9,16,1
Verstappen,Red Bull,Suzuka,26,82.16839443181921,95,67,7,4,9,1
Russel,Mercedes,Montreal,10,261.90156297641676,0,12,59,8,11,1
Bortoleto,Sauber,Barcelona,18,343.9086684787801,51,87,29,9,19,1
Alonso,Aston Martin,Spielberg,15,153.57520402770243,50,58,10,2,8,0
Tsunoda,Red Bull Racing,Zandvoort,2,188.82493526757276,1,63,45,5,20,1
Hadjar,Racing Bulls,Spa,16,288.86567041589404,48,22,35,10,4,0
Lawson,Racing Bulls,Melbourne,4,166.46134589595093,96,70,51,5,15,0
Antonelli,Mercedes,Silverstone,27,186.1732029648113,8,28,24,9,2,1
Norris,McLaren,Miami,12,269.2894351862111,12,37,2,3,2,0
Bortoleto,Sauber,Monaco,17,340.1161627035197,56,54,14,2,10,0
Russel,Mercedes,Budapest,4,247.05903216296593,40,24,14,6,5,0
Hamilton,Ferrari,Las Vegas,5,251.07846379115853,63,78,64,7,13,1
Hulkenberg,Sauber,Abu Dhabi,6,171.87458289246766,41,14,63,9,12,1
Sainz,Williams,Shanghai,14,174.77903147972296,44,47,44,1,12,0
Leclerc,Ferrari,Mexico City,29,327.70576996421335,51,52,39,5,17,1
Leclerc,Ferrari,Zandvoort,20,100.93924272803338,51,70,53,8,19,1
Hamilton,Ferrari,Lusail,8,235.42592241468014,53,76,1,2,12,0
Sainz,Williams,Abu Dhabi,20,131.17251394042123,58,64,46,10,6,1
Colapinto,Alpine,Silverstone,24,342.83531501459584,25,50,61,8,13,1
Verstappen,Red Bull,Mexico City,2,136.54301701397665,41,30,63,7,13,1
Russel,Mercedes,Sakhir,10,129.81524022109247,26,73,10,6,6,1
Antonelli,Mercedes,Monza,0,272.8549068366715,12,11,2,11,14,1
Verstappen,Red Bull,Imola,1,293.40525424567755,36,40,12,9,3,0
Verstappen,Red Bull,Miami,3,266.6973588184497,97,21,47,10,1,0
Tsunoda,Red Bull Racing,Mexico City,22,288.5200890046064,49,15,28,1,16,1
Antonelli,Mercedes,Baku,28,106.67507045997364,68,30,48,9,2,1
Hulkenberg,Sauber,Singapore,23,202.84575661492232,4,51,2,4,19,1
Russel,Mercedes,Baku,15,195.23892286186003,22,38,59,2,18,0
Tsunoda,Red Bull Racing,Melbourne,3,227.9831574146914,55,48,27,0,4,0
Albon,Williams,Montreal,7,270.07744915469357,52,65,65,6,11,1
Sainz,Williams,Zandvoort,19,89.50665524672863,43,55,30,3,9,1
Hamilton,Ferrari,Sao Paulo,27,337.13842144858495,63,0,61,2,13,1
Tsunoda,Red Bull Racing,Las Vegas,23,145.92012685982684,1,28,50,8,9,1
Colapinto,Alpine,Imola,6,343.29643854489603,65,97,49,9,14,1
Lawson,Racing Bulls,Spa,16,173.49012667953056,3,65,56,6,12,1
Verstappen,Red Bull,Mexico City,7,99.07432806849108,92,97,9,1,6,1
Tsunoda,Red Bull Racing,Singapore,17,319.285509682048,21,1,9,7,10,0
Hadjar,Racing Bulls,Baku,12,217.19092186893775,0,17,11,6,18,1
Ocon,Haas,Zandvoort,9,343.6815643760088,26,89,16,7,16,1
Gasly,Alpine,Montreal,28,295.70783698569494,94,19,52,10,19,1
Hadjar,Racing Bulls,Budapest,0,63.87482394867119,37,0,23,1,17,1
Lawson,Racing Bulls,Austin,6,167.26935582338322,55,6,5,11,20,1
Piastri,McLaren,Silverstone,13,196.4732790662544,48,14,33,11,5,0
Verstappen,Red Bull,Montreal,8,336.6169026932956,91,41,20,4,7,0
Hamilton,Ferrari,Silverstone,6,300.0572384524822,24,22,49,4,19,0
Russel,Mercedes,Imola,13,217.2773175324329,63,98,36,4,9,0
Norris,McLaren,Melbourne,16,112.69177237747996,20,64,24,11,6,1
Bortoleto,Sauber,Spielberg,12,101.7053028577776,43,61,38,1,14,1
Hulkenberg,Sauber,Baku,29,70.4128805744375,58,23,33,2,17,1
Norris,McLaren,Lusail,12,288.6789797190366,56,53,44,4,13,0
Albon,Williams,Silverstone,10,58.95983317932847,92,77,59,0,5,1
Norris,McLaren,Singapore,15,330.9644081334126,67,94,7,8,1,0
Antonelli,Mercedes,Abu Dhabi,6,186.7508888341885,90,42,58,2,20,0
Stroll,Aston Martin,Barcelona,7,125.75048219360836,62,23,20,11,2,1
Ocon,Haas,Sao Paulo,12,252.48270797712905,88,98,19,5,1,0
Leclerc,Ferrari,Monza,14,192.54963619108167,54,3,4,10,9,0
Alonso,Aston Martin,Baku,20,211.95243171186985,70,3,62,7,3,0
Hamilton,Ferrari,Barcelona,2,117.21306878031386,87,92,29,2,7,1
Bortoleto,Sauber,Mexico City,4,307.9335421559951,48,39,39,11,20,1
Verstappen,Red Bull,Suzuka,20,263.5685740497933,20,58,51,0,17,1
Hadjar,Racing Bulls,Singapore,28,58.43129009105162,74,38,56,11,1,1
Hulkenberg,Sauber,Zandvoort,29,188.04436940000937,67,20,38,11,18,1
Alonso,Aston Martin,Monza,16,319.7895228152776,14,71,54,6,19,1
Lawson,Racing Bulls,Shanghai,2,76.68152503246148,46,30,64,3,7,1
Ocon,Haas,Montreal,24,245.9044618911454,94,62,59,0,7,0
Russel,Mercedes,Miami,0,157.49316983749213,1,75,50,4,9,0
Lawson,Racing Bulls,Silverstone,20,267.1041668228863,61,46,18,6,12,1
Piastri,McLaren,Sao Paulo,0,113.297908118176,55,3,59,1,4,1
Antonelli,Mercedes,Miami,0,284.68379424063676,73,60,63,4,8,0
Stroll,Aston Martin,Sao Paulo,12,141.64755603348738,89,94,26,5,15,1
Hadjar,Racing Bulls,Silverstone,12,133.81075213224088,47,94,14,0,9,1
Colapinto,Alpine,Las Vegas,28,148.91875772606448,29,65,21,3,16,1
Hamilton,Ferrari,Jeddah,17,214.01588952770817,2,99,63,9,10,1
Piastri,McLaren,Budapest,17,302.0235166319699,45,96,14,5,8,0
Alonso,Aston Martin,Singapore,19,56.05865222102694,4,64,28,7,11,1
Gasly,Alpine,Silverstone,18,200.94213245990952,1,17,17,5,2,0
Piastri,McLaren,Zandvoort,20,90.02458480389419,0,58,23,5,18,1
Sainz,Williams,Budapest,10,338.7439838415536,92,17,13,2,11,0
Piastri,McLaren,Monaco,16,181.4360156909492,95,3,1,10,3,0
Bortoleto,Sauber,Monaco,8,87.23760633145875,90,85,57,8,10,1
Bearman,Haas,Abu Dhabi,10,173.68566297370108,20,26,1,6,1,0
Hadjar,Racing Bulls,Suzuka,22,274.792318870146,55,86,1,5,18,1
Verstappen,Red Bull,Monza,7,75.63686996064364,5,65,33,9,20,1
Stroll,Aston Martin,Melbourne,19,129.954717393418,27,56,8,3,16,1
Bortoleto,Sauber,Silverstone,25,249.1238212228173,14,81,62,3,11,1
Lawson,Racing Bulls,Sakhir,19,184.13173905196126,41,58,33,4,17,1
Albon,Williams,Spielberg,27,126.55095562630635,22,89,35,5,19,1
Piastri,McLaren,Shanghai,2,240.3652295577135,36,14,6,7,15,1
Albon,Williams,Budapest,7,313.04518795031436,46,50,62,8,17,1
Piastri,McLaren,Monaco,17,342.573615441974,41,32,64,9,1,0
Russel,Mercedes,Monza,12,239.23344969391337,64,42,54,5,16,0
Stroll,Aston Martin,Silverstone,28,307.8324556250278,47,66,32,4,12,1
Albon,Williams,Budapest,18,307.6086942757421,62,27,63,10,15,1
Sainz,Williams,Spielberg,0,338.0376335251757,72,85,6,6,4,0
Hulkenberg,Sauber,Melbourne,18,301.6134143859482,43,99,63,5,9,0
Bortoleto,Sauber,Spa,22,68.51819512967356,51,36,9,7,4,1
Bortoleto,Sauber,Las Vegas,25,208.3590811012627,96,42,44,8,4,0
Stroll,Aston Martin,Austin,3,129.1862089023413,41,54,54,3,3,1
Tsunoda,Red Bull Racing,Monza,4,242.93121646743495,70,21,37,2,5,0
Gasly,Alpine,Spa,11,65.76238207715302,13,53,61,9,17,1
Russel,Mercedes,Jeddah,28,349.2979654846555,11,39,41,5,18,1
Lawson,Racing Bulls,Miami,19,187.06902229045494,43,69,29,2,9,0
Hamilton,Ferrari,Spa,17,293.15239150378795,4,50,36,1,12,1
Bearman,Haas,Sakhir,10,59.64119647620721,5,60,38,10,15,1
Stroll,Aston Martin,Abu Dhabi,16,214.4892506983979,22,4,63,4,3,0
Bortoleto,Sauber,Lusail,19,289.0476431343567,87,31,52,9,6,0
Hamilton,Ferrari,Montreal,25,101.50780592279953,81,8,50,1,5,1
Stroll,Aston Martin,Austin,24,210.24993241248316,76,17,20,6,15,1
Bearman,Haas,Austin,2,101.37249690105705,96,39,52,3,6,1
Bearman,Haas,Singapore,25,118.61838371393215,44,10,1,1,20,1
Albon,Williams,Lusail,26,313.49018975428527,22,60,47,0,14,1
Albon,Williams,Baku,24,329.97613659243643,52,18,54,0,1,0
Tsunoda,Red Bull Racing,Monaco,20,255.29009429327326,0,71,62,4,1,1
Norris,McLaren,Mexico City,15,334.6089507890409,45,2,25,9,10,0
Hadjar,Racing Bulls,Budapest,22,214.31397315709046,72,94,8,1,4,0
Alonso,Aston Martin,Suzuka,3,80.23011886948223,7,7,64,5,20,1
Ocon,Haas,Spa,4,305.438999314809,12,20,17,2,6,0
Leclerc,Ferrari,Budapest,6,192.4448243800123,3,23,36,11,1,0
Alonso,Aston Martin,Jeddah,15,303.6523261430159,76,18,16,4,14,0
Hamilton,Ferrari,Singapore,14,343.4979412010726,34,6,1,1,9,0
Alonso,Aston Martin,Sao Paulo,9,54.475248367970394,50,15,50,8,6,1
Albon,Williams,Suzuka,21,203.02312178957507,8,55,48,5,8,0
Hadjar,Racing Bulls,Spa,24,129.57213172206326,79,52,15,6,13,1
Alonso,Aston Martin,Montreal,13,74.54611949570173,66,55,25,5,8,1
Albon,Williams,Austin,7,146.2822357648341,21,66,47,9,18,1
Bearman,Haas,Sakhir,19,152.82942397530203,66,27,41,6,18,1
Sainz,Williams,Zandvoort,26,244.38844304537545,36,72,64,9,11,1
Lawson,Racing Bulls,Imola,5,193.02122291813546,69,51,25,4,16,0
Norris,McLaren,Montreal,6,177.2386172702156,79,62,8,10,18,1
Albon,Williams,Austin,1,160.02675230581482,77,69,1,0,18,0
Albon,Williams,Austin,9,93.09919506923818,96,35,46,9,4,1
Ocon,Haas,Baku,22,79.52065948535088,19,13,53,4,18,1
Verstappen,Red Bull,Suzuka,23,130.87836564158934,39,10,3,6,4,1
Verstappen,Red Bull,Austin,4,345.4187626831911,25,7,45,9,8,0
Ocon,Haas,Imola,6,119.49920136264673,1,63,43,11,14,1
Hadjar,Racing Bulls,Mexico City,6,214.7155340280597,12,96,34,10,16,1
Albon,Williams,Suzuka,22,289.63903979435224,44,53,59,8,5,0
Verstappen,Red Bull,Spielberg,8,324.5450007247595,20,31,26,1,17,0
Lawson,Racing Bulls,Sakhir,29,153.71742764902447,35,25,7,7,2,1
Lawson,Racing Bulls,Austin,29,349.11398634901224,19,78,16,6,14,1
Hulkenberg,Sauber,Mexico City,15,243.61431875986506,49,42,61,10,11,1
Lawson,Racing Bulls,Monaco,8,71.33371124428687,20,3,55,5,20,1
Lawson,Racing Bulls,Abu Dhabi,3,126.06922297627655,12,49,10,5,16,1
Antonelli,Mercedes,Melbourne,4,314.7943278636916,98,56,19,11,3,0
Verstappen,Red Bull,Imola,8,73.21637618696633,24,27,35,10,12,1
Lawson,Racing Bulls,Imola,6,86.5395468853278,30,3,2,0,19,1
Hulkenberg,Sauber,Lusail,0,107.42829464594963,37,55,56,11,17,1
Antonelli,Mercedes,Spielberg,19,274.4111294236907,11,16,57,2,11,1
Hamilton,Ferrari,Monza,12,347.94258397295675,66,82,13,2,20,0
Russel,Mercedes,Austin,20,249.7194272057393,6,17,8,10,5,0
Bortoleto,Sauber,Jeddah,7,110.11584990101831,68,76,3,10,13,1
Sainz,Williams,Singapore,19,60.9588264828523,64,36,29,6,3,1
Norris,McLaren,Budapest,16,338.45955627352254,56,80,10,10,12,1
Sainz,Williams,Zandvoort,19,262.9895359321232,28,28,20,10,1,0
Hamilton,Ferrari,Imola,1,108.48446174229964,70,56,29,4,10,1
Piastri,McLaren,Spielberg,28,260.81989754002336,45,7,63,11,17,1
Albon,Williams,Barcelona,10,207.61062758248116,66,76,50,1,11,0
Russel,Mercedes,Imola,14,170.86644379294194,13,56,57,8,1,0
Antonelli,Mercedes,Singapore,18,298.4804464800687,51,11,3,10,19,1
Stroll,Aston Martin,Singapore,12,205.61739643880045,96,94,11,7,3,0
Lawson,Racing Bulls,Las Vegas,13,342.072936021577,24,36,34,10,3,0
Bortoleto,Sauber,Barcelona,21,86.76602700857953,75,86,24,4,8,1
Leclerc,Ferrari,Spa,13,167.79408988006998,33,43,8,1,10,0
Bortoleto,Sauber,Monza,8,94.26190786374794,33,31,31,10,7,1
Verstappen,Red Bull,Monaco,11,104.48916916610848,74,35,13,2,5,1
Alonso,Aston Martin,Singapore,5,194.1109620999334,20,5,12,11,14,1
Hulkenberg,Sauber,Spielberg,16,136.35878087776854,3,2,2,6,12,1
Norris,McLaren,Spielberg,0,258.3401814876919,92,33,16,5,3,0
Alonso,Aston Martin,Las Vegas,18,172.2370322024274,96,89,49,10,2,0
Sainz,Williams,Monaco,3,196.42526979648935,88,26,52,5,11,0
Bortoleto,Sauber,Lusail,13,209.9993130989864,31,53,47,11,18,1
Bearman,Haas,Shanghai,25,88.88837156371044,78,23,14,5,2,1
Bortoleto,Sauber,Silverstone,12,344.0984154047694,64,65,64,2,13,0
Norris,McLaren,Montreal,24,245.9679814411207,89,67,59,4,20,1
Piastri,McLaren,Baku,23,89.89067321560493,19,36,10,0,3,1
Sainz,Williams,Imola,17,333.3286221622002,38,16,43,11,16,1
Antonelli,Mercedes,Austin,16,332.05594367130567,58,80,49,9,1,0
Antonelli,Mercedes,Monaco,21,175.2492328044678,33,81,51,1,6,0
Antonelli,Mercedes,Sakhir,17,261.9517902921387,29,33,9,0,19,1
Stroll,Aston Martin,Suzuka,9,254.199339963353,83,70,45,1,13,0
Stroll,Aston Martin,Imola,16,287.6988668300748,53,23,31,11,8,0
Piastri,McLaren,Suzuka,7,197.63182689788056,63,31,4,3,8,0
Hamilton,Ferrari,Abu Dhabi,13,249.7606712088644,74,15,35,8,19,1
Hadjar,Racing Bulls,Las Vegas,20,106.77474375246625,12,48,30,2,17,1
Lawson,Racing Bulls,Monaco,8,221.76787689738495,7,31,54,3,8,0
Hamilton,Ferrari,Spa,29,165.55097590574394,3,37,2,11,19,1
Hamilton,Ferrari,Mexico City,0,323.8562739521825,77,89,60,11,13,1
Hulkenberg,Sauber,Melbourne,0,162.83257269164125,62,4,22,8,20,1
Russel,Mercedes,Las Vegas,23,72.47237770408012,20,0,17,0,4,1
Lawson,Racing Bulls,Sao Paulo,29,308.9434371231303,58,8,15,1,12,1
Russel,Mercedes,Miami,13,246.17826412776932,86,59,18,2,10,0
Bearman,Haas,Spielberg,2,335.02399457663074,73,35,15,2,7,0
Tsunoda,Red Bull Racing,Spa,12,247.44907970336635,66,14,38,5,7,0
Bortoleto,Sauber,Zandvoort,8,174.56909872298658,62,75,3,11,8,0
Bortoleto,Sauber,Melbourne,13,182.1857384836579,41,45,47,4,1,0
Antonelli,Mercedes,Zandvoort,10,307.84497308152913,48,70,55,10,10,0
Hadjar,Racing Bulls,Sao Paulo,22,270.81790334221057,3,30,10,8,2,0
Piastri,McLaren,Suzuka,18,331.9909514178423,89,9,32,8,3,0
Gasly,Alpine,Spa,0,321.88641490515437,10,58,52,11,8,0
Lawson,Racing Bulls,Imola,10,107.36683028822189,82,49,33,1,18,1
Colapinto,Alpine,Spielberg,19,314.0552523196135,37,0,61,5,4,0
Albon,Williams,Zandvoort,6,135.52709431147548,45,56,55,10,17,1
Antonelli,Mercedes,Sao Paulo,28,141.4833893265046,9,8,34,7,6,1
Piastri,McLaren,Monza,21,310.9448095205476,75,71,64,7,3,0
Leclerc,Ferrari,Imola,29,154.0674863346518,49,19,51,9,15,1
Ocon,Haas,Abu Dhabi,24,314.0232262883516,80,78,24,8,11,1
Hadjar,Racing Bulls,Imola,2,135.9412196364304,67,21,35,11,7,1
Russel,Mercedes,Silverstone,5,55.01619993902636,57,5,20,6,15,1
Colapinto,Alpine,Monaco,28,245.37631702639175,75,80,3,4,14,1
Stroll,Aston Martin,Sao Paulo,9,143.21803761573221,10,73,60,10,11,1
Colapinto,Alpine,Las Vegas,18,99.82226910306362,41,37,6,10,9,1
Ocon,Haas,Spa,2,84.83241812118804,63,97,44,11,2,1
Hadjar,Racing Bulls,Zandvoort,2,346.27642083940214,16,66,40,6,20,1
Lawson,Racing Bulls,Imola,18,211.1766409920894,89,61,40,2,4,0
Lawson,Racing Bulls,Spa,3,343.59755224137194,55,60,52,3,18,0
Verstappen,Red Bull,Abu Dhabi,14,286.40875417817665,71,27,38,5,19,0
Bearman,Haas,Sakhir,17,244.92314122288215,90,7,5,8,7,0
Norris,McLaren,Sakhir,0,66.18991251460962,34,7,3,9,2,1
Piastri,McLaren,Austin,17,151.4128403646879,83,84,54,0,20,1
Gasly,Alpine,Budapest,9,183.67101987866607,99,22,48,7,18,1
Verstappen,Red Bull,Abu Dhabi,3,138.9884794511441,2,21,23,0,4,1
Hamilton,Ferrari,Lusail,1,78.30103541232526,7,42,65,6,13,1
Sainz,Williams,Lusail,7,237.22820953000183,1,1,32,10,5,0
Stroll,Aston Martin,Las Vegas,9,238.079908889763,39,84,64,4,16,0
Russel,Mercedes,Montreal,29,181.4744891044461,89,63,15,6,18,1
Gasly,Alpine,Baku,22,121.89448430119015,62,28,28,6,16,1
Piastri,McLaren,Monza,8,85.24868972167768,60,62,22,7,19,1
Norris,McLaren,Montreal,25,58.66021082354397,8,77,10,6,14,1
Hamilton,Ferrari,Budapest,13,328.64468007969094,83,76,45,0,20,0
Ocon,Haas,Montreal,22,62.261396907219414,65,33,52,3,13,1
Leclerc,Ferrari,Montreal,12,260.3611794439976,31,45,24,5,3,0
Hulkenberg,Sauber,Mexico City,21,91.03011266153548,10,67,52,4,8,1
Hamilton,Ferrari,Baku,10,181.39485847827464,72,93,19,11,6,0
Alonso,Aston Martin,Monza,5,126.83317226684107,42,7,59,4,3,1
Gasly,Alpine,Lusail,20,324.8736077904631,67,83,33,1,10,0
Ocon,Haas,Jeddah,0,83.92529918855828,4,53,2,7,18,1
Sainz,Williams,Abu Dhabi,0,148.26248823493188,38,63,2,9,18,1
Norris,McLaren,Suzuka,22,106.3671531518482,28,38,18,6,15,1
Leclerc,Ferrari,Zandvoort,17,267.44749494379386,13,60,54,1,8,0
Lawson,Racing Bulls,Montreal,22,70.4183976047009,98,42,52,6,8,1
Norris,McLaren,Monza,10,109.80104302593503,36,70,41,6,12,1
Antonelli,Mercedes,Miami,26,140.6592859143252,88,8,37,3,12,1
Tsunoda,Red Bull Racing,Melbourne,8,80.75387113391606,41,50,61,10,6,1
Colapinto,Alpine,Sakhir,9,306.3764505157832,14,94,25,11,16,1
Russel,Mercedes,Monaco,19,91.89977031247875,26,35,41,11,15,1
Gasly,Alpine,Austin,12,304.8577127242637,12,3,54,8,3,0
Russel,Mercedes,Suzuka,4,115.78421180052439,97,32,59,4,20,1
Sainz,Williams,Lusail,14,282.17495754532354,58,76,21,0,15,0
Colapinto,Alpine,Melbourne,5,134.91235854204467,2,43,26,0,6,1
Norris,McLaren,Spielberg,23,221.4958932533687,49,58,53,11,3,0
Bortoleto,Sauber,Budapest,23,63.94122908022799,37,50,21,9,9,1
Ocon,Haas,Singapore,10,163.36727952676978,48,92,51,3,3,0
Bortoleto,Sauber,Zandvoort,5,284.2206155006239,97,48,12,9,10,0
Verstappen,Red Bull,Melbourne,16,261.0579449069981,7,24,34,9,14,1
Gasly,Alpine,Monaco,3,178.6172601960727,5,70,28,0,15,1
Stroll,Aston Martin,Melbourne,19,119.20654538115292,22,7,36,10,13,1
Norris,McLaren,Suzuka,5,234.8558412721571,36,12,30,6,1,0
Leclerc,Ferrari,Jeddah,22,199.2748574852401,12,45,45,2,7,0
Stroll,Aston Martin,Suzuka,0,321.573327438167,7,90,6,6,19,1
Colapinto,Alpine,Suzuka,8,248.17728359803573,20,63,54,2,1,0
Stroll,Aston Martin,Spa,18,191.4417507455025,12,87,17,5,19,1
Gasly,Alpine,Suzuka,0,283.0240087990541,4,61,24,8,20,1
Leclerc,Ferrari,Spa,14,324.1600407814473,74,73,24,9,17,1
Gasly,Alpine,Abu Dhabi,14,198.50495989284695,5,76,48,5,8,0
Verstappen,Red Bull,Monaco,27,127.77394717850251,0,87,12,2,15,1
Verstappen,Red Bull,Lusail,3,347.3089344622704,11,40,27,9,19,1
Albon,Williams,Melbourne,5,241.50313054112087,64,9,47,2,8,0
Bortoleto,Sauber,Abu Dhabi,27,183.8209658511011,33,61,56,1,8,0
Colapinto,Alpine,Mexico City,26,109.8746938048885,15,41,39,8,1,1
Norris,McLaren,Spielberg,16,106.04062359517819,58,2,14,6,8,1
Gasly,Alpine,Melbourne,2,228.23435580162868,0,24,8,5,14,0
Tsunoda,Red Bull Racing,Monza,1,101.46938699451175,42,0,20,7,9,1
Sainz,Williams,Spa,21,342.1672557829905,64,87,59,8,17,1
Verstappen,Red Bull,Silverstone,25,185.04619679057708,30,44,43,7,9,0
Tsunoda,Red Bull Racing,Melbourne,25,324.23757697297674,66,70,57,4,4,0
Russel,Mercedes,Abu Dhabi,10,344.59627766630496,53,74,14,5,16,0
Bearman,Haas,Monaco,6,310.34055592634195,78,50,47,10,17,1
Sainz,Williams,Barcelona,22,100.70394304767248,37,7,30,9,13,1
Gasly,Alpine,Las Vegas,20,98.56306620524559,52,47,39,1,6,1
Hamilton,Ferrari,Monza,11,59.55073584773729,98,56,37,5,1,1
Albon,Williams,Budapest,6,207.06301117161203,30,61,36,2,19,0
Verstappen,Red Bull,Las Vegas,6,182.63385695354373,23,91,17,5,4,0
Hulkenberg,Sauber,Montreal,21,286.1949944068501,96,96,20,5,5,0
Bortoleto,Sauber,Baku,20,217.44171917100923,99,52,21,4,10,0
Colapinto,Alpine,Monaco,4,98.11026319211543,94,89,54,8,7,1
Norris,McLaren,Lusail,24,217.37795510583305,47,64,12,2,3,0
Lawson,Racing Bulls,Silverstone,5,284.0395034245319,17,78,56,10,16,1
Alonso,Aston Martin,Singapore,15,175.02898547621376,48,24,21,8,18,1
Hamilton,Ferrari,Sao Paulo,16,291.09417620470276,98,36,20,8,7,0
Hamilton,Ferrari,Monza,14,200.4070262200415,19,6,20,10,6,0
Piastri,McLaren,Suzuka,13,276.59532010792947,49,88,35,9,3,0
Bearman,Haas,Monaco,11,186.82482569232062,52,6,2,3,3,0
Verstappen,Red Bull,Barcelona,0,248.5883045078111,3,64,46,0,10,0
Hadjar,Racing Bulls,Austin,20,165.72476621532456,11,74,39,5,3,0
Norris,McLaren,Montreal,2,189.95795497249716,39,72,59,9,9,0
Russel,Mercedes,Barcelona,3,173.5339440515446,63,68,43,9,2,0
Bortoleto,Sauber,Mexico City,8,248.51608818440855,18,21,34,9,14,1
Verstappen,Red Bull,Lusail,20,126.41753866427445,96,8,45,7,11,1
Russel,Mercedes,Imola,10,213.93189036108842,11,22,11,11,16,1
Bearman,Haas,Singapore,13,98.53139237580241,16,47,30,8,10,1
Hulkenberg,Sauber,Singapore,7,110.45758197916564,21,4,34,1,4,1
Alonso,Aston Martin,Baku,13,101.52779356593696,27,56,39,9,8,1
Hamilton,Ferrari,Spa,3,123.7591076327323,40,49,30,0,16,1
Sainz,Williams,Las Vegas,0,159.29751921289844,51,23,18,10,9,0
Lawson,Racing Bulls,Jeddah,14,97.72586993757479,46,31,20,5,1,1
Ocon,Haas,Jeddah,22,106.354353342179,16,84,12,2,20,1
Sainz,Williams,Lusail,12,273.7811661439152,42,20,25,0,2,0
Antonelli,Mercedes,Zandvoort,21,310.55616004277687,70,49,61,5,10,0
Tsunoda,Red Bull Racing,Abu Dhabi,22,327.2508132051096,70,25,49,9,6,0
Albon,Williams,Spielberg,5,272.9598584091185,85,88,29,7,5,0
Bearman,Haas,Lusail,21,149.62295983864493,25,11,49,11,3,1
Sainz,Williams,Baku,21,330.9645304689766,76,89,25,5,2,0
Antonelli,Mercedes,Monaco,7,287.14506500837666,5,55,43,7,14,1
Russel,Mercedes,Austin,0,171.85870616560754,62,40,47,7,13,1
Verstappen,Red Bull,Monza,8,229.23530214468056,47,85,18,7,19,1
Alonso,Aston Martin,Miami,27,100.2146304363784,92,47,10,2,14,1
Leclerc,Ferrari,Monza,15,341.6942401345274,50,72,36,3,5,0
Alonso,Aston Martin,Mexico City,13,340.0774060637573,52,16,41,7,20,1
Russel,Mercedes,Spa,22,240.73389592596638,48,63,62,8,6,0
Stroll,Aston Martin,Budapest,8,71.42912117938492,37,82,54,2,4,1
Bortoleto,Sauber,Las Vegas,17,225.0409868862908,26,52,53,2,4,0
Stroll,Aston Martin,Barcelona,23,243.16977588420008,46,1,27,3,5,0
Sainz,Williams,Montreal,28,254.3023658155151,28,27,25,4,10,0
Lawson,Racing Bulls,Silverstone,16,281.3639018671088,1,12,13,6,7,0
Ocon,Haas,Baku,12,216.54377226070156,40,21,9,10,15,1
Lawson,Racing Bulls,Spa,19,226.98219328795685,37,97,28,2,14,1
Hamilton,Ferrari,Lusail,22,245.46263953973238,15,26,14,7,19,1
Hamilton,Ferrari,Lusail,11,179.70779807321827,59,61,14,4,5,0
Stroll,Aston Martin,Austin,29,247.85504275162018,94,38,25,9,4,1
Piastri,McLaren,Budapest,19,222.5757718552121,23,54,46,8,5,0
Bortoleto,Sauber,Melbourne,16,75.73707575122754,11,21,52,4,10,1
Alonso,Aston Martin,Monaco,16,306.1704053647264,91,10,48,0,9,0
Gasly,Alpine,Austin,2,300.31670367077714,47,69,52,2,17,0
Bearman,Haas,Zandvoort,1,293.53483236088056,28,64,53,9,20,1
Alonso,Aston Martin,Lusail,27,81.90672498030648,74,98,10,11,17,1
Alonso,Aston Martin,Shanghai,22,145.02852221527027,47,63,24,1,10,1
Lawson,Racing Bulls,Singapore,29,127.52290466600331,11,5,9,3,18,1
Tsunoda,Red Bull Racing,Monza,11,237.3402572423706,92,5,1,6,14,1
Bortoleto,Sauber,Suzuka,3,233.76638241458514,96,30,43,2,6,0
Piastri,McLaren,Spa,23,301.00658348377857,36,82,6,0,15,1
Alonso,Aston Martin,Spielberg,16,266.6035000933698,72,30,17,4,17,1
Verstappen,Red Bull,Lusail,0,319.9702883388288,5,41,55,4,17,0
Antonelli,Mercedes,Barcelona,15,106.52590086072789,60,17,35,1,7,1
Lawson,Racing Bulls,Zandvoort,24,105.99194511149413,66,95,56,10,12,1
Hadjar,Racing Bulls,Jeddah,0,344.1404012711079,54,71,12,2,13,0
Antonelli,Mercedes,Miami,15,305.7403755987084,75,52,58,10,6,0
Ocon,Haas,Zandvoort,23,69.4357805564176,64,55,31,7,15,1
Verstappen,Red Bull,Sakhir,28,102.31814894713791,69,49,41,10,17,1
Hadjar,Racing Bulls,Budapest,9,75.72296952504595,77,91,61,8,12,1
Colapinto,Alpine,Spa,5,194.38781946770402,68,6,13,1,10,0
Verstappen,Red Bull,Shanghai,0,337.4113032438794,42,12,25,0,18,0
Hadjar,Racing Bulls,Miami,10,235.1138559997927,28,23,34,7,5,0
Bortoleto,Sauber,Montreal,16,295.56674775171837,56,40,6,1,7,0
Lawson,Racing Bulls,Shanghai,19,343.7946875076003,62,49,32,8,4,0
Hamilton,Ferrari,Miami,27,133.54772326921656,23,28,4,1,13,1
Stroll,Aston Martin,Shanghai,28,84.69780709434124,76,86,6,6,15,1
Lawson,Racing Bulls,Austin,19,79.83439415797046,30,10,34,9,3,1
Russel,Mercedes,Suzuka,9,266.0873229791818,62,69,44,11,9,0
Norris,McLaren,Budapest,25,122.24094487290995,95,80,55,0,8,1
Stroll,Aston Martin,Silverstone,27,210.42929667520522,70,78,19,5,15,1
Leclerc,Ferrari,Miami,7,253.61638930994152,34,61,15,1,11,0
Colapinto,Alpine,Monaco,18,179.72129816850133,92,22,31,4,16,1
Bortoleto,Sauber,Shanghai,17,256.42464717509654,67,77,65,9,2,0
Colapinto,Alpine,Barcelona,13,118.60264060211527,74,57,44,3,5,1
Bearman,Haas,Melbourne,28,280.56994200812727,60,77,59,9,12,1
Gasly,Alpine,Zandvoort,3,230.69268354536285,62,51,65,10,10,0
Verstappen,Red Bull,Imola,6,272.51827334665086,0,26,13,2,3,0
Antonelli,Mercedes,Shanghai,2,184.7294112245344,20,50,32,1,15,0
Tsunoda,Red Bull Racing,Austin,23,89.6108219426767,19,92,26,9,11,1
Leclerc,Ferrari,Shanghai,27,257.35697257390615,0,69,27,2,10,1
Bearman,Haas,Las Vegas,26,170.27547867566904,39,25,64,8,20,1
Ocon,Haas,Shanghai,7,322.8433652862284,60,27,16,7,8,0
Colapinto,Alpine,Spa,14,87.97635884584912,90,81,34,3,20,1
Antonelli,Mercedes,Suzuka,28,264.4818456279744,4,93,56,0,9,1
Hulkenberg,Sauber,Austin,11,180.1493298192567,24,34,24,8,15,1
Russel,Mercedes,Miami,20,299.4042031024978,63,93,15,2,13,1
Antonelli,Mercedes,Austin,12,160.29973361840263,32,72,48,8,11,1
Verstappen,Red Bull,Spielberg,24,151.05983910176806,16,86,3,11,5,0
Tsunoda,Red Bull Racing,Monaco,14,156.8459013667887,27,71,20,2,15,0
Albon,Williams,Spielberg,28,105.75166652437944,93,42,44,3,20,1
Tsunoda,Red Bull Racing,Sakhir,26,213.46847519045565,52,43,31,1,10,0
Colapinto,Alpine,Spa,18,215.80320164721658,63,76,32,10,7,0
Tsunoda,Red Bull Racing,Monaco,9,264.62604975080455,48,16,26,4,1,0
Russel,Mercedes,Spa,15,170.9062702360987,57,61,63,2,10,0
Antonelli,Mercedes,Budapest,24,62.553365186154686,88,96,30,0,13,1
Stroll,Aston Martin,Imola,24,78.47818074479534,77,18,49,8,14,1
Stroll,Aston Martin,Austin,26,251.33705592310122,21,64,53,7,1,1
Tsunoda,Red Bull Racing,Baku,7,174.83359936502345,3,47,19,7,8,0
Hadjar,Racing Bulls,Montreal,27,56.233636085998576,94,45,18,8,6,1
Hulkenberg,Sauber,Sao Paulo,15,71.46258063915843,65,8,44,0,20,1
Piastri,McLaren,Miami,5,194.29199432460774,91,94,41,8,9,0
Sainz,Williams,Zandvoort,3,209.9032741445947,87,28,43,3,18,0
Albon,Williams,Lusail,5,115.7543360392986,95,71,17,6,13,1
Russel,Mercedes,Miami,4,296.6066249085471,60,5,28,8,17,1
Tsunoda,Red Bull Racing,Sao Paulo,1,333.792099040982,8,50,36,9,10,0
Alonso,Aston Martin,Monaco,12,304.55825847664556,12,55,36,10,11,1
Hulkenberg,Sauber,Mexico City,26,239.8680472337253,64,30,37,7,12,1
Norris,McLaren,Monaco,22,64.67285887774253,26,85,27,3,7,1
Sainz,Williams,Imola,22,288.55396401647306,57,96,40,10,10,0
Lawson,Racing Bulls,Sao Paulo,27,134.44606911881232,89,97,12,2,11,1
Hamilton,Ferrari,Austin,15,147.1583303249697,47,67,53,6,20,1
Sainz,Williams,Jeddah,23,166.02025641504244,14,23,57,11,1,0
Hadjar,Racing Bulls,Abu Dhabi,3,280.46365397625095,31,98,44,1,19,0
Lawson,Racing Bulls,Montreal,16,286.4172870123475,47,3,43,6,7,0
Hamilton,Ferrari,Austin,12,219.08942534326928,65,34,46,1,1,0
Sainz,Williams,Barcelona,3,160.2456232336444,54,13,56,5,14,0
Norris,McLaren,Sakhir,5,107.05234215921531,13,78,30,1,7,1
Hadjar,Racing Bulls,Barcelona,9,208.6243330332894,86,98,47,9,3,0
Verstappen,Red Bull,Abu Dhabi,14,186.5089402555947,2,70,10,8,14,1
Tsunoda,Red Bull Racing,Zandvoort,15,308.55581335788634,55,58,22,8,20,1
Piastri,McLaren,Imola,5,121.17390062413604,29,84,57,5,20,1
Hulkenberg,Sauber,Spa,12,155.16952993801118,86,78,44,8,16,1
Hadjar,Racing Bulls,Monza,25,284.62307911875064,93,70,55,10,11,1
Stroll,Aston Martin,Monza,8,72.52865861017963,98,2,53,5,5,1
Albon,Williams,Spa,0,199.21538228519512,96,72,39,4,20,0
Norris,McLaren,Baku,13,54.84725906562783,35,17,63,2,5,1
Colapinto,Alpine,Melbourne,1,176.43294418992414,36,19,41,11,15,1
Hamilton,Ferrari,Monza,13,60.459533665203466,94,34,31,0,3,1
Colapinto,Alpine,Sao Paulo,24,296.2938775677648,32,88,62,5,9,0
Leclerc,Ferrari,Suzuka,17,243.35083118194194,54,32,45,9,20,1
Hamilton,Ferrari,Lusail,18,95.2460766737869,8,37,29,2,8,1
Bortoleto,Sauber,Melbourne,22,291.2788059601321,46,74,42,10,5,0
Lawson,Racing Bulls,Spa,0,265.5039377206741,87,36,15,7,1,0
Colapinto,Alpine,Monaco,20,302.10391354495295,76,24,58,10,15,1
Hulkenberg,Sauber,Monaco,17,252.9543995124679,16,46,65,0,6,0
Leclerc,Ferrari,Monza,27,290.3379598397788,91,13,50,0,18,1
Colapinto,Alpine,Austin,15,191.1133486232725,33,43,44,7,2,0
Hulkenberg,Sauber,Sakhir,19,329.5766404366613,46,81,3,8,3,0
Hadjar,Racing Bulls,Abu Dhabi,18,148.33929676521626,32,54,1,9,8,1
Stroll,Aston Martin,Baku,27,95.00735712477487,11,7,51,7,3,1
Verstappen,Red Bull,Austin,29,267.27895663838507,93,22,36,10,16,1
Albon,Williams,Spielberg,4,242.69178516379918,44,16,34,3,11,0
Lawson,Racing Bulls,Las Vegas,14,242.88818643462156,49,26,62,5,11,0
Hamilton,Ferrari,Baku,22,125.10929908042128,91,50,2,7,5,1
Stroll,Aston Martin,Baku,21,59.487070285845746,88,73,50,0,5,1
Russel,Mercedes,Baku,21,176.3170437415236,68,34,5,10,3,0
Stroll,Aston Martin,Silverstone,11,188.8949267044217,79,92,13,6,2,0
Verstappen,Red Bull,Zandvoort,18,284.16714903927664,71,63,49,2,20,1
Hadjar,Racing Bulls,Austin,5,183.90863253891908,33,2,52,5,6,0
Sainz,Williams,Abu Dhabi,21,65.91446672144014,23,72,29,6,4,1
Hamilton,Ferrari,Shanghai,11,143.63780384751036,66,20,14,4,4,1
Lawson,Racing Bulls,Lusail,25,71.446730260935,42,75,53,0,13,1
Albon,Williams,Shanghai,10,193.2169631261877,30,56,32,1,8,0
Albon,Williams,Monaco,15,263.5803449733483,86,81,24,2,16,0
Verstappen,Red Bull,Lusail,16,126.03775632780531,65,24,51,4,12,1
Piastri,McLaren,Abu Dhabi,21,296.6170228489374,46,26,9,0,4,0
Stroll,Aston Martin,Abu Dhabi,23,174.29989989889975,89,29,45,3,19,1
Alonso,Aston Martin,Mexico City,3,156.59683085187496,33,13,23,8,16,1
Bortoleto,Sauber,Barcelona,7,136.95843874608562,34,97,46,6,16,1
Ocon,Haas,Silverstone,14,87.15588505608845,70,28,60,11,16,1
Ocon,Haas,Sao Paulo,18,117.57811609583565,25,39,6,1,1,1
Tsunoda,Red Bull Racing,Budapest,24,324.1397981645776,82,26,59,6,16,1
Bearman,Haas,Mexico City,9,264.5297816335029,79,11,11,4,8,0
Albon,Williams,Baku,5,140.82666405184264,50,71,46,8,16,1
Albon,Williams,Melbourne,2,348.7132863317799,92,26,27,0,12,0
Ocon,Haas,Melbourne,1,326.95374771852585,22,74,1,9,17,1
Tsunoda,Red Bull Racing,Suzuka,1,226.0949418378145,31,51,18,7,8,0
Piastri,McLaren,Montreal,14,78.16654591779624,82,18,4,9,12,1
Norris,McLaren,Montreal,0,197.48631855001895,42,9,56,7,19,1
Bortoleto,Sauber,Montreal,18,272.03096385545916,42,18,20,11,9,0
Antonelli,Mercedes,Lusail,24,132.7801034883083,44,18,30,10,7,1
Bortoleto,Sauber,Monaco,24,330.00178380191096,21,86,46,8,13,1
Piastri,McLaren,Singapore,22,113.9967979994457,27,16,13,0,3,1
Tsunoda,Red Bull Racing,Sao Paulo,13,140.21813053757168,36,55,34,2,19,1
Verstappen,Red Bull,Las Vegas,24,218.71271591537263,49,37,1,4,1,0
Leclerc,Ferrari,Sao Paulo,7,333.5626869222259,99,99,5,2,7,0
Colapinto,Alpine,Las Vegas,16,186.67925556671264,31,12,3,4,10,0
Hulkenberg,Sauber,Austin,25,321.1893199489601,11,88,30,0,5,0
Bearman,Haas,Melbourne,19,284.7715427295161,72,3,39,1,18,1
Colapinto,Alpine,Lusail,22,268.7007400282387,55,86,12,1,5,0
Gasly,Alpine,Spa,2,346.4861547593369,25,45,9,7,6,0
Lawson,Racing Bulls,Monaco,5,295.3359306194927,74,70,64,0,10,0
Piastri,McLaren,Zandvoort,18,188.42565518097857,48,41,8,0,4,0
Bearman,Haas,Jeddah,15,63.94051618428984,91,52,50,2,3,1
Tsunoda,Red Bull Racing,Mexico City,1,205.39089958989038,36,18,40,10,1,0
Gasly,Alpine,Sao Paulo,8,84.10583144577137,76,3,17,6,12,1
Antonelli,Mercedes,Monza,12,285.40407059474165,46,22,60,9,5,0
Stroll,Aston Martin,Miami,13,169.41165167187484,31,11,40,6,11,1
Tsunoda,Red Bull Racing,Monza,16,276.2432854157705,82,98,36,5,7,0
Stroll,Aston Martin,Abu Dhabi,7,337.9714786908176,82,22,42,10,9,0
Lawson,Racing Bulls,Monza,13,88.52385100181425,23,94,25,6,20,1
Bortoleto,Sauber,Sao Paulo,7,84.90362159132088,19,41,26,3,3,1
Bearman,Haas,Mexico City,10,244.35598681418105,0,97,52,2,5,0
Albon,Williams,Sakhir,26,58.334576898793976,74,77,63,6,13,1
Bearman,Haas,Las Vegas,23,225.21587414841875,18,31,50,3,14,1
Russel,Mercedes,Mexico City,17,194.32945539844897,36,28,57,1,12,1
Bearman,Haas,Monza,23,169.0715841665466,9,5,21,9,20,1
Ocon,Haas,Barcelona,3,174.47254973848973,9,37,38,7,9,0
Norris,McLaren,Spielberg,5,62.11400869318193,4,95,5,9,1,1
Hamilton,Ferrari,Baku,26,257.754685986035,39,6,36,10,20,1
Ocon,Haas,Jeddah,10,104.32117311097218,96,51,41,6,13,1
Hulkenberg,Sauber,Shanghai,17,112.25820698394621,93,22,59,2,4,1
Tsunoda,Red Bull Racing,Abu Dhabi,7,338.57121213588135,69,65,42,11,1,0
Sainz,Williams,Spa,1,197.61847951810114,33,63,10,4,10,0
Gasly,Alpine,Melbourne,10,117.92635253102466,67,92,19,1,8,1
Norris,McLaren,Singapore,10,321.18263590986703,11,15,63,9,16,1
Hamilton,Ferrari,Budapest,1,264.1809416256358,81,68,21,3,7,0
Antonelli,Mercedes,Spa,17,161.30039250546574,63,22,7,3,1,0
Colapinto,Alpine,Austin,22,75.97666700582812,33,7,2,1,14,1
Hamilton,Ferrari,Jeddah,23,247.29016737387016,65,97,10,5,12,1
Colapinto,Alpine,Abu Dhabi,14,77.76987571702702,54,19,23,0,20,1
Hadjar,Racing Bulls,Miami,5,67.7479980874671,79,15,57,2,6,1
Antonelli,Mercedes,Silverstone,12,273.50673771875194,80,32,42,6,4,0
Leclerc,Ferrari,Suzuka,13,66.26017732022218,44,1,43,10,10,1
Ocon,Haas,Jeddah,26,281.4763688602792,31,58,12,0,11,1
Piastri,McLaren,Melbourne,24,105.16826514983516,40,8,35,7,14,1
Norris,McLaren,Zandvoort,5,267.0399777554234,90,42,41,8,19,1
Verstappen,Red Bull,Lusail,2,178.49918889979512,85,32,48,10,3,0
Tsunoda,Red Bull Racing,Baku,24,271.0114164032587,90,1,14,7,9,0
Lawson,Racing Bulls,Jeddah,9,87.81624014453855,24,9,43,5,12,1
Antonelli,Mercedes,Melbourne,18,70.14176492878813,54,84,48,0,17,1
Gasly,Alpine,Sao Paulo,12,87.55908402284078,86,83,24,10,16,1
Colapinto,Alpine,Monaco,1,325.9852024740773,34,4,10,1,19,0
Lawson,Racing Bulls,Zandvoort,12,237.34884336673503,92,29,57,9,18,1
Russel,Mercedes,Spa,24,245.86060878443269,20,4,33,3,15,1
Alonso,Aston Martin,Suzuka,27,229.78978607865093,49,89,14,4,18,1
Lawson,Racing Bulls,Budapest,14,182.63747574554026,72,53,10,3,15,0
Alonso,Aston Martin,Melbourne,10,295.76973851102287,2,63,32,8,12,1
Stroll,Aston Martin,Sao Paulo,9,174.2998929894155,11,81,5,5,4,0
Hulkenberg,Sauber,Sao Paulo,10,284.08682775777197,3,43,8,11,20,1
Tsunoda,Red Bull Racing,Monaco,26,295.49257390517454,53,56,14,5,12,1
Alonso,Aston Martin,Singapore,28,136.98355383055713,61,73,52,8,5,1
Hadjar,Racing Bulls,Spa,6,218.90816408690782,32,15,37,3,12,0
Tsunoda,Red Bull Racing,Austin,18,99.11607102473438,20,36,6,5,13,1
Bortoleto,Sauber,Suzuka,12,262.3414810251062,40,17,63,10,6,0
Hadjar,Racing Bulls,Austin,14,291.36728452736156,84,81,25,2,16,0
Piastri,McLaren,Sao Paulo,2,102.77022137973752,80,27,56,1,14,1
Verstappen,Red Bull,Baku,8,313.8133156578376,23,57,52,10,18,1
Alonso,Aston Martin,Spielberg,11,81.54050428899772,83,86,31,9,3,1
Colapinto,Alpine,Suzuka,17,207.6534538900448,46,89,39,1,1,0
Hadjar,Racing Bulls,Abu Dhabi,11,271.19146346221373,96,29,56,9,1,0
Verstappen,Red Bull,Montreal,24,174.1239564802087,14,2,49,2,12,1
Bortoleto,Sauber,Melbourne,29,321.8175534900276,5,91,51,3,16,1
Verstappen,Red Bull,Melbourne,17,192.8172330336429,86,24,30,11,11,1
Bearman,Haas,Sao Paulo,29,142.29031429673665,90,78,55,9,3,1
Sainz,Williams,Baku,8,87.39846553175148,67,4,29,2,8,1
Lawson,Racing Bulls,Monaco,1,137.23974879925947,80,3,39,10,12,1
Colapinto,Alpine,Sakhir,16,336.04938985279364,58,74,33,8,17,1
Bearman,Haas,Miami,19,292.51817155787194,74,65,55,8,7,0
Alonso,Aston Martin,Abu Dhabi,14,252.6852409934855,56,29,34,10,4,0
Lawson,Racing Bulls,Barcelona,16,284.9518642876852,40,70,15,4,1,0
Leclerc,Ferrari,Singapore,27,158.641510194319,47,28,58,0,11,1
Sainz,Williams,Zandvoort,11,194.87709395705252,73,97,55,2,13,0
Tsunoda,Red Bull Racing,Sao Paulo,26,306.9543516604161,37,95,60,6,19,1
Tsunoda,Red Bull Racing,Spielberg,16,87.85067289025578,53,97,49,8,20,1
Lawson,Racing Bulls,Montreal,11,215.17204991792826,38,94,57,3,11,0
Piastri,McLaren,Miami,19,259.51410028132216,60,79,35,8,5,0
Albon,Williams,Shanghai,7,147.3222099523539,82,66,64,4,4,1
Stroll,Aston Martin,Lusail,4,124.02416311967043,81,9,43,4,2,1
Leclerc,Ferrari,Monaco,8,237.69056578237186,61,50,24,4,15,0
Bortoleto,Sauber,Lusail,4,61.100917739015294,18,39,40,0,9,1
Hamilton,Ferrari,Las Vegas,3,53.24506907429433,80,79,57,10,13,1
Stroll,Aston Martin,Singapore,13,272.75449220222976,30,90,34,10,17,1
Verstappen,Red Bull,Mexico City,12,148.51145210485396,77,5,36,0,1,1
Alonso,Aston Martin,Austin,19,203.74863559422423,35,95,15,6,12,1
Norris,McLaren,Monaco,24,222.5910245323465,55,84,53,9,19,1
Ocon,Haas,Shanghai,29,178.96617722448528,59,68,10,2,12,1
Lawson,Racing Bulls,Shanghai,25,251.29496037900898,48,73,25,11,5,0
Alonso,Aston Martin,Barcelona,16,117.63485915632795,30,0,17,7,7,1
Bearman,Haas,Spielberg,3,162.98634968277617,47,66,8,0,7,0
Gasly,Alpine,Monaco,6,305.3582516020389,95,86,62,10,1,0
Bortoleto,Sauber,Lusail,10,337.0406623848349,14,3,48,3,11,0
Hamilton,Ferrari,Spa,22,263.9570192793517,0,39,15,7,15,1
Russel,Mercedes,Sao Paulo,9,320.4271605312634,32,33,26,0,12,0
Hulkenberg,Sauber,Zandvoort,1,236.6676925334184,19,77,45,3,1,0
Hamilton,Ferrari,Spielberg,11,289.0538102056244,78,37,20,10,15,1
Colapinto,Alpine,Lusail,14,271.36391926980343,10,66,47,5,8,0
Bearman,Haas,Silverstone,4,222.45822715518244,83,64,64,3,2,0
Piastri,McLaren,Abu Dhabi,5,200.83476740910697,68,6,58,6,13,1
Norris,McLaren,Zandvoort,17,53.25364032138384,86,82,61,8,11,1
Alonso,Aston Martin,Baku,25,161.94423557411054,85,77,23,2,20,1
Gasly,Alpine,Monza,21,141.21208909649647,96,35,8,4,18,1
Verstappen,Red Bull,Mexico City,0,301.9017008436594,66,40,6,1,4,0
Alonso,Aston Martin,Monza,2,143.84972960536513,73,88,11,4,10,1
Colapinto,Alpine,Shanghai,28,231.3786611093509,30,34,14,1,18,1
Hadjar,Racing Bulls,Lusail,24,109.45017258212987,40,98,11,0,10,1
Colapinto,Alpine,Miami,28,85.96493480954277,53,51,37,4,13,1
Albon,Williams,Monaco,20,274.7202627209714,30,32,35,2,10,0
Colapinto,Alpine,Shanghai,18,336.1299016789947,95,71,22,2,7,0
Russel,Mercedes,Sao Paulo,22,327.0830233028543,78,63,42,6,13,1
Russel,Mercedes,Montreal,13,166.4739800356506,93,27,45,11,13,1
Piastri,McLaren,Sakhir,6,246.9687513294427,85,0,61,2,1,0
Lawson,Racing Bulls,Spielberg,28,253.8921035832294,85,7,42,4,14,1
Bearman,Haas,Budapest,7,323.77516927031184,28,2,7,1,7,0
Piastri,McLaren,Austin,18,214.34840435847244,74,85,35,11,4,0
Sainz,Williams,Spielberg,29,223.41278683232093,78,96,56,9,10,1
Ocon,Haas,Sao Paulo,17,251.2920013262194,80,58,11,11,10,0
Tsunoda,Red Bull Racing,Sao Paulo,16,168.58849847438762,48,4,6,1,11,1
Gasly,Alpine,Melbourne,11,139.69741943019602,22,28,22,11,13,1
Piastri,McLaren,Silverstone,11,272.6855779714665,69,8,18,1,7,0
Alonso,Aston Martin,Mexico City,21,148.3054581750349,23,23,23,8,5,1
Piastri,McLaren,Monza,24,246.50874413735065,21,97,17,5,8,0
Ocon,Haas,Sao Paulo,3,197.86543615198434,60,22,22,2,9,0
Sainz,Williams,Montreal,19,265.91861007435864,55,30,7,11,16,1
Russel,Mercedes,Sao Paulo,8,72.95118914336568,10,34,65,7,10,1
Antonelli,Mercedes,Budapest,12,271.8053017278111,50,46,52,3,13,0
Hulkenberg,Sauber,Mexico City,4,188.06578358335446,57,51,46,9,6,0
Russel,Mercedes,Las Vegas,26,138.54793154776615,55,17,58,4,1,1
Gasly,Alpine,Baku,22,150.56850548672577,16,62,56,3,20,1
Piastri,McLaren,Lusail,8,221.68292847693522,57,97,56,0,6,0
Alonso,Aston Martin,Melbourne,12,275.5409127498274,54,37,25,8,16,1
Tsunoda,Red Bull Racing,Sao Paulo,5,128.2283651720325,36,98,33,4,2,1
Albon,Williams,Spa,21,61.26846006252562,70,95,60,6,11,1
Lawson,Racing Bulls,Baku,21,153.63943348657105,39,38,26,2,2,0
Norris,McLaren,Las Vegas,25,113.07735094037872,96,83,50,7,17,1
Ocon,Haas,Melbourne,15,303.7133253550629,84,34,58,6,4,0
Hamilton,Ferrari,Montreal,20,133.4928497743238,23,14,7,11,3,1
Sainz,Williams,Imola,23,114.67536379254416,61,73,62,11,1,1
Leclerc,Ferrari,Mexico City,3,344.8315585424091,80,89,37,1,17,0
Antonelli,Mercedes,Sakhir,14,272.3768284789914,36,71,43,5,9,0
Bortoleto,Sauber,Singapore,10,202.75480194677843,90,84,52,3,17,0
Norris,McLaren,Monaco,21,322.532132791836,53,60,3,8,20,1
Hamilton,Ferrari,Monza,21,157.68645303437393,47,78,21,0,14,1
Hulkenberg,Sauber,Silverstone,8,286.3615909787982,40,58,33,1,4,0
Piastri,McLaren,Monaco,4,286.1782020628085,19,17,4,11,11,1
Bearman,Haas,Montreal,12,158.73482160774574,4,70,18,8,9,1
Norris,McLaren,Silverstone,19,255.9310037137689,5,63,61,4,17,1
Sainz,Williams,Singapore,16,308.77604505385165,81,48,54,2,6,0
Bearman,Haas,Las Vegas,18,162.06180827628077,62,93,1,11,4,0
Ocon,Haas,Montreal,2,271.65330969061523,88,5,22,5,1,0
Hamilton,Ferrari,Las Vegas,23,268.1486157318961,82,32,40,4,15,1
Alonso,Aston Martin,Austin,27,162.2855324513527,51,59,40,1,3,0
Gasly,Alpine,Zandvoort,10,83.15513391807701,55,16,3,9,20,1
Hadjar,Racing Bulls,Austin,17,176.65168088615616,74,80,28,7,17,1
Sainz,Williams,Monza,21,119.56499857595769,28,90,20,0,12,1
Leclerc,Ferrari,Suzuka,4,313.1774145894231,53,85,48,10,2,0
Stroll,Aston Martin,Austin,29,203.8023967298846,60,3,16,5,15,1
Ocon,Haas,Sakhir,21,314.94721224851423,0,55,46,6,4,0
Antonelli,Mercedes,Barcelona,17,304.3939435161204,49,88,54,8,2,0
Piastri,McLaren,Spielberg,5,262.34332929161246,65,84,26,11,8,0
Bortoleto,Sauber,Baku,7,102.74271688129389,97,79,65,6,14,1
Norris,McLaren,Spielberg,19,342.7261540557719,88,46,48,2,12,1
Stroll,Aston Martin,Sakhir,3,200.58493903797608,90,14,39,1,1,0
Norris,McLaren,Singapore,25,282.1753905225257,49,89,35,6,16,1
Piastri,McLaren,Spa,15,195.15227219899631,13,48,28,11,8,0
Leclerc,Ferrari,Silverstone,28,177.54199420833743,50,68,30,0,19,1
Colapinto,Alpine,Shanghai,28,287.5380004960864,83,67,55,3,9,0
Alonso,Aston Martin,Shanghai,28,228.1260358886749,92,20,53,11,14,1
Stroll,Aston Martin,Monza,5,327.93296955491013,36,70,43,8,12,1
Bortoleto,Sauber,Sakhir,9,187.7477511120543,71,13,45,10,11,1
Antonelli,Mercedes,Budapest,8,230.08933630195924,56,95,61,0,4,0
Sainz,Williams,Zandvoort,15,149.30698711376124,9,67,8,6,4,1
Gasly,Alpine,Montreal,19,96.04763790072582,19,94,46,8,15,1
Verstappen,Red Bull,Imola,9,194.31696314958663,84,58,48,11,3,0
Bortoleto,Sauber,Austin,14,229.38630173212113,97,31,3,7,13,1
Sainz,Williams,Imola,2,164.0081785826332,21,40,31,1,8,0
Gasly,Alpine,Barcelona,20,119.85296485096917,84,90,63,11,6,1
Hulkenberg,Sauber,Lusail,26,196.78794726750573,3,98,35,2,4,1
Bearman,Haas,Budapest,18,208.11651059293467,92,9,5,8,5,0
Piastri,McLaren,Spa,26,230.1524661566774,69,89,10,3,15,1
Piastri,McLaren,Barcelona,20,132.55379042380625,85,62,18,3,12,1
Albon,Williams,Singapore,15,66.79873357474293,72,65,39,3,8,1
Bearman,Haas,Monaco,27,226.33884060142702,44,4,16,5,13,1
Bortoleto,Sauber,Suzuka,19,270.3908599979832,78,69,41,10,4,0
Bortoleto,Sauber,Silverstone,8,170.51691605477143,46,28,60,4,16,0
Gasly,Alpine,Imola,5,241.2227100265681,7,37,4,5,10,0
Bortoleto,Sauber,Shanghai,14,176.46490680712424,46,91,22,11,14,1
Hamilton,Ferrari,Barcelona,27,243.08224181963195,57,47,8,9,5,1
Sainz,Williams,Spa,27,346.50122350375966,63,10,34,5,10,0
Leclerc,Ferrari,Mexico City,23,318.21448482867453,38,15,2,2,15,1
Verstappen,Red Bull,Mexico City,24,111.0811508171962,54,41,44,6,9,1
Albon,Williams,Shanghai,7,253.36229141731238,50,55,49,9,19,1
Alonso,Aston Martin,Monza,17,193.4796973295507,47,74,40,10,3,0
Norris,McLaren,Miami,23,309.42245676896886,44,65,34,10,18,1
Hulkenberg,Sauber,Montreal,25,275.4710478777556,52,87,5,8,6,0
Sainz,Williams,Abu Dhabi,16,271.6346637208795,71,69,55,1,15,1
Stroll,Aston Martin,Sakhir,0,88.93854220395716,66,16,36,8,15,1
Piastri,McLaren,Montreal,10,210.15149835135196,1,49,36,8,11,1
Hamilton,Ferrari,Jeddah,25,233.98414740467913,55,78,2,8,16,1
Tsunoda,Red Bull Racing,Miami,25,335.8849258511585,86,31,51,5,9,0
Gasly,Alpine,Sao Paulo,21,149.39292248587134,7,69,30,4,14,1
Albon,Williams,Sakhir,9,317.09989834891775,44,30,63,6,9,0
Hulkenberg,Sauber,Budapest,8,162.77643402276348,33,51,4,5,11,0
Bearman,Haas,Spa,25,191.74872398998357,92,44,3,8,17,1
Antonelli,Mercedes,Sao Paulo,28,309.5950588155694,79,48,22,1,1,0
Verstappen,Red Bull,Budapest,9,163.81489029900447,21,89,51,4,12,0
Gasly,Alpine,Imola,26,225.67421141450066,63,59,8,1,17,1
Colapinto,Alpine,Spielberg,21,233.47635374407704,55,48,65,9,10,0
Tsunoda,Red Bull Racing,Montreal,29,64.73165003598426,45,98,22,3,12,1
Hamilton,Ferrari,Imola,2,82.42737888610793,74,43,48,4,16,1
Colapinto,Alpine,Shanghai,16,189.3513222451746,99,16,38,5,5,0
Lawson,Racing Bulls,Sakhir,23,104.99026243991936,77,55,16,2,15,1
Hadjar,Racing Bulls,Zandvoort,29,74.25765086116401,71,24,7,6,13,1
Ocon,Haas,Spa,25,268.3988860547796,28,16,20,0,4,0
Hadjar,Racing Bulls,Budapest,2,86.87530241844192,28,50,23,4,17,1
Verstappen,Red Bull,Monza,24,303.8749079021986,14,98,2,5,15,1
Hamilton,Ferrari,Spielberg,15,53.091881708020196,66,18,5,4,10,1
Hulkenberg,Sauber,Shanghai,11,85.7981108060233,61,11,49,9,8,1
Colapinto,Alpine,Mexico City,5,313.0141207884404,16,99,18,9,11,1
Bortoleto,Sauber,Sakhir,3,348.0726165135418,12,94,23,2,8,0
Piastri,McLaren,Shanghai,20,325.58968632264646,8,52,61,2,17,1
Bearman,Haas,Monza,10,92.62986771892561,68,82,48,3,17,1
Alonso,Aston Martin,Miami,25,55.51937915260723,74,23,33,4,8,1
Albon,Williams,Singapore,6,219.50918145727312,69,61,55,8,4,0
Leclerc,Ferrari,Montreal,7,323.26754607460396,25,32,8,11,7,0
Leclerc,Ferrari,Shanghai,21,304.8112149474797,88,23,33,3,2,0
Hadjar,Racing Bulls,Spielberg,19,279.8643588700369,96,11,9,3,6,0
Russel,Mercedes,Shanghai,21,207.8464185516451,17,48,36,6,15,1
Tsunoda,Red Bull Racing,Imola,3,163.9036966331787,1,63,15,9,3,1
Piastri,McLaren,Montreal,6,113.73045012200654,58,46,17,2,2,1
Bearman,Haas,Mexico City,27,312.5240057852993,67,92,17,9,11,1
Gasly,Alpine,Baku,25,124.09089644778277,11,63,44,7,16,1
Norris,McLaren,Silverstone,18,300.9978486981595,12,51,33,10,9,0
Hulkenberg,Sauber,Shanghai,21,330.6342134733461,78,60,57,11,9,0
Colapinto,Alpine,Monaco,12,88.62362428145623,6,66,47,3,20,1
Alonso,Aston Martin,Jeddah,3,250.65400784149423,87,24,24,3,7,0
Hadjar,Racing Bulls,Abu Dhabi,23,329.05388073276663,88,11,36,7,15,1
Albon,Williams,Baku,11,208.94742723004202,1,14,10,9,7,0
Piastri,McLaren,Sakhir,13,239.73880689129305,25,1,47,6,1,0
Alonso,Aston Martin,Singapore,27,298.0924040892828,54,86,29,6,5,1
Hadjar,Racing Bulls,Abu Dhabi,29,222.74138049157128,8,44,11,0,6,0
Leclerc,Ferrari,Barcelona,11,59.98619651599911,37,76,63,8,13,1
Piastri,McLaren,Imola,7,198.06671548232944,46,41,26,11,10,0
Lawson,Racing Bulls,Monza,20,220.8340490738621,46,77,21,11,3,0
Bortoleto,Sauber,Spa,13,75.39880902138121,67,2,21,5,4,1
Ocon,Haas,Baku,2,66.48084131704715,1,42,63,4,19,1
Bearman,Haas,Spa,11,301.65225486774284,29,20,50,3,4,0
Hamilton,Ferrari,Lusail,19,306.0155204821096,78,5,25,4,19,1
Ocon,Haas,Montreal,17,197.74450126824408,76,98,5,5,1,0
Stroll,Aston Martin,Montreal,24,259.8506377433021,21,13,44,11,5,0
Lawson,Racing Bulls,Barcelona,9,145.57825244870713,38,32,55,3,8,1
Norris,McLaren,Abu Dhabi,14,322.0765575827212,90,40,34,6,13,1
Albon,Williams,Lusail,12,167.82941547036816,83,29,8,1,12,0
Sainz,Williams,Zandvoort,19,192.73585620030693,74,2,31,3,8,0
Lawson,Racing Bulls,Melbourne,10,340.6939286138054,45,35,25,5,20,0
Stroll,Aston Martin,Zandvoort,29,321.4413596069595,24,88,5,0,7,0
Russel,Mercedes,Suzuka,22,86.73101628581541,14,53,29,1,9,1
Leclerc,Ferrari,Suzuka,26,259.5848772302195,78,13,10,2,5,0
Bortoleto,Sauber,Abu Dhabi,9,212.6622737986043,75,66,1,8,17,1
Norris,McLaren,Abu Dhabi,17,297.6721044757989,92,66,37,9,16,1
Norris,McLaren,Budapest,10,231.09768000702638,70,37,50,9,20,1
Alonso,Aston Martin,Sakhir,17,209.1554504572856,98,13,22,9,7,0
Verstappen,Red Bull,Baku,12,177.4693536890113,53,89,8,5,9,0
Lawson,Racing Bulls,Barcelona,1,143.47941608428724,81,61,14,4,6,1
Piastri,McLaren,Singapore,27,165.14559476176032,63,25,9,7,18,1
Ocon,Haas,Jeddah,20,217.76687263480966,81,57,60,10,20,1
Sainz,Williams,Miami,28,168.72984109851276,13,69,41,4,19,1
Albon,Williams,Silverstone,24,200.26718973855455,7,5,43,9,1,0
Sainz,Williams,Spa,16,128.25369146983093,35,36,37,11,4,1
Piastri,McLaren,Sao Paulo,14,210.13306124815765,79,83,51,2,14,0
Stroll,Aston Martin,Jeddah,11,90.53610321632503,32,25,24,11,15,1
Hamilton,Ferrari,Lusail,29,306.64011819193024,0,51,9,2,8,0
Russel,Mercedes,Singapore,15,320.5890570435666,84,11,4,3,2,0
Bortoleto,Sauber,Spa,28,340.3928558341529,98,21,10,10,11,1
Piastri,McLaren,Mexico City,0,273.271452006578,82,0,10,11,18,1
Stroll,Aston Martin,Singapore,16,94.29011338500996,0,35,54,6,19,1
Bearman,Haas,Melbourne,24,115.18764675578649,96,14,31,4,8,1
Colapinto,Alpine,Jeddah,9,317.4458930520801,64,20,56,6,19,1
Lawson,Racing Bulls,Spa,18,224.942126873059,79,78,6,3,13,1
Norris,McLaren,Budapest,22,166.42011288444044,75,63,1,1,17,1
Stroll,Aston Martin,Miami,26,160.68178109860156,41,32,56,9,7,1
Stroll,Aston Martin,Zandvoort,25,177.8714834592469,93,77,25,7,18,1
Tsunoda,Red Bull Racing,Abu Dhabi,13,162.17589632602696,11,58,34,0,8,0
Alonso,Aston Martin,Austin,29,99.34708609077842,39,79,19,0,1,1
Bortoleto,Sauber,Silverstone,23,159.16937899417067,63,62,41,9,9,0
Colapinto,Alpine,Baku,3,85.20401417159478,71,75,17,11,8,1
Lawson,Racing Bulls,Miami,16,342.13971324286115,43,29,36,1,10,0
Bearman,Haas,Sao Paulo,13,170.75106213759534,16,43,44,9,6,0
Lawson,Racing Bulls,Jeddah,8,272.9767740615996,80,12,38,5,11,0
Russel,Mercedes,Monaco,23,54.91263751696482,38,84,60,0,9,1
Albon,Williams,Singapore,26,173.24344310982556,92,20,24,2,12,1
Lawson,Racing Bulls,Sakhir,6,318.29550293214623,85,52,46,4,7,0
Piastri,McLaren,Spielberg,22,185.66446399255707,63,5,4,9,9,0
Antonelli,Mercedes,Montreal,11,333.12156721588235,66,88,20,4,2,0
Ocon,Haas,Baku,8,229.32318639687173,89,50,15,0,3,0
Russel,Mercedes,Melbourne,21,321.6223647029723,15,74,11,10,18,1
Gasly,Alpine,Budapest,21,287.465453677345,67,95,5,1,10,0
Hulkenberg,Sauber,Silverstone,15,175.46770134737662,50,65,65,11,14,1
Lawson,Racing Bulls,Spielberg,29,276.21409745039875,56,81,49,5,9,0
Gasly,Alpine,Mexico City,18,319.72402565582354,99,56,22,7,15,1
Verstappen,Red Bull,Barcelona,26,273.905196618628,0,73,36,2,12,1
Bortoleto,Sauber,Silverstone,20,203.364865954307,76,26,25,2,4,0
Bortoleto,Sauber,Silverstone,19,349.1369874822475,33,19,6,6,8,0
Colapinto,Alpine,Zandvoort,18,223.2486092979189,49,52,51,2,17,1
Ocon,Haas,Jeddah,12,290.6260575792826,77,73,21,9,13,1
Ocon,Haas,Budapest,0,174.19535148639739,90,27,61,2,10,0
Hadjar,Racing Bulls,Lusail,18,56.07943597437502,94,3,28,6,5,1
Bortoleto,Sauber,Las Vegas,13,83.73613121292834,37,17,27,8,16,1
Hulkenberg,Sauber,Monaco,27,144.734126780853,24,87,3,3,17,1
Hulkenberg,Sauber,Monaco,20,139.88871569617663,53,52,57,1,12,1
Albon,Williams,Sao Paulo,2,138.42091914435045,90,0,49,2,8,1
Bearman,Haas,Jeddah,2,194.94555663120013,80,59,53,4,17,0
Verstappen,Red Bull,Austin,12,121.73702144771394,65,14,20,7,1,1
Ocon,Haas,Zandvoort,29,223.20502812486762,27,82,65,0,8,0
Bortoleto,Sauber,Spa,0,231.21448907477344,62,82,61,2,5,0
Hamilton,Ferrari,Monaco,6,315.86489850147257,8,62,20,8,19,1
Hulkenberg,Sauber,Melbourne,18,113.26585284784903,10,3,2,8,17,1
Antonelli,Mercedes,Austin,24,111.25765024815745,13,18,4,2,15,1
Norris,McLaren,Sao Paulo,4,239.87969932261672,57,69,9,11,4,0
Ocon,Haas,Jeddah,9,346.65620740871265,46,49,50,0,18,0
Albon,Williams,Budapest,15,259.3252786828965,92,61,25,5,15,0
Piastri,McLaren,Baku,17,139.79264707812993,18,1,1,0,8,1
Hadjar,Racing Bulls,Budapest,2,176.9236482773199,91,33,24,0,6,0
Alonso,Aston Martin,Sao Paulo,3,100.4563090357607,51,13,56,1,1,1
Hadjar,Racing Bulls,Shanghai,17,188.23860688362453,19,66,2,4,17,1
Gasly,Alpine,Lusail,8,338.3302798736401,97,68,26,1,16,0
Sainz,Williams,Barcelona,4,83.60895277333537,63,69,56,8,20,1
Hamilton,Ferrari,Silverstone,13,273.75673979626185,39,83,29,6,7,0
Bearman,Haas,Spa,14,200.73112005623233,64,53,26,11,3,0
Russel,Mercedes,Shanghai,5,348.04560477530396,47,20,7,7,19,1
Sainz,Williams,Sakhir,0,252.28182396639514,41,70,8,2,11,0
Alonso,Aston Martin,Monaco,5,191.9025112883212,40,46,6,10,5,0
Verstappen,Red Bull,Singapore,6,236.42373534802195,11,17,40,0,13,0
Albon,Williams,Melbourne,23,317.9248113336225,25,46,37,9,9,0
Alonso,Aston Martin,Sakhir,11,125.78844115498984,58,54,58,8,6,1
Russel,Mercedes,Las Vegas,22,83.27796847960752,1,8,31,0,4,1
Albon,Williams,Spa,14,95.25074773387949,60,20,5,10,6,1
Hulkenberg,Sauber,Miami,1,305.8784807000993,68,53,38,2,6,0
Alonso,Aston Martin,Sao Paulo,25,120.93870266555787,72,0,2,0,17,1
Antonelli,Mercedes,Silverstone,15,278.93956905536743,21,60,40,6,2,0
Bearman,Haas,Imola,27,85.62785162717094,85,62,33,2,9,1
Hulkenberg,Sauber,Singapore,19,314.02619656830996,70,15,16,7,4,0
Stroll,Aston Martin,Lusail,7,116.10654361707111,98,92,20,8,5,1
Russel,Mercedes,Mexico City,17,86.46500421721443,80,96,21,8,6,1
Bortoleto,Sauber,Suzuka,13,169.56267064733996,3,55,56,1,9,0
Albon,Williams,Imola,12,347.94167303015615,51,76,55,8,17,1
Bearman,Haas,Spa,24,121.56761941864407,32,47,29,0,4,1
Sainz,Williams,Melbourne,15,71.76509557171158,8,65,23,1,14,1
Lawson,Racing Bulls,Mexico City,14,155.7450658157839,81,34,8,3,18,0
Ocon,Haas,Imola,26,59.915827011810975,22,31,22,1,7,1
Norris,McLaren,Barcelona,18,336.84874321376896,48,42,50,0,1,0
Russel,Mercedes,Miami,20,190.19938763155076,50,24,46,5,14,1
Hadjar,Racing Bulls,Monza,27,159.08657522678473,33,92,49,4,4,0
Hulkenberg,Sauber,Baku,24,64.29183065753446,37,41,13,8,1,1
Russel,Mercedes,Singapore,26,224.4468821664844,75,94,63,3,7,0
Tsunoda,Red Bull Racing,Shanghai,9,329.8449391213023,56,7,43,5,11,0
Antonelli,Mercedes,Monaco,10,346.73020517713513,44,5,43,2,10,0
Stroll,Aston Martin,Singapore,18,117.01271560923556,35,95,28,6,8,1
Alonso,Aston Martin,Lusail,24,288.2242229247753,1,94,52,6,18,1
Colapinto,Alpine,Jeddah,12,89.26810771973679,32,57,50,1,4,1
Hulkenberg,Sauber,Mexico City,15,145.8158075093474,35,16,28,8,4,1
Bearman,Haas,Mexico City,0,281.94404063368785,91,73,5,3,5,0
Leclerc,Ferrari,Spa,1,87.41994843653399,72,82,36,1,14,1
Norris,McLaren,Las Vegas,4,330.91515758327665,53,42,55,11,11,1
Tsunoda,Red Bull Racing,Sakhir,16,338.67001798880284,59,13,35,9,9,0
Russel,Mercedes,Suzuka,8,118.26382852242803,51,86,33,11,12,1
Alonso,Aston Martin,Imola,8,250.5445012731602,97,33,3,4,12,0
Alonso,Aston Martin,Singapore,19,70.8450601053182,3,43,33,4,19,1
Hadjar,Racing Bulls,Sakhir,0,112.34393293789499,67,42,64,1,20,1
Verstappen,Red Bull,Monza,28,331.0701857680248,2,13,56,7,20,1
Piastri,McLaren,Singapore,17,290.61702918025003,83,15,61,11,2,0
Alonso,Aston Martin,Spa,19,105.13532078843623,35,36,42,0,11,1
Verstappen,Red Bull,Lusail,12,174.44092922577087,19,25,60,11,20,1
Russel,Mercedes,Miami,4,117.49547426342492,86,76,11,5,8,1
Alonso,Aston Martin,Spielberg,13,110.23256109030136,98,51,47,5,19,1
Norris,McLaren,Spielberg,2,113.68266194145095,66,4,9,9,2,1
Norris,McLaren,Melbourne,21,159.95802642701622,6,7,22,5,10,0
Bortoleto,Sauber,Zandvoort,1,206.6563556308743,25,4,30,10,17,1
Alonso,Aston Martin,Monaco,3,146.78159428496818,13,32,56,0,4,1
Antonelli,Mercedes,Barcelona,4,279.5202616194345,48,72,6,2,5,0
Lawson,Racing Bulls,Budapest,3,302.42776478134573,27,58,5,1,9,0
Antonelli,Mercedes,Imola,24,168.94118321468642,33,65,46,5,7,0
Russel,Mercedes,Sao Paulo,14,130.0864958068896,34,92,22,2,13,1
Hadjar,Racing Bulls,Sao Paulo,8,332.0139385582521,89,19,65,9,5,0
Bearman,Haas,Spa,9,160.12040132213832,99,4,36,9,1,0
Bortoleto,Sauber,Spa,23,120.3397691313968,27,79,1,2,18,1
Lawson,Racing Bulls,Baku,21,260.3108375968519,28,22,34,1,13,1
Tsunoda,Red Bull Racing,Shanghai,21,325.9191786305149,99,45,14,9,17,1
Colapinto,Alpine,Melbourne,14,331.1428020472048,85,35,6,3,4,0
Lawson,Racing Bulls,Austin,3,306.23626663926206,22,33,26,1,16,0
Bortoleto,Sauber,Sakhir,23,201.08867975950102,97,53,32,4,4,0
Norris,McLaren,Budapest,17,250.00737761494335,99,71,16,4,13,1
Hulkenberg,Sauber,Monaco,28,115.72528459262476,64,88,19,5,18,1
Hamilton,Ferrari,Singapore,16,247.66492533333698,89,7,40,11,1,0
Russel,Mercedes,Baku,29,135.13944158941348,41,28,30,2,13,1
Albon,Williams,Melbourne,26,336.50937056760586,80,26,27,6,5,1
Verstappen,Red Bull,Lusail,19,71.84536383274339,44,69,7,6,11,1
Albon,Williams,Lusail,22,214.4929413834948,59,44,35,1,9,0
Sainz,Williams,Baku,5,54.473634194773254,3,33,24,0,17,1
Stroll,Aston Martin,Zandvoort,5,307.26896431187515,22,26,65,9,12,1
Bortoleto,Sauber,Imola,27,315.71984753774245,5,87,33,3,18,1
Albon,Williams,Sakhir,24,111.59662746445152,68,20,59,7,4,1
Ocon,Haas,Lusail,8,159.25008757244615,65,71,22,6,11,1
Tsunoda,Red Bull Racing,Jeddah,24,153.37448020803683,31,72,18,7,15,1
Albon,Williams,Monaco,7,337.3118956059101,87,18,51,11,11,1
Albon,Williams,Miami,21,68.58247130889337,61,98,3,5,7,1
Sainz,Williams,Singapore,3,310.89270377567044,93,73,60,5,9,0
Tsunoda,Red Bull Racing,Baku,26,97.01389769095218,77,99,51,8,17,1
Stroll,Aston Martin,Sakhir,4,231.94656586664604,49,75,50,10,16,1
Piastri,McLaren,Shanghai,0,111.63529434117847,35,60,15,10,20,1
Stroll,Aston Martin,Imola,23,333.8852281341261,76,78,31,3,10,0
Colapinto,Alpine,Silverstone,15,193.6351515596148,78,23,10,8,7,0
Russel,Mercedes,Sao Paulo,7,244.62713122618277,60,5,61,4,1,0
Piastri,McLaren,Zandvoort,6,117.64337440605432,97,89,37,9,4,1
Hadjar,Racing Bulls,Abu Dhabi,12,183.59661811664412,14,40,27,11,2,0
Tsunoda,Red Bull Racing,Monaco,18,145.09284419577833,55,98,16,5,14,1
Colapinto,Alpine,Zandvoort,22,318.9408677239094,58,84,39,3,2,0
Stroll,Aston Martin,Barcelona,0,290.2752124700459,33,65,20,1,17,0
Hamilton,Ferrari,Silverstone,26,191.46615481440065,88,23,25,7,10,1
Bearman,Haas,Zandvoort,17,166.60871021260684,0,16,7,2,11,1
Alonso,Aston Martin,Baku,5,214.27135434548146,7,88,48,0,16,1
Piastri,McLaren,Sao Paulo,22,219.4184903059011,55,11,49,1,7,0
Stroll,Aston Martin,Montreal,17,158.06197858671845,43,36,37,2,17,1
Russel,Mercedes,Shanghai,13,60.40370221024109,84,63,39,7,4,1
Ocon,Haas,Imola,13,261.85438392777314,78,53,14,7,10,0
Bortoleto,Sauber,Zandvoort,26,223.10352904090212,13,25,20,2,15,1
Stroll,Aston Martin,Budapest,2,322.2472674376761,11,65,38,8,20,1
Colapinto,Alpine,Baku,0,299.0453924995238,19,71,57,9,10,0
Albon,Williams,Lusail,26,62.660703326833676,38,96,3,1,19,1
Albon,Williams,Baku,21,230.7885054426411,88,84,48,5,9,0
Albon,Williams,Barcelona,17,77.32801000430449,51,38,31,2,6,1
Lawson,Racing Bulls,Melbourne,21,225.25422056507708,88,71,10,3,4,0
Norris,McLaren,Abu Dhabi,26,161.9287047235144,45,81,10,11,4,1
Stroll,Aston Martin,Monza,16,319.54900766402744,59,72,59,6,20,1
Verstappen,Red Bull,Austin,10,147.3718639823032,73,6,28,6,4,1
Albon,Williams,Baku,17,108.49242086670576,6,76,30,8,18,1
Tsunoda,Red Bull Racing,Spielberg,15,193.4805809622824,57,2,27,6,3,0
Lawson,Racing Bulls,Montreal,24,307.00587832216445,78,89,31,1,12,1
Bortoleto,Sauber,Budapest,21,147.54517137189885,23,28,33,0,10,1
Hamilton,Ferrari,Mexico City,17,208.02654062571509,57,41,8,8,15,1
Gasly,Alpine,Zandvoort,9,108.7227228347734,13,5,49,2,16,1
Bearman,Haas,Imola,24,59.101139058965416,33,99,48,7,8,1
Norris,McLaren,Sakhir,28,223.52556307377802,51,40,24,8,11,1
Tsunoda,Red Bull Racing,Lusail,12,274.9942006734886,49,82,17,11,10,0
Hamilton,Ferrari,Lusail,0,61.36091201772379,44,76,12,9,1,1
Colapinto,Alpine,Singapore,14,258.78065474215754,51,75,26,0,6,0
Sainz,Williams,Shanghai,19,145.4450645287622,12,35,63,1,17,1
Stroll,Aston Martin,Shanghai,28,153.94111269395663,4,36,43,11,16,1
Hadjar,Racing Bulls,Spa,17,50.67964204973406,22,19,47,11,2,1
Ocon,Haas,Jeddah,21,227.7197066592328,97,93,46,5,18,1
Hadjar,Racing Bulls,Spielberg,16,239.47621506821812,63,2,43,7,15,1
Piastri,McLaren,Monza,19,94.9857348598751,58,26,61,7,13,1
Stroll,Aston Martin,Budapest,28,148.85110211601472,90,56,15,1,7,1
Colapinto,Alpine,Mexico City,20,240.858596721815,49,79,38,7,2,0
Sainz,Williams,Lusail,7,176.26015667142192,52,21,58,3,4,0
Gasly,Alpine,Sao Paulo,6,340.76065001027473,96,13,55,3,9,0
Hamilton,Ferrari,Barcelona,23,271.7042062821811,77,39,33,3,4,0
Leclerc,Ferrari,Spa,1,209.3938505724303,18,10,55,8,10,0
Hamilton,Ferrari,Las Vegas,4,270.617845184644,3,91,21,5,16,1
Verstappen,Red Bull,Silverstone,4,72.79444725196458,87,21,2,4,4,1
Norris,McLaren,Melbourne,25,154.42625410664763,94,73,1,7,1,0
Gasly,Alpine,Suzuka,9,103.11629346224525,96,56,35,9,14,1
Hulkenberg,Sauber,Shanghai,24,123.01215572748224,3,49,33,3,10,1
Tsunoda,Red Bull Racing,Baku,28,53.503048662376365,10,46,23,3,16,1
Hulkenberg,Sauber,Spielberg,2,277.8712378827918,42,75,39,4,8,0
Leclerc,Ferrari,Monaco,29,160.72842588257546,68,38,52,11,15,1
Gasly,Alpine,Baku,29,198.62272682417938,2,5,60,1,12,1
Hadjar,Racing Bulls,Suzuka,2,253.46619479700533,94,94,32,10,6,0
Hamilton,Ferrari,Singapore,16,202.38513369994223,24,54,12,2,13,1
Russel,Mercedes,Monaco,0,322.06833794299905,44,47,55,2,7,0
Verstappen,Red Bull,Abu Dhabi,0,123.46170609838194,38,73,50,2,5,1
Bortoleto,Sauber,Melbourne,14,86.34625045112713,45,83,23,2,9,1
Leclerc,Ferrari,Suzuka,5,124.40397759652411,37,71,12,0,10,1
Verstappen,Red Bull,Abu Dhabi,18,84.20379559055328,55,86,38,11,4,1
Norris,McLaren,Suzuka,29,310.5021529318393,37,4,10,8,7,1
Albon,Williams,Mexico City,21,185.01020533320147,27,15,32,2,5,0
Tsunoda,Red Bull Racing,Abu Dhabi,21,138.6789628322198,48,8,4,5,20,1
Piastri,McLaren,Shanghai,18,119.83980946995986,0,40,63,0,3,1
Bortoleto,Sauber,Austin,1,252.0261795400353,50,87,63,3,7,0
Albon,Williams,Miami,1,127.78068161699274,69,71,18,8,19,1
Albon,Williams,Sakhir,10,108.61459570074689,14,6,55,4,16,1
Lawson,Racing Bulls,Spielberg,1,69.48305601058577,30,81,63,3,13,1
Alonso,Aston Martin,Spa,28,236.99937885563966,44,77,21,5,3,0
Ocon,Haas,Sao Paulo,13,140.35387646525706,59,93,13,9,12,1
Stroll,Aston Martin,Suzuka,6,291.7019623667331,74,78,33,3,11,0
Russel,Mercedes,Las Vegas,14,157.66616314243646,15,48,63,6,9,0
Piastri,McLaren,Abu Dhabi,0,51.132998315801984,26,71,22,6,18,1
Albon,Williams,Shanghai,10,241.39657264608527,15,26,30,3,20,0
Lawson,Racing Bulls,Spielberg,20,212.9435611369284,25,20,34,11,9,0
Stroll,Aston Martin,Imola,13,157.08845208140292,75,70,53,0,1,0
Bortoleto,Sauber,Melbourne,6,90.57586917319728,42,72,59,6,7,1
Hadjar,Racing Bulls,Spielberg,1,58.95443254697431,83,36,64,7,7,1
Gasly,Alpine,Baku,19,346.7006488381205,16,52,7,5,10,0
Hamilton,Ferrari,Singapore,26,282.5080522166464,81,89,54,2,6,0
Albon,Williams,Las Vegas,7,135.93177103508515,6,59,20,4,19,1
Lawson,Racing Bulls,Imola,14,117.2444837911364,18,44,62,1,6,1
Bearman,Haas,Spielberg,17,55.19732782048653,58,22,60,1,16,1
Bearman,Haas,Barcelona,8,261.53555119329417,49,25,58,9,16,1
Hamilton,Ferrari,Monaco,16,319.7483530276504,7,21,14,7,11,1
Leclerc,Ferrari,Singapore,15,346.74404943199096,6,69,14,9,18,1
Bortoleto,Sauber,Shanghai,17,249.68019429262023,59,44,54,6,10,0
Bortoleto,Sauber,Imola,11,129.19322585844895,13,41,34,4,3,1
Sainz,Williams,Abu Dhabi,24,187.38905768702034,1,9,36,11,15,1
Tsunoda,Red Bull Racing,Singapore,12,259.5511595359153,85,24,7,6,3,0
Stroll,Aston Martin,Zandvoort,3,184.00872594165364,45,52,39,11,6,0
Alonso,Aston Martin,Mexico City,22,316.20034257203906,81,80,47,2,2,0
Hadjar,Racing Bulls,Miami,19,92.24269733339985,63,30,38,8,16,1
Russel,Mercedes,Abu Dhabi,10,145.22197763763808,70,80,47,1,12,1
Hamilton,Ferrari,Miami,19,317.07392114658995,98,13,7,9,20,1
Hulkenberg,Sauber,Suzuka,25,114.6026605469577,66,60,15,4,13,1
Norris,McLaren,Suzuka,27,330.5783026496855,94,26,3,2,16,1
Verstappen,Red Bull,Lusail,3,327.3834835123234,50,22,57,1,17,0
Bortoleto,Sauber,Barcelona,29,302.04378949363075,86,49,28,9,19,1
Hulkenberg,Sauber,Austin,8,297.4604206578377,97,96,16,10,10,0
Colapinto,Alpine,Budapest,26,201.8428370981872,43,46,49,8,11,1
Bortoleto,Sauber,Barcelona,7,237.8059228071174,2,52,56,10,17,1
Norris,McLaren,Shanghai,27,249.79027102692555,62,90,32,8,5,1
Russel,Mercedes,Suzuka,2,341.6569973311408,82,60,21,7,10,0
Bortoleto,Sauber,Melbourne,28,214.53622398394495,50,3,35,3,16,1
Verstappen,Red Bull,Budapest,20,192.01431109487334,70,39,59,2,13,1
Leclerc,Ferrari,Spielberg,24,147.18524558314775,17,70,46,1,15,1
Leclerc,Ferrari,Monza,12,287.4219982661497,5,79,27,4,12,1
Hadjar,Racing Bulls,Singapore,5,348.16195224615615,33,58,30,11,3,0
Hulkenberg,Sauber,Abu Dhabi,10,262.1777485676487,88,70,21,5,4,0
Leclerc,Ferrari,Budapest,10,290.43747781079196,92,11,2,9,1,0
Bortoleto,Sauber,Shanghai,14,244.61334339561958,89,69,40,1,19,0
Bortoleto,Sauber,Zandvoort,26,136.3267959104774,46,71,1,10,5,1
Norris,McLaren,Montreal,24,259.27074533612813,54,98,7,7,1,0
Stroll,Aston Martin,Monaco,5,244.3670122826803,51,95,52,8,18,1
Stroll,Aston Martin,Austin,0,285.4446533852981,20,87,29,9,8,0
Stroll,Aston Martin,Singapore,14,219.5618111329662,10,7,4,10,12,1
Russel,Mercedes,Silverstone,19,280.0442147222918,86,30,47,6,5,0
Alonso,Aston Martin,Suzuka,13,122.40173556615595,11,74,48,6,7,1
Ocon,Haas,Austin,22,309.203998445848,76,13,63,1,19,1
Antonelli,Mercedes,Imola,20,181.63919223037954,25,10,5,7,20,1
Verstappen,Red Bull,Lusail,1,345.68871617410707,98,63,41,6,12,1
Hamilton,Ferrari,Baku,28,231.7875985914821,73,31,9,2,10,0
Hamilton,Ferrari,Shanghai,24,91.21402713306145,67,3,44,5,13,1
Tsunoda,Red Bull Racing,Imola,4,198.72070174031597,8,39,50,1,2,0
Ocon,Haas,Spielberg,19,260.88002734142765,30,24,42,7,4,0
Sainz,Williams,Sakhir,7,228.6246312223195,92,28,39,1,12,0
Stroll,Aston Martin,Zandvoort,26,107.79570524592262,82,92,51,6,6,1
Stroll,Aston Martin,Miami,29,196.97438442916513,93,7,52,6,20,1
Stroll,Aston Martin,Singapore,16,214.4458939107784,37,66,2,5,19,1
Alonso,Aston Martin,Spa,18,300.78950607639797,69,31,38,2,9,0
Piastri,McLaren,Silverstone,10,128.63327626806287,18,16,26,7,9,1
Stroll,Aston Martin,Shanghai,0,298.5439808087198,16,26,1,10,12,1
Bearman,Haas,Lusail,28,246.05235799694492,2,35,14,7,15,1
Colapinto,Alpine,Montreal,5,306.3059430076415,46,63,60,2,4,0
Hulkenberg,Sauber,Montreal,8,275.9318264594112,86,43,63,4,15,0
Sainz,Williams,Austin,27,330.1407020575988,83,78,4,0,8,0
Bortoleto,Sauber,Spa,22,80.63036042161441,96,13,32,3,10,1
Norris,McLaren,Shanghai,2,288.46529647222553,99,3,59,4,12,0
Piastri,McLaren,Jeddah,8,99.26499400796277,24,54,50,11,14,1
Hulkenberg,Sauber,Baku,1,155.51913639102426,73,69,10,8,7,0
Bortoleto,Sauber,Lusail,18,53.473121192835436,42,99,34,1,3,1
Gasly,Alpine,Budapest,12,260.3847935077205,85,95,60,5,7,0
Stroll,Aston Martin,Sao Paulo,2,125.9331264378998,5,78,10,2,9,1
Piastri,McLaren,Abu Dhabi,13,201.36562208806535,14,74,32,3,19,0
Alonso,Aston Martin,Sakhir,27,191.53879144366093,16,10,55,5,9,0
Bearman,Haas,Baku,29,219.9678159201889,46,69,43,5,14,1
Bortoleto,Sauber,Las Vegas,28,159.02795625166632,42,31,9,11,4,1
Colapinto,Alpine,Las Vegas,15,157.26510624755713,48,35,37,1,8,0
Lawson,Racing Bulls,Suzuka,16,348.03979432264225,32,51,18,3,10,0
Piastri,McLaren,Monza,14,175.64129655537738,8,63,47,6,16,1
Norris,McLaren,Suzuka,12,179.41341944211982,22,46,12,0,12,0
Albon,Williams,Monaco,15,68.33111704251543,62,6,58,10,16,1
Hamilton,Ferrari,Baku,23,175.78302292283914,21,27,45,0,19,1
Sainz,Williams,Spa,8,162.56364640894495,68,89,8,9,1,0
Lawson,Racing Bulls,Suzuka,27,149.36356790854924,58,34,54,11,16,1
Hadjar,Racing Bulls,Budapest,24,289.2085966562551,61,6,64,10,7,0
Tsunoda,Red Bull Racing,Spielberg,6,259.0838476685045,65,71,19,1,1,0
Ocon,Haas,Zandvoort,15,321.4164170413758,63,45,59,10,8,0
Sainz,Williams,Spa,21,274.17954131107933,81,46,59,8,2,0
Lawson,Racing Bulls,Monza,13,242.26532262542133,43,43,11,1,15,0
Antonelli,Mercedes,Las Vegas,17,167.87165475494157,59,2,55,8,11,1
Sainz,Williams,Lusail,9,341.8937414374881,23,75,14,7,7,0
Bortoleto,Sauber,Sakhir,13,86.9731748318576,79,9,16,2,1,1
Antonelli,Mercedes,Austin,22,74.06088682956023,97,6,44,6,7,1
Bearman,Haas,Baku,26,163.6604079832092,68,15,33,2,17,1
Hulkenberg,Sauber,Melbourne,13,179.39270692902454,63,23,17,11,18,1
Tsunoda,Red Bull Racing,Baku,4,306.38759730550424,88,19,23,0,6,0
Antonelli,Mercedes,Singapore,24,254.14669468000915,35,86,22,3,6,0
Ocon,Haas,Imola,18,120.91941802862803,55,26,18,5,1,1
Alonso,Aston Martin,Las Vegas,17,258.01293407119783,65,19,30,8,13,1
Albon,Williams,Montreal,11,338.03696634483714,45,21,36,11,17,1
Ocon,Haas,Monza,29,82.95215639131222,50,43,42,2,16,1
Piastri,McLaren,Austin,25,125.0722499093759,11,70,34,6,11,1
Ocon,Haas,Sakhir,8,307.29385798187656,85,55,48,5,1,0
Hadjar,Racing Bulls,Las Vegas,12,92.23150639821908,59,15,52,3,8,1
Verstappen,Red Bull,Barcelona,10,297.1759677476475,84,53,62,4,11,0
Stroll,Aston Martin,Zandvoort,1,83.32619429909808,71,95,52,5,17,1
Alonso,Aston Martin,Spa,3,230.49340218020632,5,12,59,4,20,0
Norris,McLaren,Jeddah,20,279.97181815552307,59,64,35,9,6,0
Sainz,Williams,Mexico City,9,63.74652806846461,95,40,39,9,15,1
Bortoleto,Sauber,Zandvoort,25,112.17899950168511,65,8,55,9,5,1
Sainz,Williams,Monza,4,126.89789652986971,65,12,56,8,5,1
Ocon,Haas,Baku,10,103.25563023912665,17,52,9,10,15,1
Stroll,Aston Martin,Silverstone,17,80.91954537229145,38,66,17,1,17,1
Gasly,Alpine,Spielberg,20,287.6435953873498,45,80,5,0,8,0
Sainz,Williams,Singapore,5,325.9531453765007,20,17,12,9,2,0
Hadjar,Racing Bulls,Baku,29,261.7175021115861,55,95,16,9,15,1
Albon,Williams,Mexico City,0,72.38385753969267,16,10,65,0,20,1
Alonso,Aston Martin,Monaco,8,259.42177157069744,69,88,48,5,5,0
Piastri,McLaren,Spielberg,1,198.71944042787715,90,47,53,10,1,0
Colapinto,Alpine,Montreal,4,266.17487778518245,22,86,17,1,6,0
Antonelli,Mercedes,Abu Dhabi,2,157.1179141594668,34,19,44,4,15,0
Colapinto,Alpine,Jeddah,23,236.07342770625357,11,36,27,4,8,0
Hamilton,Ferrari,Monza,28,50.90308739813951,2,60,3,5,16,1
Lawson,Racing Bulls,Las Vegas,8,135.736914481069,65,30,30,4,3,1
Bortoleto,Sauber,Sao Paulo,27,228.37864167085547,13,62,8,2,10,0
Hadjar,Racing Bulls,Lusail,8,218.4636107856892,1,33,6,2,5,0
Ocon,Haas,Sakhir,16,314.8603262091749,12,35,9,1,7,0
Antonelli,Mercedes,Suzuka,11,327.04259538031135,78,55,60,9,9,0
Stroll,Aston Martin,Lusail,7,165.5732151957518,19,88,32,9,9,0
Sainz,Williams,Singapore,25,260.3692289164596,40,85,53,11,1,0
Ocon,Haas,Austin,23,197.7184902614891,43,90,29,1,3,0
Antonelli,Mercedes,Suzuka,12,154.5692895523675,75,74,40,5,12,0
Russel,Mercedes,Mexico City,22,155.84850538077256,57,83,15,3,8,0
Albon,Williams,Budapest,22,171.0783318266647,41,77,60,1,12,1
Norris,McLaren,Spielberg,9,347.6418121811232,89,96,48,7,8,0
Colapinto,Alpine,Sakhir,10,89.6577044939303,68,19,47,7,8,1
Stroll,Aston Martin,Miami,27,71.83838510217586,55,60,65,10,5,1
Piastri,McLaren,Mexico City,3,164.67615488856578,32,28,2,2,18,0
Hadjar,Racing Bulls,Barcelona,3,298.47645418014986,92,17,58,11,7,0
Verstappen,Red Bull,Las Vegas,10,152.6099047013084,72,96,47,8,19,1
Lawson,Racing Bulls,Sakhir,10,147.25978714858138,23,51,47,11,2,1
Piastri,McLaren,Budapest,9,164.94431283405228,94,26,50,7,4,0
Bortoleto,Sauber,Barcelona,21,144.4016724978039,5,79,26,0,9,1
Hulkenberg,Sauber,Monaco,23,231.58809901063805,62,29,63,8,13,1
Stroll,Aston Martin,Monza,3,269.1554147762879,89,97,19,6,8,0
Antonelli,Mercedes,Shanghai,11,135.51590082495167,16,71,50,10,7,1
Colapinto,Alpine,Imola,5,181.15463826364194,43,27,63,11,13,1
Piastri,McLaren,Austin,0,344.9980698155511,6,42,46,3,5,0
Stroll,Aston Martin,Sakhir,15,325.3280764088215,75,88,53,2,20,0
Albon,Williams,Silverstone,20,268.25797686470463,19,52,60,5,4,0
Hadjar,Racing Bulls,Abu Dhabi,6,287.4999461847212,57,62,49,0,4,0
Hadjar,Racing Bulls,Sakhir,2,333.1482739751875,66,68,33,0,10,0
Albon,Williams,Montreal,29,301.1663952284278,47,42,56,3,6,0
Verstappen,Red Bull,Jeddah,16,333.50498771516925,5,59,39,7,18,1
Hamilton,Ferrari,Montreal,26,256.8282332108486,29,32,42,1,8,0
Norris,McLaren,Sao Paulo,2,61.10489483747915,21,2,58,11,9,1
Russel,Mercedes,Austin,6,349.3248081694726,76,42,32,8,5,0
Lawson,Racing Bulls,Barcelona,2,253.2717535026447,40,63,11,11,10,0
Alonso,Aston Martin,Sao Paulo,22,217.53270784113224,36,6,49,8,18,1
Tsunoda,Red Bull Racing,Austin,11,90.86141541489911,55,85,27,7,17,1
Leclerc,Ferrari,Monaco,20,130.41409300643525,7,71,11,6,16,1
Bearman,Haas,Miami,12,273.0610043137005,26,72,33,7,17,1
Stroll,Aston Martin,Las Vegas,29,289.33665334215095,58,89,46,0,13,1
Leclerc,Ferrari,Montreal,21,275.42421693792693,49,38,56,9,3,0
Russel,Mercedes,Budapest,9,244.64520291770023,50,93,44,1,6,0
Bearman,Haas,Monza,9,292.1270594034708,11,13,9,4,7,0
Colapinto,Alpine,Sao Paulo,8,349.55237937428853,23,85,46,10,10,0
Alonso,Aston Martin,Mexico City,1,191.89747323540388,15,10,46,11,5,0
Hadjar,Racing Bulls,Spa,17,140.1862499571364,42,11,17,1,16,1
Hadjar,Racing Bulls,Melbourne,14,340.4000363127595,73,0,25,1,16,0
Ocon,Haas,Zandvoort,8,345.03118744949063,76,17,55,7,15,1
Tsunoda,Red Bull Racing,Baku,6,206.8328475843255,42,16,65,10,18,1
Verstappen,Red Bull,Sakhir,7,164.51557032428354,44,62,22,2,19,0
Piastri,McLaren,Barcelona,13,170.6214798717837,71,77,8,0,2,0
Leclerc,Ferrari,Jeddah,10,259.01089584569326,23,96,4,0,5,0
Stroll,Aston Martin,Monaco,23,187.29968814442776,7,28,24,4,8,0
Russel,Mercedes,Mexico City,10,280.65789693563454,34,82,48,4,5,0
Hadjar,Racing Bulls,Sao Paulo,11,71.93307560079705,43,42,9,1,9,1
Leclerc,Ferrari,Silverstone,23,159.3690348242036,5,31,43,4,18,1
Stroll,Aston Martin,Shanghai,13,330.7755771977652,34,10,43,1,3,0
Hamilton,Ferrari,Sakhir,18,127.13431223108867,12,45,10,4,18,1
Bearman,Haas,Barcelona,24,141.19547630144515,43,42,64,3,20,1
Verstappen,Red Bull,Abu Dhabi,12,119.3823444811062,26,2,53,11,12,1
Ocon,Haas,Baku,10,192.6739974579827,1,63,38,1,20,1
Piastri,McLaren,Jeddah,11,268.23061499089266,41,84,60,3,14,0
Lawson,Racing Bulls,Jeddah,24,224.25619360745443,70,95,50,3,8,0
Hamilton,Ferrari,Lusail,25,272.60627725025864,75,66,54,7,15,1
Albon,Williams,Jeddah,26,315.2134649802009,2,5,56,4,18,1
Leclerc,Ferrari,Melbourne,3,159.3584811491864,56,39,53,11,7,0
Colapinto,Alpine,Mexico City,27,201.89245325788534,97,56,38,4,6,0
Verstappen,Red Bull,Lusail,7,148.28511197018665,17,71,51,6,2,1
Russel,Mercedes,Imola,7,99.42663401071445,92,54,60,9,12,1
Bearman,Haas,Barcelona,19,188.7645605989694,29,91,11,10,20,1
Stroll,Aston Martin,Lusail,8,189.49957047828983,96,29,29,1,7,0
Verstappen,Red Bull,Melbourne,9,299.20584011272064,84,74,34,6,3,0
Tsunoda,Red Bull Racing,Las Vegas,21,73.65604867127654,40,92,5,7,9,1
Leclerc,Ferrari,Silverstone,1,206.5989140892348,14,61,15,6,9,0
Tsunoda,Red Bull Racing,Abu Dhabi,4,221.0401673660834,76,75,61,5,13,0
Lawson,Racing Bulls,Spielberg,24,278.1288218800817,58,37,13,5,19,1
Albon,Williams,Sao Paulo,20,334.36134158040903,79,5,20,3,8,0
Hadjar,Racing Bulls,Suzuka,21,219.39108961137234,16,4,30,7,15,1
Leclerc,Ferrari,Sao Paulo,9,336.1100472143074,65,5,27,1,8,0
Verstappen,Red Bull,Zandvoort,27,132.64124180778256,87,19,22,5,6,1
Albon,Williams,Budapest,27,318.61884417445384,93,63,62,0,14,1
Hamilton,Ferrari,Monaco,7,271.9015969543737,82,95,65,11,20,1
Ocon,Haas,Abu Dhabi,24,222.98706843349734,11,81,14,6,16,1
Norris,McLaren,Abu Dhabi,24,124.18056511518787,65,50,65,10,17,1
Hulkenberg,Sauber,Zandvoort,4,217.533656515439,55,1,49,5,1,0
Hulkenberg,Sauber,Las Vegas,20,313.99255687240026,15,73,29,11,14,1
Hadjar,Racing Bulls,Sakhir,6,292.463434705279,64,85,17,0,5,0
Leclerc,Ferrari,Abu Dhabi,26,84.32255569779385,81,15,61,8,6,1
Hulkenberg,Sauber,Singapore,27,239.61775132510434,72,37,44,1,6,0
Hamilton,Ferrari,Monza,7,194.32328397660152,67,39,31,5,14,0
Russel,Mercedes,Singapore,6,349.6300253865035,4,47,7,0,9,0
Sainz,Williams,Lusail,5,273.29532613301626,50,3,64,9,20,1
Albon,Williams,Suzuka,2,252.27192412913365,36,32,56,10,12,1
Albon,Williams,Imola,16,51.62061434347132,92,58,44,11,9,1
Bearman,Haas,Barcelona,3,266.2618472859343,43,4,1,2,17,0
Colapinto,Alpine,Jeddah,18,329.3431863050275,56,60,44,9,1,0
Ocon,Haas,Silverstone,29,158.80805260890986,14,43,38,5,6,0
Alonso,Aston Martin,Lusail,15,128.45469928482495,94,71,8,2,12,1
Verstappen,Red Bull,Shanghai,7,237.05370569913447,25,52,16,3,7,0
Bortoleto,Sauber,Austin,26,76.54220621059548,22,95,43,4,14,1
Norris,McLaren,Spa,20,253.50312371103792,98,33,37,7,18,1
Hadjar,Racing Bulls,Mexico City,28,57.99889806748658,26,66,41,11,19,1
Alonso,Aston Martin,Miami,9,91.35997917328463,40,70,8,1,18,1
Verstappen,Red Bull,Silverstone,5,84.67269363598834,34,91,34,5,13,1
Leclerc,Ferrari,Monaco,24,317.8893064635464,20,54,32,4,13,1
Sainz,Williams,Sao Paulo,29,292.6575999782295,2,39,37,1,11,1
Hadjar,Racing Bulls,Suzuka,7,237.69538884784407,78,98,49,8,13,1
Alonso,Aston Martin,Las Vegas,27,317.803409832187,5,78,52,8,3,1
Antonelli,Mercedes,Sakhir,13,172.78130252793486,87,87,3,1,16,0
Alonso,Aston Martin,Spielberg,18,340.69945093492345,90,89,58,8,17,1
Alonso,Aston Martin,Monza,29,102.37617308712157,59,96,45,8,18,1
Norris,McLaren,Lusail,0,201.9076425605051,53,9,43,8,11,1
Stroll,Aston Martin,Spa,22,54.39956880850174,27,49,41,10,2,1
Piastri,McLaren,Las Vegas,10,188.25814419759502,63,15,55,2,15,0
Russel,Mercedes,Sao Paulo,6,162.1632678139322,38,47,50,0,12,0
Verstappen,Red Bull,Suzuka,9,269.80701749022234,70,61,25,9,15,1
Hamilton,Ferrari,Silverstone,3,118.77756745759415,40,26,53,2,4,1
Antonelli,Mercedes,Abu Dhabi,20,294.9232324160332,6,11,53,10,20,1
Leclerc,Ferrari,Spielberg,23,62.81297180703231,26,45,41,9,20,1
Piastri,McLaren,Monaco,1,54.288603709172065,92,26,9,2,20,1
Tsunoda,Red Bull Racing,Lusail,25,92.58116958835863,2,74,61,10,1,1
Alonso,Aston Martin,Lusail,25,225.1999644790131,0,29,3,2,8,0
Norris,McLaren,Singapore,12,230.17063021790977,62,76,47,4,7,0
Gasly,Alpine,Montreal,5,174.36985158701438,39,60,11,0,1,0
Antonelli,Mercedes,Shanghai,10,190.58269560270952,67,37,32,11,1,0
Piastri,McLaren,Barcelona,10,108.08684412285342,94,50,39,6,10,1
Leclerc,Ferrari,Mexico City,6,89.62516477258285,25,8,27,0,3,1
Leclerc,Ferrari,Imola,20,137.90545569389977,40,57,51,1,2,1
Piastri,McLaren,Sakhir,9,301.8936252297158,52,54,22,7,8,0
Hadjar,Racing Bulls,Las Vegas,28,222.705830789858,58,28,33,0,9,0
Gasly,Alpine,Spa,5,175.62645711195353,95,99,46,3,14,0
Leclerc,Ferrari,Lusail,20,199.56949882343523,12,64,4,2,18,1
Hadjar,Racing Bulls,Abu Dhabi,10,264.53404737174674,9,22,41,6,2,0
Hadjar,Racing Bulls,Shanghai,26,221.21426907767818,26,13,41,9,9,1
Albon,Williams,Sao Paulo,1,139.88706635440894,46,15,12,10,6,1
Norris,McLaren,Lusail,7,314.8657313028712,99,74,31,10,1,0
Ocon,Haas,Monza,7,296.54241926767565,93,58,32,7,18,1
Russel,Mercedes,Austin,25,133.4144641101312,9,74,63,8,2,1
Lawson,Racing Bulls,Suzuka,25,130.91099788563565,86,95,50,11,2,1
Bortoleto,Sauber,Spa,3,231.79493484472943,36,3,9,2,7,0
Hamilton,Ferrari,Melbourne,17,246.00696213450618,55,69,60,0,14,1
Alonso,Aston Martin,Sao Paulo,20,92.6463708046888,83,81,8,6,2,1
Leclerc,Ferrari,Austin,25,128.51107584285154,30,93,60,3,18,1
Hadjar,Racing Bulls,Las Vegas,8,160.94212605274194,72,17,14,11,2,0
Norris,McLaren,Spielberg,24,76.65305787825717,11,75,9,3,1,1
Albon,Williams,Singapore,18,278.06550295395056,44,55,52,1,2,0
Hadjar,Racing Bulls,Miami,20,94.94483910825964,50,19,28,0,15,1
Verstappen,Red Bull,Sao Paulo,3,156.98861654944267,5,19,54,0,13,0
Sainz,Williams,Las Vegas,15,195.86020081829184,34,68,23,2,8,0
Hadjar,Racing Bulls,Sao Paulo,4,293.9504273137536,26,67,51,2,18,0
Tsunoda,Red Bull Racing,Sakhir,23,306.24382699482646,9,7,57,0,20,1
Gasly,Alpine,Spa,2,313.4475935341136,11,12,14,6,18,1
Bearman,Haas,Mexico City,2,196.71856632847016,92,95,37,9,5,0
Bortoleto,Sauber,Monza,1,226.49696052240964,31,37,13,3,17,0
Lawson,Racing Bulls,Suzuka,13,70.47466175118039,25,92,61,10,7,1
Stroll,Aston Martin,Melbourne,7,244.20744998824946,30,0,8,9,3,0
Hadjar,Racing Bulls,Silverstone,8,257.5483630084801,23,40,45,9,12,1
Colapinto,Alpine,Melbourne,20,308.4469240785383,62,57,11,0,6,0
Antonelli,Mercedes,Melbourne,9,263.27809268201565,71,5,20,0,15,0
Lawson,Racing Bulls,Austin,7,72.78122218945762,69,45,59,10,14,1
Ocon,Haas,Monza,29,166.23430402806764,94,10,2,9,12,1
Piastri,McLaren,Abu Dhabi,2,195.019438427797,57,43,13,4,6,0
Gasly,Alpine,Silverstone,19,238.87495230389598,31,29,39,1,14,1
Bortoleto,Sauber,Barcelona,14,331.23233400005955,97,36,17,0,16,0
Tsunoda,Red Bull Racing,Suzuka,26,119.8191870836866,11,92,18,1,1,1
Hamilton,Ferrari,Austin,9,64.8817596281964,61,83,43,9,14,1
Hamilton,Ferrari,Singapore,13,199.09435222233884,8,3,21,1,4,0
Verstappen,Red Bull,Suzuka,9,241.5665530768742,76,97,55,4,11,0
Alonso,Aston Martin,Suzuka,26,313.30354371263326,86,70,26,11,8,1
Norris,McLaren,Baku,16,346.77446824793856,7,2,57,5,17,1
Hadjar,Racing Bulls,Spa,18,305.584258946399,24,14,10,5,18,1
Antonelli,Mercedes,Montreal,12,340.34611452831916,69,6,27,6,4,0
Hadjar,Racing Bulls,Mexico City,19,69.16481706934769,31,26,10,7,5,1
Hulkenberg,Sauber,Imola,21,160.29921084369866,52,60,60,3,20,1
Sainz,Williams,Singapore,19,67.60123644140529,86,33,30,9,1,1
Antonelli,Mercedes,Austin,26,339.2340364719356,0,91,65,7,16,1
Norris,McLaren,Barcelona,24,163.67425816731267,31,82,56,10,16,1
Antonelli,Mercedes,Austin,5,281.5218379299682,49,25,11,9,6,0
Colapinto,Alpine,Spa,13,245.38017259883753,14,25,44,11,16,1
Lawson,Racing Bulls,Budapest,26,61.705918605672835,92,25,65,3,4,1
Hulkenberg,Sauber,Las Vegas,21,343.1354296604834,13,36,6,3,9,0
Ocon,Haas,Zandvoort,11,275.32431324167374,41,14,46,8,12,1
Antonelli,Mercedes,Monza,14,314.8389806515433,41,53,43,7,6,0
Hadjar,Racing Bulls,Lusail,21,167.94904418950932,35,58,17,6,2,0
Alonso,Aston Martin,Austin,4,269.93742329553726,98,28,25,2,2,0
Norris,McLaren,Singapore,11,80.14500843006189,51,93,12,8,2,1
Hadjar,Racing Bulls,Silverstone,15,75.72147494896903,82,82,35,3,18,1
Antonelli,Mercedes,Suzuka,6,212.7515268510013,76,99,24,6,2,0
Alonso,Aston Martin,Las Vegas,21,140.2159450616134,63,2,31,1,13,1
Colapinto,Alpine,Las Vegas,26,135.00545841067486,44,61,47,10,3,1
Sainz,Williams,Spielberg,27,108.1763204766731,34,98,45,2,12,1
Antonelli,Mercedes,Jeddah,9,324.7398541761399,19,16,28,7,19,1
Ocon,Haas,Austin,26,318.00402649019526,62,27,60,10,4,1
Stroll,Aston Martin,Las Vegas,15,197.86376229850148,53,32,45,7,20,1
Norris,McLaren,Barcelona,20,210.24441021669637,7,8,12,7,17,1
Colapinto,Alpine,Silverstone,5,182.35680119040805,18,36,54,11,14,1
Stroll,Aston Martin,Mexico City,23,268.4081537163842,71,3,41,8,18,1
Hulkenberg,Sauber,Melbourne,25,196.72678600812358,46,94,11,1,10,0
Norris,McLaren,Budapest,6,256.5481717751025,3,0,27,3,13,0
Stroll,Aston Martin,Sao Paulo,20,293.57709949237886,64,47,20,10,2,0
Hamilton,Ferrari,Budapest,16,175.5443387156581,94,78,26,2,6,0
Leclerc,Ferrari,Singapore,8,198.20950825573908,43,62,29,0,8,0
Antonelli,Mercedes,Barcelona,26,292.7554962646188,6,21,14,1,7,0
Albon,Williams,Melbourne,18,145.89591647313352,8,61,19,10,11,1
Hamilton,Ferrari,Zandvoort,3,276.43956102421066,41,97,21,1,13,0
Bortoleto,Sauber,Silverstone,15,173.5003354820348,17,9,54,6,7,0
Piastri,McLaren,Abu Dhabi,21,137.1214514266353,84,56,64,6,1,1
Bearman,Haas,Jeddah,25,110.79753439378031,87,54,7,2,2,1
Russel,Mercedes,Imola,15,210.65687800965733,28,99,8,4,3,0
Hamilton,Ferrari,Austin,15,92.27707468330742,94,53,16,10,17,1
Lawson,Racing Bulls,Sakhir,29,237.18483825051933,32,43,55,7,15,1
Ocon,Haas,Monza,2,141.55327327821522,82,62,16,2,1,1
Verstappen,Red Bull,Suzuka,25,132.4712536984897,95,37,38,9,6,1
Lawson,Racing Bulls,Spa,8,147.84289382247698,43,68,7,6,6,1
Leclerc,Ferrari,Budapest,26,198.55526830644496,82,71,65,5,7,0
Alonso,Aston Martin,Lusail,27,90.6788091735967,72,64,59,8,10,1
Alonso,Aston Martin,Spielberg,29,291.62762558514265,72,49,23,7,1,1
Russel,Mercedes,Silverstone,13,317.20622748355567,61,68,43,10,7,0
Tsunoda,Red Bull Racing,Shanghai,24,243.10412375359797,25,67,51,10,10,0
Tsunoda,Red Bull Racing,Sakhir,12,225.86818495887644,39,51,13,3,19,0
Hamilton,Ferrari,Baku,20,247.21534140292002,47,97,31,7,14,1
Colapinto,Alpine,Las Vegas,19,167.1148032335372,32,86,27,5,20,1
Hulkenberg,Sauber,Abu Dhabi,28,234.33527874988147,42,48,5,11,3,1
Verstappen,Red Bull,Zandvoort,25,265.05482342678766,64,88,49,10,3,0
Ocon,Haas,Lusail,18,81.63714858656425,44,86,40,2,3,1
Lawson,Racing Bulls,Austin,0,157.62269307627986,47,34,28,8,14,1
Russel,Mercedes,Las Vegas,23,95.87613383666194,48,36,9,7,16,1
Ocon,Haas,Lusail,28,54.16198694620454,18,73,8,6,10,1
Hadjar,Racing Bulls,Shanghai,2,278.87527620832077,0,63,18,9,11,1
Alonso,Aston Martin,Monaco,12,277.2934975172399,96,41,20,4,5,0
Tsunoda,Red Bull Racing,Monaco,7,335.238733297126,91,9,19,2,3,0
Piastri,McLaren,Spa,9,253.3565188072585,15,76,39,6,3,0
Sainz,Williams,Miami,14,174.06136318773616,16,34,9,6,16,1
Russel,Mercedes,Suzuka,19,120.3503956330784,41,68,23,1,10,1
Bearman,Haas,Sao Paulo,25,221.99782547746486,24,20,8,3,7,0
Sainz,Williams,Baku,3,69.00927643081754,12,3,43,5,3,1
Norris,McLaren,Las Vegas,28,339.1761464177608,30,24,36,0,15,1
Norris,McLaren,Abu Dhabi,23,262.3654584291588,52,56,34,6,6,0
Gasly,Alpine,Silverstone,9,253.61826796940488,41,78,61,0,9,0
Bearman,Haas,Lusail,29,119.30347381581537,80,13,48,0,8,1
Leclerc,Ferrari,Sakhir,26,256.40639041924425,99,76,65,2,14,1
Lawson,Racing Bulls,Lusail,23,102.20422985178757,20,35,57,3,13,1
Leclerc,Ferrari,Zandvoort,21,164.80853625422031,9,77,38,2,6,1
Albon,Williams,Zandvoort,10,127.30472857708357,6,49,22,6,12,1
Verstappen,Red Bull,Abu Dhabi,8,278.4230314035194,61,74,3,4,12,0
Bearman,Haas,Las Vegas,0,347.3569601446717,72,59,62,8,3,0
Verstappen,Red Bull,Budapest,18,209.75910664308498,11,75,39,3,12,1
Tsunoda,Red Bull Racing,Sakhir,21,55.11205357035037,16,29,43,9,11,1
Leclerc,Ferrari,Monaco,1,179.30505186374646,68,64,39,10,20,1
Hamilton,Ferrari,Monza,11,147.65634159052814,9,71,30,11,11,1
Albon,Williams,Spielberg,7,339.02795510208284,96,67,37,9,20,1
Bortoleto,Sauber,Imola,20,80.42208841117254,23,4,39,1,13,1
Verstappen,Red Bull,Lusail,26,330.72520877665255,57,48,55,10,14,1
Hulkenberg,Sauber,Suzuka,29,172.0977461113095,79,72,37,3,11,1
Antonelli,Mercedes,Suzuka,0,124.44688379493813,6,50,38,10,11,1
Leclerc,Ferrari,Miami,27,50.53551698086712,21,34,3,11,1,1
Hadjar,Racing Bulls,Sakhir,4,266.60694578402166,86,57,57,8,9,0
Piastri,McLaren,Shanghai,1,296.0937913909526,1,42,22,1,18,0
Hadjar,Racing Bulls,Abu Dhabi,13,325.13465918941284,57,67,54,8,19,1
Tsunoda,Red Bull Racing,Sakhir,5,82.60421249372375,85,21,51,4,17,1
Tsunoda,Red Bull Racing,Singapore,18,239.078445764198,53,15,50,10,14,1
Albon,Williams,Barcelona,15,52.252745516489675,9,4,41,3,13,1
Bortoleto,Sauber,Spa,1,312.76246368391185,86,46,43,1,17,0
Norris,McLaren,Sao Paulo,8,67.42474005082889,23,7,24,5,16,1
Norris,McLaren,Jeddah,11,188.1150301109429,91,78,20,1,11,0
Tsunoda,Red Bull Racing,Spa,1,134.1727984653578,89,62,47,10,15,1
Norris,McLaren,Sakhir,8,233.9976525579039,24,33,1,11,5,0
Piastri,McLaren,Silverstone,29,56.75009088809957,19,47,63,4,11,1
Alonso,Aston Martin,Monaco,20,106.56737563672877,38,40,62,3,12,1
Stroll,Aston Martin,Monaco,15,224.56219893943847,87,39,50,9,7,0
Hadjar,Racing Bulls,Silverstone,12,230.72836518100863,86,72,26,9,18,1
Hadjar,Racing Bulls,Montreal,14,67.1882417302628,55,98,27,10,9,1
Tsunoda,Red Bull Racing,Abu Dhabi,20,154.27232677912482,86,93,57,11,16,1
Stroll,Aston Martin,Zandvoort,13,188.4337944120465,53,26,57,6,19,1
Antonelli,Mercedes,Spielberg,23,56.5524188989357,96,58,23,1,4,1
Stroll,Aston Martin,Abu Dhabi,28,236.09117003343243,74,15,37,2,6,0
Norris,McLaren,Silverstone,29,198.63387307017692,70,92,31,9,14,1
Piastri,McLaren,Silverstone,12,346.26900669093675,14,40,25,10,11,1
Piastri,McLaren,Baku,24,124.82667195531282,9,58,9,8,3,1
Alonso,Aston Martin,Montreal,28,286.2285917468168,65,93,38,6,14,1
Hadjar,Racing Bulls,Sao Paulo,8,68.29201102634333,27,91,43,1,1,1
Leclerc,Ferrari,Las Vegas,1,216.5789075789342,76,65,11,3,15,0
Leclerc,Ferrari,Abu Dhabi,6,175.47378428274993,76,9,56,0,4,0
Norris,McLaren,Silverstone,16,143.53984330808404,66,8,41,4,18,1
Lawson,Racing Bulls,Jeddah,18,127.41659160835121,77,66,54,11,19,1
Hadjar,Racing Bulls,Monaco,6,162.20617353175146,85,90,22,11,3,0
Antonelli,Mercedes,Silverstone,15,219.88814723545207,85,56,63,11,2,0
Sainz,Williams,Jeddah,14,95.55367873460236,8,48,47,11,17,1
Hulkenberg,Sauber,Baku,29,63.95775549852112,92,1,41,5,3,1
Colapinto,Alpine,Las Vegas,11,84.95333585027109,64,39,45,8,16,1
Hamilton,Ferrari,Jeddah,9,333.7255858696008,24,67,2,9,11,1
Bortoleto,Sauber,Barcelona,3,286.6848987725097,32,88,33,5,7,0
Tsunoda,Red Bull Racing,Singapore,24,228.64423367695173,40,1,56,8,16,1
Lawson,Racing Bulls,Abu Dhabi,20,71.447917132821,9,65,42,5,10,1
Hulkenberg,Sauber,Miami,14,235.90771186632026,87,2,40,2,6,0
Tsunoda,Red Bull Racing,Zandvoort,11,261.83878332918744,66,27,53,4,10,0
Lawson,Racing Bulls,Singapore,19,153.6587396744359,62,71,36,6,11,1
Russel,Mercedes,Las Vegas,13,132.74167844297628,19,9,6,0,3,1
Ocon,Haas,Sakhir,7,259.64899576574754,59,13,34,5,8,0
Hulkenberg,Sauber,Austin,1,313.2967853309639,48,37,54,2,4,0
Ocon,Haas,Zandvoort,8,181.16992896383277,81,13,52,5,10,0
Russel,Mercedes,Las Vegas,0,228.6859129936467,92,77,65,1,12,0
Albon,Williams,Miami,26,103.47910168676128,13,52,14,7,5,1
Colapinto,Alpine,Melbourne,26,326.8446248316548,32,56,57,11,3,1
Hamilton,Ferrari,Spielberg,20,340.2757581221577,45,12,64,8,16,1
Ocon,Haas,Lusail,6,308.8968561231722,81,35,47,1,4,0
Norris,McLaren,Lusail,8,197.23984666573196,85,38,18,2,8,0
Tsunoda,Red Bull Racing,Barcelona,9,303.38390215800115,82,1,37,0,19,0
Russel,Mercedes,Spielberg,25,194.72617979212157,21,89,55,4,8,0
Verstappen,Red Bull,Baku,8,277.6718037486897,53,46,62,10,17,1
Tsunoda,Red Bull Racing,Barcelona,25,160.07255992972696,66,30,22,1,8,0
Tsunoda,Red Bull Racing,Monaco,14,103.92935133162527,59,42,13,4,4,1
Albon,Williams,Singapore,0,313.2602637627026,50,73,46,8,12,1
Sainz,Williams,Abu Dhabi,5,80.11974282574982,23,24,35,8,15,1
Piastri,McLaren,Barcelona,16,241.93455247137814,87,45,18,8,15,1
Tsunoda,Red Bull Racing,Spa,11,123.23219409960497,97,80,49,10,7,1
Albon,Williams,Barcelona,0,315.43821848789486,81,69,53,4,5,0
Antonelli,Mercedes,Spa,16,80.07011763439054,80,75,54,10,11,1
Russel,Mercedes,Las Vegas,6,153.860949407735,71,81,21,11,10,0
Sainz,Williams,Spa,20,71.66203237655662,80,76,40,2,12,1
Bearman,Haas,Zandvoort,16,88.24056611660791,83,41,34,3,8,1
Russel,Mercedes,Monaco,27,215.85676804144128,99,50,6,11,3,1
Hulkenberg,Sauber,Sakhir,18,138.5884082225519,75,58,20,8,12,1
Verstappen,Red Bull,Mexico City,18,305.42758041827256,98,19,22,8,8,0
Antonelli,Mercedes,Baku,9,204.08056968009475,80,21,26,5,19,0
Hamilton,Ferrari,Las Vegas,22,234.62144128702153,1,42,7,8,6,0
Stroll,Aston Martin,Sao Paulo,10,126.60998452190881,59,53,16,1,5,1
Piastri,McLaren,Las Vegas,1,171.8937401744636,65,4,31,8,10,0
Leclerc,Ferrari,Baku,17,87.12120851483908,10,40,65,9,18,1
Albon,Williams,Monza,10,193.32899237477613,93,89,57,2,1,0
Bearman,Haas,Sao Paulo,25,153.61787629157712,39,64,48,6,13,1
Hulkenberg,Sauber,Sakhir,7,198.35091204764973,32,4,5,10,14,1
Lawson,Racing Bulls,Barcelona,27,123.3075569323121,40,14,60,11,10,1
Bortoleto,Sauber,Silverstone,5,234.5822094141033,79,14,6,7,3,0
Russel,Mercedes,Suzuka,29,53.79755402898715,92,36,65,2,8,1
Ocon,Haas,Abu Dhabi,17,269.91296458490075,32,64,62,10,3,0
Hulkenberg,Sauber,Imola,16,278.48676248840786,6,52,9,4,19,1
Leclerc,Ferrari,Barcelona,19,242.6011563658702,44,98,62,2,18,1
Norris,McLaren,Zandvoort,20,328.23795158050837,10,98,56,0,9,0
Piastri,McLaren,Jeddah,9,183.38175332277913,14,98,45,1,17,0
Verstappen,Red Bull,Imola,12,175.44115039188242,76,90,41,2,7,0
Hamilton,Ferrari,Montreal,6,181.5058647167785,31,77,21,9,5,0
Bortoleto,Sauber,Abu Dhabi,25,215.78930847616803,45,91,35,2,14,1
Russel,Mercedes,Singapore,7,139.80506035954593,17,61,54,2,4,1
Antonelli,Mercedes,Mexico City,12,164.49354707100582,7,53,20,1,3,0
Verstappen,Red Bull,Sakhir,9,224.17896956735638,84,28,5,3,14,0
Gasly,Alpine,Mexico City,23,309.22050737041354,18,88,61,8,7,0
Lawson,Racing Bulls,Baku,0,189.22178126710597,16,11,6,8,17,1
Albon,Williams,Shanghai,26,346.72277335008823,88,81,35,4,9,0
Norris,McLaren,Monza,12,242.64382570329767,50,54,15,1,6,0
Colapinto,Alpine,Jeddah,23,308.49108570308096,81,40,59,2,20,1
Bortoleto,Sauber,Jeddah,15,262.9598517325092,42,96,5,1,14,0
Tsunoda,Red Bull Racing,Barcelona,10,252.2942080320135,89,33,24,10,9,0
Leclerc,Ferrari,Suzuka,21,62.79686925870301,91,68,57,3,2,1
Leclerc,Ferrari,Baku,1,82.44056209851719,39,66,4,11,3,1
Hamilton,Ferrari,Las Vegas,20,66.38435878843738,27,47,59,0,10,1
Russel,Mercedes,Montreal,5,322.0762916750072,8,2,42,11,19,1
Colapinto,Alpine,Jeddah,6,212.37959840230255,4,93,2,7,4,1
Norris,McLaren,Sao Paulo,9,206.22080487942216,53,74,62,2,18,0
Piastri,McLaren,Jeddah,15,214.16075128904362,14,94,30,6,8,0
Hadjar,Racing Bulls,Imola,11,306.1727556383529,29,69,10,6,20,1
Sainz,Williams,Mexico City,9,279.01891644659264,90,30,29,1,20,0
Hamilton,Ferrari,Singapore,23,148.30089234343052,42,43,62,1,7,1
Sainz,Williams,Imola,21,331.46657219302466,31,48,65,5,8,0
Bearman,Haas,Monza,27,134.8530757191569,18,96,32,5,9,1
Norris,McLaren,Zandvoort,3,333.37615035385954,91,83,21,10,16,1
Colapinto,Alpine,Singapore,24,186.06830082703428,54,31,64,0,3,0
Verstappen,Red Bull,Melbourne,21,80.158477875575,9,56,37,4,15,1
Hulkenberg,Sauber,Sao Paulo,9,71.73697756238681,85,30,15,3,8,1
Gasly,Alpine,Barcelona,1,140.0653954475473,58,5,27,7,20,1
Tsunoda,Red Bull Racing,Shanghai,29,348.94784316335785,52,69,13,11,8,1
Colapinto,Alpine,Monza,25,174.74021638890827,1,2,64,7,19,1
Albon,Williams,Spielberg,2,167.44126382620266,93,16,18,5,10,0
Stroll,Aston Martin,Melbourne,8,120.71659439620261,49,94,3,8,1,1
Hadjar,Racing Bulls,Spielberg,24,72.49153625313969,47,12,48,4,12,1
Hulkenberg,Sauber,Abu Dhabi,1,155.2548336803967,13,63,55,4,14,0
Sainz,Williams,Montreal,12,289.61696710736027,17,66,45,1,5,0
Lawson,Racing Bulls,Spielberg,22,235.97098359566507,37,83,62,5,4,0
Colapinto,Alpine,Jeddah,18,138.65751122474313,91,3,5,7,13,1
Albon,Williams,Spielberg,6,68.63533174728906,77,31,40,2,11,1
Lawson,Racing Bulls,Baku,14,137.5933502726269,84,79,18,1,16,1
Stroll,Aston Martin,Barcelona,6,83.13838131855437,61,88,8,8,1,1
Antonelli,Mercedes,Zandvoort,13,75.53272675786975,94,50,58,7,14,1
Albon,Williams,Barcelona,20,345.83683225245414,44,62,65,9,19,1
Colapinto,Alpine,Monaco,2,345.46566380707696,5,78,46,8,15,1
Colapinto,Alpine,Las Vegas,18,108.042797411974,94,48,61,7,8,1
Colapinto,Alpine,Lusail,0,304.3878790403701,43,97,32,1,19,0
Verstappen,Red Bull,Las Vegas,2,153.76916594537602,27,78,41,5,3,0
Leclerc,Ferrari,Montreal,8,199.2754634227827,99,38,46,6,20,1
Tsunoda,Red Bull Racing,Jeddah,24,53.06706277268752,85,20,37,0,19,1
Russel,Mercedes,Jeddah,21,106.89872213610442,65,50,54,7,11,1
Bearman,Haas,Sakhir,14,200.19840200155485,59,17,48,4,14,0
Tsunoda,Red Bull Racing,Montreal,15,110.35486323119663,87,75,1,8,1,1
Leclerc,Ferrari,Montreal,13,102.42749935880258,18,50,64,8,10,1
Ocon,Haas,Sao Paulo,18,179.96179001321087,97,44,41,11,7,0
Antonelli,Mercedes,Austin,3,185.72087708246872,13,27,46,3,1,0
Hadjar,Racing Bulls,Imola,22,316.22185876124996,84,71,42,1,11,1
Albon,Williams,Mexico City,16,263.2446415858971,32,87,10,8,7,0
Gasly,Alpine,Las Vegas,11,238.74296526668124,42,63,39,10,14,1
Stroll,Aston Martin,Shanghai,2,256.6911473779107,4,86,16,5,19,1
Lawson,Racing Bulls,Austin,7,338.2097183081976,83,72,35,7,1,0
Lawson,Racing Bulls,Silverstone,3,118.6395492684833,10,17,40,8,9,1
Russel,Mercedes,Monaco,3,134.66520766135056,21,98,58,3,8,1
Ocon,Haas,Imola,29,215.77378493532456,4,25,8,2,12,1
Antonelli,Mercedes,Singapore,6,342.00067538833014,90,72,44,7,18,1
Alonso,Aston Martin,Sakhir,19,344.1333670270764,79,26,48,9,1,0
Gasly,Alpine,Abu Dhabi,1,112.33646913154797,4,93,57,3,3,1
Leclerc,Ferrari,Barcelona,0,291.10553420670135,58,70,5,8,14,1
Hadjar,Racing Bulls,Las Vegas,13,155.7171812633224,23,75,37,8,9,0
Hadjar,Racing Bulls,Monaco,20,271.0339738603943,74,54,53,4,16,1
Russel,Mercedes,Melbourne,15,258.6574397373308,89,17,1,11,13,1
Hadjar,Racing Bulls,Las Vegas,1,304.34188452691427,90,33,8,7,3,0
Colapinto,Alpine,Silverstone,4,338.7262609053727,98,65,48,1,15,0
Gasly,Alpine,Monaco,5,145.5966496363372,47,85,44,4,15,1
Antonelli,Mercedes,Silverstone,18,122.93067261129849,48,5,36,7,16,1
Leclerc,Ferrari,Melbourne,4,282.0170703376066,58,16,51,6,20,1
Gasly,Alpine,Spa,26,144.59405882362992,97,30,40,5,20,1
Albon,Williams,Singapore,10,308.0411745837362,85,69,4,3,9,0
Lawson,Racing Bulls,Silverstone,19,231.22766143497586,61,72,61,1,13,1
Bearman,Haas,Singapore,17,300.4678797669814,91,73,35,3,8,0
Russel,Mercedes,Melbourne,26,162.3782024675135,18,51,22,9,6,1
Hamilton,Ferrari,Melbourne,10,128.893820322733,95,97,24,3,3,1
Bortoleto,Sauber,Singapore,21,140.53616000513634,8,23,8,5,15,1
Hulkenberg,Sauber,Monza,3,310.6388138115918,66,99,21,10,4,0
Norris,McLaren,Las Vegas,5,285.69538176382036,76,35,16,3,17,0
Bearman,Haas,Jeddah,27,116.8699936650821,35,98,39,4,9,1
Antonelli,Mercedes,Sao Paulo,27,284.96932892829545,30,65,30,9,16,1
Bearman,Haas,Sao Paulo,18,120.01252526243248,63,37,40,10,8,1
Stroll,Aston Martin,Sakhir,10,198.72719127508245,7,72,49,3,18,1
Alonso,Aston Martin,Monza,23,112.53221861829546,79,71,39,1,4,1
Russel,Mercedes,Monza,13,321.47517666335466,85,14,18,0,13,0
Piastri,McLaren,Barcelona,9,225.7563298601591,77,76,2,1,8,0
Hulkenberg,Sauber,Spielberg,3,134.2314850536576,19,26,61,1,5,1
Alonso,Aston Martin,Barcelona,19,245.40054219376196,73,57,15,11,7,0
Piastri,McLaren,Budapest,23,289.9214798154226,0,61,11,10,15,1
Colapinto,Alpine,Budapest,10,177.42600694064163,6,91,9,3,17,1
Ocon,Haas,Zandvoort,0,195.6655370725586,3,75,48,4,10,0
Verstappen,Red Bull,Monza,20,162.01916430298976,83,63,42,4,6,0
Bearman,Haas,Suzuka,29,188.88225643706306,79,15,8,1,19,1
Stroll,Aston Martin,Spielberg,28,107.58344644049394,52,51,41,7,5,1
Russel,Mercedes,Austin,15,144.53762748468418,5,37,5,10,10,1
Bearman,Haas,Silverstone,22,321.22147895765676,45,42,27,8,5,0
Hadjar,Racing Bulls,Silverstone,8,85.06839993857434,41,56,46,9,1,1
Russel,Mercedes,Sakhir,13,266.4965993870838,13,54,27,9,8,0
Alonso,Aston Martin,Melbourne,17,66.10529388367219,36,29,22,6,5,1
Bortoleto,Sauber,Sakhir,27,148.93140852794633,99,20,17,9,7,1
Russel,Mercedes,Sao Paulo,5,244.48076067281434,79,34,60,1,8,0
Alonso,Aston Martin,Zandvoort,1,297.88467949540177,84,43,42,1,15,0
Hamilton,Ferrari,Lusail,25,290.73786967139114,63,51,47,9,1,0
Stroll,Aston Martin,Imola,23,248.87027233249012,88,38,29,2,10,0
Tsunoda,Red Bull Racing,Monza,11,276.59574777708417,77,98,20,0,18,0
Piastri,McLaren,Silverstone,17,166.33167236906837,1,37,22,11,3,0
Bearman,Haas,Suzuka,17,137.29330737537626,0,5,25,7,13,1
Bortoleto,Sauber,Melbourne,16,190.3988802275488,21,10,43,3,16,1
Hulkenberg,Sauber,Jeddah,5,284.86284174927346,99,20,13,11,19,1
Russel,Mercedes,Las Vegas,22,213.12785229808753,84,39,5,5,1,0
Bearman,Haas,Melbourne,4,236.91662887700082,22,69,59,11,5,0
Stroll,Aston Martin,Barcelona,22,76.20137846021929,10,96,13,6,3,1
Gasly,Alpine,Singapore,28,289.10838605182715,91,0,42,7,12,1
Leclerc,Ferrari,Abu Dhabi,8,345.4961565985843,40,50,23,10,8,0
Bortoleto,Sauber,Baku,25,148.83859045606422,86,95,26,2,7,1
Colapinto,Alpine,Barcelona,12,147.57237258225257,56,48,58,9,2,1
Norris,McLaren,Shanghai,2,267.12878916785536,21,53,32,5,5,0
Hadjar,Racing Bulls,Lusail,24,125.6204472132887,73,96,34,1,12,1
Gasly,Alpine,Suzuka,5,277.0818668985031,92,44,43,10,14,1
Sainz,Williams,Silverstone,4,166.94435420194205,93,8,11,9,7,0
Hamilton,Ferrari,Singapore,29,219.90905138951058,35,55,63,7,5,1
Tsunoda,Red Bull Racing,Montreal,3,312.10672614515335,71,79,53,10,1,0
Lawson,Racing Bulls,Budapest,29,123.91054475573368,81,44,25,7,11,1
Lawson,Racing Bulls,Spielberg,23,188.58328905262482,79,0,32,2,9,0
Alonso,Aston Martin,Monaco,10,243.94677418804633,78,82,16,0,11,0
Antonelli,Mercedes,Monaco,2,200.32276903354133,87,93,23,10,3,0
Bearman,Haas,Miami,8,169.36432589568628,65,53,5,3,14,0
Bortoleto,Sauber,Melbourne,21,58.84358794327924,70,88,62,7,2,1
Antonelli,Mercedes,Sao Paulo,0,276.1460484460647,14,16,16,2,3,0
Bearman,Haas,Spa,21,130.07708436898255,4,40,12,1,15,1
Hulkenberg,Sauber,Miami,13,318.98422514559167,33,46,19,11,14,1
Ocon,Haas,Spa,27,259.82427729094553,14,25,58,2,19,1
Stroll,Aston Martin,Sao Paulo,25,269.1390412418625,45,7,31,0,7,0
Leclerc,Ferrari,Melbourne,24,86.20275098434647,88,64,26,10,18,1
Sainz,Williams,Sao Paulo,26,163.7485123034252,91,15,29,6,16,1
Tsunoda,Red Bull Racing,Austin,28,342.65836341361984,44,37,28,3,10,0
Antonelli,Mercedes,Zandvoort,24,252.45910514043192,8,65,50,5,8,1
Bortoleto,Sauber,Monaco,26,158.31243451854658,92,12,34,10,15,1
Stroll,Aston Martin,Sakhir,14,318.8889590760529,60,57,50,4,17,0
Verstappen,Red Bull,Montreal,12,153.18963527195876,97,53,57,2,10,0
Stroll,Aston Martin,Spielberg,19,209.8654907361195,40,46,28,5,19,1
Hamilton,Ferrari,Spa,20,137.6208405531291,18,55,24,7,7,1
Colapinto,Alpine,Shanghai,2,184.97007950886933,66,83,41,3,19,0
Antonelli,Mercedes,Silverstone,3,187.84282367128452,32,96,1,2,13,0
Hamilton,Ferrari,Singapore,10,255.4776930535494,18,54,61,0,9,0
Leclerc,Ferrari,Mexico City,26,319.15875006604745,35,43,10,2,17,1
Lawson,Racing Bulls,Melbourne,16,129.40531759035295,86,59,37,8,20,1
Verstappen,Red Bull,Zandvoort,5,207.58278236729168,63,81,49,6,12,1
Alonso,Aston Martin,Sakhir,9,65.86692919157538,40,74,10,7,6,1
Antonelli,Mercedes,Monza,6,294.3949480511267,22,92,30,1,4,0
Russel,Mercedes,Miami,23,240.53973807048635,94,77,29,3,8,0
Russel,Mercedes,Monaco,11,293.1269015002647,92,80,45,1,2,0
Gasly,Alpine,Las Vegas,6,302.6764712181869,73,76,8,9,10,0
Albon,Williams,Silverstone,25,50.762143582603734,77,11,63,10,17,1
Antonelli,Mercedes,Montreal,20,317.9888528682907,93,51,34,1,5,0
Albon,Williams,Austin,3,325.22584640453846,27,12,18,10,1,0
Bearman,Haas,Imola,1,281.5236332670137,42,87,30,6,7,0
Antonelli,Mercedes,Jeddah,29,208.9917857281878,9,81,38,11,2,1
Lawson,Racing Bulls,Austin,23,107.54072417644174,15,77,43,1,11,1
Gasly,Alpine,Lusail,18,289.8892422599632,42,19,58,8,16,1
Hadjar,Racing Bulls,Barcelona,15,69.32833777951444,86,34,50,5,7,1
Alonso,Aston Martin,Montreal,22,304.96203041502343,82,58,18,8,10,0
Hadjar,Racing Bulls,Sao Paulo,29,93.20059140447997,1,82,14,6,17,1
Colapinto,Alpine,Zandvoort,0,233.59022898334945,75,74,17,1,2,0
Colapinto,Alpine,Silverstone,19,225.1963438745766,86,5,7,6,11,1
Leclerc,Ferrari,Silverstone,0,291.6107186527678,20,8,42,6,1,0
Verstappen,Red Bull,Shanghai,19,257.06228472545087,16,82,6,1,1,0
Norris,McLaren,Abu Dhabi,7,303.0373946154561,14,81,2,10,1,0
Bearman,Haas,Lusail,26,275.1595390584529,32,94,32,2,3,0
Ocon,Haas,Montreal,4,167.2802369565931,84,46,56,4,17,0
Hulkenberg,Sauber,Barcelona,14,124.70774490196995,27,22,60,9,15,1
Gasly,Alpine,Mexico City,29,184.1002017153504,64,95,16,1,15,1
Bortoleto,Sauber,Spielberg,19,76.15436058421577,50,88,36,3,8,1
Hamilton,Ferrari,Baku,12,286.1487359995671,83,37,42,2,3,0
Hamilton,Ferrari,Shanghai,3,84.77646890098828,72,6,24,2,9,1
Alonso,Aston Martin,Barcelona,0,88.06157310296857,7,35,63,3,15,1
Piastri,McLaren,Sao Paulo,8,230.3563294935393,77,0,21,1,5,0
Piastri,McLaren,Lusail,19,149.53802448323358,27,1,21,8,1,1
Gasly,Alpine,Melbourne,21,101.11496029934194,56,28,7,6,9,1
Sainz,Williams,Abu Dhabi,12,304.6313813522817,20,52,47,10,16,1
Gasly,Alpine,Sakhir,16,164.56389493059126,29,1,16,3,17,1
Hamilton,Ferrari,Sakhir,24,345.0837700710719,99,17,38,6,16,1
Verstappen,Red Bull,Barcelona,2,176.94039408535664,65,84,29,4,8,0
Alonso,Aston Martin,Sakhir,12,85.00681437471708,81,68,11,3,3,1
Tsunoda,Red Bull Racing,Sao Paulo,21,259.1592039326767,54,62,6,4,20,1
Tsunoda,Red Bull Racing,Montreal,5,193.22071410231501,94,12,58,3,16,0
Leclerc,Ferrari,Silverstone,12,149.45423320276683,28,73,45,9,9,1
Ocon,Haas,Melbourne,23,51.517538132809094,83,69,32,9,14,1
Piastri,McLaren,Baku,20,295.0983902863691,14,82,38,6,1,0
Russel,Mercedes,Las Vegas,0,346.76351809061975,21,84,41,0,18,0
Sainz,Williams,Monaco,29,130.0983543923416,17,96,57,6,12,1
Tsunoda,Red Bull Racing,Lusail,3,109.63073922690808,87,44,20,8,10,1
Colapinto,Alpine,Budapest,20,177.44303242329042,26,74,6,0,4,0
Norris,McLaren,Miami,5,286.8934954367997,69,27,55,9,3,0
Hulkenberg,Sauber,Shanghai,27,50.18579599407174,41,66,63,0,2,1
Hadjar,Racing Bulls,Budapest,21,280.4031638573499,20,92,22,5,13,1
Hamilton,Ferrari,Baku,29,150.89255722133407,34,13,27,0,15,1
Albon,Williams,Spielberg,7,284.52107699464347,63,55,53,3,11,0
Alonso,Aston Martin,Monaco,26,221.32975106384538,2,70,1,1,11,1
Gasly,Alpine,Jeddah,23,328.8255559454563,27,74,53,3,7,0
Hulkenberg,Sauber,Imola,5,90.45136621323373,13,67,64,11,18,1
Albon,Williams,Monza,0,286.12414344224123,35,28,55,9,10,0
Russel,Mercedes,Baku,1,324.586858227213,88,58,2,3,17,0
Gasly,Alpine,Barcelona,3,253.04114872065355,80,0,34,1,13,0
Antonelli,Mercedes,Austin,17,127.39028015840984,16,34,40,5,14,1
Antonelli,Mercedes,Mexico City,24,110.4983728282795,94,48,65,0,13,1
Tsunoda,Red Bull Racing,Spa,11,324.2101172985953,89,2,42,9,16,1
Verstappen,Red Bull,Spa,25,83.24269720052067,80,81,62,11,8,1
Bortoleto,Sauber,Monza,4,246.94818187047258,76,30,22,9,8,0
Bearman,Haas,Sakhir,14,97.71728267645054,10,82,63,3,2,1
Albon,Williams,Barcelona,21,76.86034667232609,35,12,44,2,4,1
Tsunoda,Red Bull Racing,Sao Paulo,25,203.35275217742497,92,55,8,5,1,0
Hamilton,Ferrari,Austin,13,160.98804592280476,29,31,41,2,15,0
Lawson,Racing Bulls,Jeddah,4,285.61354718147356,60,71,60,11,2,0
Russel,Mercedes,Barcelona,12,139.9958482248488,81,83,25,5,5,1
Sainz,Williams,Silverstone,7,60.6743985756911,9,45,14,8,17,1
Hadjar,Racing Bulls,Sakhir,26,215.2769530773031,59,51,37,9,8,1
Gasly,Alpine,Barcelona,15,346.9575751321612,70,70,18,8,13,1
Sainz,Williams,Austin,25,182.60886524585726,2,48,17,8,20,1
Gasly,Alpine,Miami,25,280.9421730008345,34,31,28,6,4,0
Ocon,Haas,Imola,12,98.081361987393,88,59,39,5,3,1
Gasly,Alpine,Melbourne,5,260.80571802576424,52,46,16,9,6,0
Tsunoda,Red Bull Racing,Melbourne,8,247.0226724976729,71,43,45,10,17,1
Antonelli,Mercedes,Las Vegas,19,343.07662551319413,24,8,60,5,3,0
Colapinto,Alpine,Imola,26,309.498414738142,89,18,54,0,7,0
Russel,Mercedes,Shanghai,21,203.3335639694538,24,74,52,3,19,1
Antonelli,Mercedes,Jeddah,26,125.0369261249086,49,67,61,3,2,1
Stroll,Aston Martin,Imola,28,154.49943659095146,34,37,49,10,17,1
Verstappen,Red Bull,Spielberg,6,197.14671000100356,18,52,11,0,9,0
Norris,McLaren,Miami,19,56.75590897564731,69,41,28,11,9,1
Gasly,Alpine,Abu Dhabi,6,301.22723852248816,93,1,12,7,1,0
Tsunoda,Red Bull Racing,Suzuka,26,176.4227471060654,98,0,61,7,1,1
Antonelli,Mercedes,Lusail,27,277.65127885658626,37,5,2,9,18,1
Hulkenberg,Sauber,Abu Dhabi,12,92.46373358965646,79,42,27,11,14,1
Lawson,Racing Bulls,Spielberg,8,198.00316711264736,73,78,21,4,16,0
Norris,McLaren,Melbourne,16,289.74323669524415,79,54,23,5,5,0
Sainz,Williams,Las Vegas,25,74.86026957823863,83,57,51,1,12,1
Colapinto,Alpine,Las Vegas,25,306.5487357762903,64,66,31,4,2,0
Lawson,Racing Bulls,Spielberg,7,231.15734900266202,56,71,65,2,15,0
Colapinto,Alpine,Mexico City,25,184.69724952156434,16,86,49,7,7,0
Gasly,Alpine,Austin,15,300.5642330375037,18,3,65,1,5,0
Hadjar,Racing Bulls,Monza,8,58.629041222191205,5,58,52,10,4,1
Alonso,Aston Martin,Barcelona,1,316.1392202564141,6,83,31,8,17,1
Alonso,Aston Martin,Sao Paulo,15,81.49837746473551,25,35,33,4,16,1
Leclerc,Ferrari,Montreal,21,303.87346876561946,2,9,40,1,2,0
Russel,Mercedes,Baku,13,63.82798060406104,80,37,51,7,9,1
Verstappen,Red Bull,Shanghai,11,108.24398690006724,75,94,8,2,10,1
Albon,Williams,Austin,7,312.4644427059958,86,1,61,0,4,0
Norris,McLaren,Monaco,24,167.41519256103007,17,68,64,10,12,1
Verstappen,Red Bull,Lusail,26,319.99617527395515,85,34,53,10,8,1
Piastri,McLaren,Suzuka,14,123.70433692335789,88,90,54,11,18,1
Verstappen,Red Bull,Miami,3,182.12610449704385,81,90,55,2,2,0
Antonelli,Mercedes,Budapest,1,76.4891016510007,81,61,37,8,9,1
Sainz,Williams,Sakhir,27,263.7329093084404,99,77,15,3,16,1
Piastri,McLaren,Silverstone,4,266.78782488716445,11,98,57,1,9,0
Sainz,Williams,Sakhir,21,194.00757594345112,1,36,6,9,10,0
Colapinto,Alpine,Barcelona,22,103.13800868026391,13,62,12,0,16,1
Antonelli,Mercedes,Budapest,15,99.57428275845358,15,98,3,2,11,1
Hadjar,Racing Bulls,Abu Dhabi,27,268.11361823039533,3,66,55,10,2,1
Hamilton,Ferrari,Melbourne,23,255.23693775109737,19,90,45,7,11,1
Antonelli,Mercedes,Mexico City,16,322.471675481262,45,16,30,1,10,0
Stroll,Aston Martin,Miami,5,151.56768801969383,0,30,4,4,20,0
Verstappen,Red Bull,Mexico City,11,113.71644244786336,84,41,48,3,20,1
Leclerc,Ferrari,Spielberg,18,62.052646428761335,88,28,28,6,6,1
Leclerc,Ferrari,Budapest,19,256.0371328521571,67,15,5,3,18,1
Lawson,Racing Bulls,Barcelona,10,106.72238962057506,44,78,47,11,10,1
Norris,McLaren,Baku,24,188.90340852680632,61,35,18,8,3,0
Lawson,Racing Bulls,Mexico City,2,261.4397937226023,91,6,7,5,3,0
Stroll,Aston Martin,Spa,14,187.89844187148026,27,24,49,9,20,1
Colapinto,Alpine,Jeddah,10,349.6385408001151,92,40,9,4,7,0
Colapinto,Alpine,Sakhir,5,283.89451407668247,21,54,47,6,11,1
Bortoleto,Sauber,Lusail,2,214.85097722371717,5,44,41,8,8,0
Hamilton,Ferrari,Jeddah,1,245.80855748236831,4,74,10,1,13,1
Antonelli,Mercedes,Las Vegas,28,195.36359646060387,48,24,4,6,17,1
Bearman,Haas,Shanghai,14,340.9024399185356,60,43,18,2,11,0
Hamilton,Ferrari,Austin,21,114.72683429274116,84,29,18,1,12,1
Bortoleto,Sauber,Austin,21,330.1472494127842,48,81,52,5,17,1
Alonso,Aston Martin,Mexico City,12,283.23598474753305,78,31,28,11,14,1
Alonso,Aston Martin,Shanghai,25,158.31238582418118,97,85,56,11,19,1
Bortoleto,Sauber,Miami,27,235.39092073860235,39,47,43,9,8,1
Tsunoda,Red Bull Racing,Suzuka,29,345.1886856194928,66,8,63,4,20,1
Leclerc,Ferrari,Lusail,7,136.8230261707347,26,23,41,1,7,1
Bearman,Haas,Lusail,4,249.85118058805796,11,89,45,1,1,0
Bortoleto,Sauber,Melbourne,5,294.76277403264277,62,60,39,11,11,1
Bearman,Haas,Miami,21,98.5460242906242,84,55,52,0,17,1
Hamilton,Ferrari,Las Vegas,20,325.4029374978168,83,66,51,5,10,0
Antonelli,Mercedes,Suzuka,23,294.6451634517103,13,65,52,7,9,0
Piastri,McLaren,Abu Dhabi,26,280.57698729519916,18,83,24,5,6,0
Stroll,Aston Martin,Mexico City,8,199.33532700496303,57,34,22,3,19,0
Ocon,Haas,Shanghai,12,211.9266071720829,37,71,31,10,12,1
Norris,McLaren,Spielberg,11,50.35876245470805,55,37,58,10,2,1
Sainz,Williams,Jeddah,13,311.33219803029607,98,65,12,11,18,1
Bearman,Haas,Barcelona,27,173.67311976288985,83,25,45,10,2,1
Sainz,Williams,Spa,2,338.88303141548494,33,15,46,0,7,0
Stroll,Aston Martin,Montreal,23,232.13343797878076,75,42,50,1,7,0
Gasly,Alpine,Spa,14,317.2820463935715,54,25,42,6,7,0
Antonelli,Mercedes,Singapore,17,81.64791829353913,31,79,24,11,11,1
Verstappen,Red Bull,Monaco,20,132.54857883052946,47,92,22,3,13,1
Verstappen,Red Bull,Sakhir,9,216.76669366000792,66,36,17,1,10,0
Antonelli,Mercedes,Barcelona,8,182.70209964815282,90,87,10,10,5,0
Leclerc,Ferrari,Abu Dhabi,2,153.55272952579242,38,10,11,7,19,1
Gasly,Alpine,Sakhir,29,154.2887138939217,29,65,9,3,16,1
Bearman,Haas,Sakhir,10,137.983893587098,21,89,53,0,1,1
Ocon,Haas,Suzuka,14,155.84136860460174,57,80,30,8,3,0
Sainz,Williams,Abu Dhabi,10,204.62252981780355,68,22,1,1,15,0
Tsunoda,Red Bull Racing,Sao Paulo,3,241.94988637569304,24,0,11,4,10,0
Colapinto,Alpine,Spielberg,26,139.96393835096623,47,27,29,5,3,1
Leclerc,Ferrari,Melbourne,6,165.8966718446431,83,92,21,9,12,1
Norris,McLaren,Miami,5,177.34258286000744,83,16,11,4,10,0
Hadjar,Racing Bulls,Miami,2,143.52691360483868,94,10,13,1,6,1
Bearman,Haas,Suzuka,7,154.97730273823382,45,40,9,8,13,1
Stroll,Aston Martin,Sao Paulo,2,302.4919384515841,79,6,20,9,10,0
Hamilton,Ferrari,Singapore,12,255.2411197267714,5,39,59,3,1,0
Bearman,Haas,Sakhir,2,202.17378233102554,24,59,6,0,14,0
Antonelli,Mercedes,Spielberg,27,344.0207116017431,74,86,30,0,16,1
Antonelli,Mercedes,Austin,2,251.7441508553327,28,81,4,4,18,0
Norris,McLaren,Miami,22,307.62337356489684,59,14,21,2,19,1
Hadjar,Racing Bulls,Sakhir,28,251.26993766068526,28,76,57,10,18,1
Norris,McLaren,Miami,1,182.26776906879832,67,40,58,11,16,1
Antonelli,Mercedes,Montreal,8,94.99269280847938,19,78,46,7,3,1
Alonso,Aston Martin,Melbourne,27,111.30388564652242,33,41,61,3,5,1
Hadjar,Racing Bulls,Monaco,20,160.20420191118458,72,38,36,8,10,0
Alonso,Aston Martin,Monaco,24,289.13218818260515,85,98,9,1,17,1
Colapinto,Alpine,Singapore,27,86.55460276452459,9,44,65,5,2,1
Alonso,Aston Martin,Sao Paulo,3,238.0165624294593,79,97,63,3,10,0
Russel,Mercedes,Sao Paulo,25,123.21212685479527,25,27,7,11,10,1
Lawson,Racing Bulls,Mexico City,6,247.03525962240596,86,46,26,11,8,0
Antonelli,Mercedes,Las Vegas,21,133.56596881670364,29,2,25,1,3,1
Norris,McLaren,Silverstone,0,315.3662664447527,29,94,59,5,18,0
Leclerc,Ferrari,Imola,24,268.393742318964,68,96,57,9,20,1
Hadjar,Racing Bulls,Las Vegas,5,261.9750173724242,72,23,65,3,1,0
Leclerc,Ferrari,Melbourne,4,282.0141498934671,70,93,65,6,11,1
Sainz,Williams,Zandvoort,15,260.40294808764895,78,33,44,9,16,1
Sainz,Williams,Silverstone,18,237.25035776077544,88,80,56,9,1,0
Tsunoda,Red Bull Racing,Monaco,12,209.92525706705945,50,47,23,3,8,0
Bearman,Haas,Suzuka,22,173.49595620828876,24,55,15,3,16,1
Hulkenberg,Sauber,Austin,25,266.2508627924827,69,27,17,6,16,1
Stroll,Aston Martin,Sao Paulo,13,128.58016320615127,42,83,22,6,15,1
Bortoleto,Sauber,Shanghai,18,156.28390497479734,57,14,29,7,16,1
Leclerc,Ferrari,Lusail,28,115.42599300504635,7,99,24,4,19,1
Stroll,Aston Martin,Silverstone,5,334.79477254989297,71,19,28,2,19,0
Hulkenberg,Sauber,Abu Dhabi,18,315.30059764064464,3,20,24,11,16,1
Russel,Mercedes,Jeddah,10,110.79992293015492,86,9,46,8,10,1
Antonelli,Mercedes,Austin,5,185.78861778706272,45,90,38,5,5,0
Piastri,McLaren,Shanghai,22,99.9110112484976,36,13,51,1,19,1
Leclerc,Ferrari,Lusail,15,160.65833365174024,49,64,52,11,19,1
Russel,Mercedes,Mexico City,4,339.84521308284457,49,72,2,5,5,0
Tsunoda,Red Bull Racing,Mexico City,8,51.97456509119438,89,7,38,9,12,1
Hulkenberg,Sauber,Silverstone,26,323.93590510885366,75,25,4,8,7,1
Colapinto,Alpine,Lusail,17,51.07654328931006,53,1,40,9,10,1
Gasly,Alpine,Miami,25,204.46529674533915,39,28,48,8,15,1
Bearman,Haas,Jeddah,24,68.58579454573976,76,92,20,3,4,1
Alonso,Aston Martin,Mexico City,14,246.61152126109081,16,39,6,5,14,0
Ocon,Haas,Barcelona,17,233.21905263870434,11,34,5,9,3,0
Lawson,Racing Bulls,Sakhir,22,335.51575837192735,81,81,26,6,4,0
Antonelli,Mercedes,Shanghai,20,89.1632588949584,82,9,58,9,2,1
Albon,Williams,Montreal,14,108.97608789955434,47,16,54,10,2,1
Bortoleto,Sauber,Lusail,5,301.15521866841067,25,16,23,5,8,0
Hulkenberg,Sauber,Zandvoort,8,333.41216761670654,16,88,26,8,19,1
Gasly,Alpine,Miami,0,179.6120886867809,27,75,5,11,9,0
Lawson,Racing Bulls,Las Vegas,28,61.69194394620349,43,98,14,4,9,1
Alonso,Aston Martin,Imola,9,179.5020783118221,80,73,13,5,9,0
Verstappen,Red Bull,Monaco,22,218.3159204780593,29,74,64,3,9,0
Hulkenberg,Sauber,Spa,0,144.29983580893312,59,28,21,4,4,1
Bortoleto,Sauber,Spielberg,9,334.1426049399408,27,41,61,6,6,0
Alonso,Aston Martin,Sao Paulo,24,143.4303851716172,38,85,8,0,6,1
Bearman,Haas,Austin,23,70.69315647841444,63,39,13,0,12,1
Hadjar,Racing Bulls,Jeddah,1,208.20873319028635,6,45,7,3,1,0
Bearman,Haas,Baku,8,198.4824796673857,88,19,32,8,6,0
Antonelli,Mercedes,Silverstone,11,334.3249581469471,23,98,59,9,16,1
Russel,Mercedes,Baku,21,334.9639961239685,71,2,60,4,19,1
Verstappen,Red Bull,Melbourne,28,314.6792099742724,22,50,54,4,2,0
Alonso,Aston Martin,Sao Paulo,21,128.33965110634568,34,60,63,10,2,1
Bortoleto,Sauber,Singapore,29,287.85163833581043,60,47,51,5,8,0
Hamilton,Ferrari,Barcelona,8,229.59483471399162,85,73,13,1,2,0
Ocon,Haas,Lusail,28,230.5393995526293,54,32,58,1,12,1
Hulkenberg,Sauber,Sakhir,16,343.24439746801943,55,68,42,3,13,1
Leclerc,Ferrari,Silverstone,29,273.90210552980733,98,69,47,0,15,1
Colapinto,Alpine,Silverstone,23,349.4948024651776,91,52,1,11,19,1
Sainz,Williams,Budapest,12,78.2173705526945,67,4,16,2,18,1
Hulkenberg,Sauber,Budapest,24,95.4592096814811,11,86,13,3,11,1
Lawson,Racing Bulls,Abu Dhabi,19,321.68063740528163,87,42,34,5,15,1
Gasly,Alpine,Austin,28,149.77290887652458,20,92,40,6,8,1
Antonelli,Mercedes,Las Vegas,23,100.65860824409692,0,31,46,7,15,1
Russel,Mercedes,Imola,0,143.17002783068008,59,49,24,5,16,1
Lawson,Racing Bulls,Shanghai,29,246.34362966674655,68,40,36,10,17,1
Hulkenberg,Sauber,Spielberg,29,136.6145949882716,56,15,46,9,10,1
Bearman,Haas,Mexico City,1,111.38698258654188,34,33,17,8,19,1
Hadjar,Racing Bulls,Melbourne,10,60.8284744348051,51,52,55,11,3,1
Leclerc,Ferrari,Austin,21,190.565882542002,55,85,41,7,20,1
Albon,Williams,Austin,7,234.41945595147448,66,14,50,1,9,0
Lawson,Racing Bulls,Austin,17,162.80722034568558,41,29,33,9,1,0
Tsunoda,Red Bull Racing,Melbourne,7,131.30071572600033,62,44,64,10,19,1
Bortoleto,Sauber,Sakhir,12,149.17671922791564,58,47,34,11,4,1
Piastri,McLaren,Monza,25,162.98008612472017,70,49,40,3,14,1
Russel,Mercedes,Mexico City,1,154.96708734228505,65,55,16,5,6,0
Lawson,Racing Bulls,Shanghai,15,328.820803466868,33,47,47,0,2,0
Antonelli,Mercedes,Spa,13,131.2089592193306,17,61,2,8,2,1
Stroll,Aston Martin,Sao Paulo,14,321.95786836307906,52,56,31,1,7,0
Hamilton,Ferrari,Abu Dhabi,0,143.66965968379995,49,40,38,8,18,1
Hulkenberg,Sauber,Abu Dhabi,13,306.77970309963155,57,27,3,3,18,0
Antonelli,Mercedes,Montreal,17,97.88549621309107,31,6,62,10,14,1
Russel,Mercedes,Las Vegas,6,304.55807308550885,93,24,59,11,3,0
Tsunoda,Red Bull Racing,Shanghai,2,59.770248197357155,67,95,24,11,10,1
Stroll,Aston Martin,Sakhir,1,305.48406276725194,8,3,61,0,1,0
Antonelli,Mercedes,Abu Dhabi,7,261.426472094925,53,16,21,6,11,1
Bortoleto,Sauber,Monaco,8,120.7883397747193,84,1,1,1,11,1
Bearman,Haas,Suzuka,13,291.28867898170364,86,22,42,11,5,0
Lawson,Racing Bulls,Singapore,2,136.83582734768896,17,41,15,0,1,1
Bortoleto,Sauber,Silverstone,3,114.59795302186392,70,34,29,11,1,1
Norris,McLaren,Abu Dhabi,0,211.9550846240793,98,56,20,3,1,0
Lawson,Racing Bulls,Budapest,19,71.94275913723686,14,77,39,6,18,1
Hadjar,Racing Bulls,Melbourne,29,75.74641539556049,72,55,49,1,15,1
Tsunoda,Red Bull Racing,Spielberg,18,186.4598876398217,62,49,59,4,11,1
Tsunoda,Red Bull Racing,Zandvoort,28,167.64677147531384,55,23,43,4,20,1
Piastri,McLaren,Shanghai,2,90.50140656663007,54,82,53,2,9,1
Leclerc,Ferrari,Sakhir,14,274.8196025598106,6,10,40,11,9,0
Hadjar,Racing Bulls,Monza,3,200.33043098258088,12,14,10,5,9,0
Bortoleto,Sauber,Monaco,3,94.31634802368792,5,26,3,9,12,1
Norris,McLaren,Barcelona,12,188.86418670228667,66,26,16,1,19,0
Hulkenberg,Sauber,Monaco,13,288.49399974032275,61,5,25,8,11,1
Sainz,Williams,Silverstone,28,167.36195791235343,9,25,19,7,4,1
Bearman,Haas,Silverstone,4,224.98552375035962,74,72,10,11,9,0
Sainz,Williams,Las Vegas,29,75.09254660705963,3,16,21,10,9,1
Bortoleto,Sauber,Montreal,28,300.06481160900313,54,73,32,1,12,1
Stroll,Aston Martin,Sao Paulo,12,269.4322205456648,9,71,63,0,11,1
Piastri,McLaren,Miami,4,349.18835676480086,82,98,55,6,13,1
Verstappen,Red Bull,Barcelona,11,345.41685404664406,46,9,19,4,14,0
Lawson,Racing Bulls,Monza,26,229.6081795141006,95,4,63,10,9,1
Albon,Williams,Budapest,8,145.1531278842641,16,31,64,5,8,1
Verstappen,Red Bull,Baku,9,188.5326802162193,60,69,37,11,2,0
Colapinto,Alpine,Abu Dhabi,3,241.3301510019043,44,80,63,0,1,0
Hulkenberg,Sauber,Las Vegas,27,348.4215665553035,41,39,48,1,14,1
Bortoleto,Sauber,Monza,19,217.34803326604862,77,58,21,3,6,0
Stroll,Aston Martin,Zandvoort,11,158.6391417390241,63,72,40,0,17,0
Tsunoda,Red Bull Racing,Austin,5,270.1002465255526,77,41,5,5,1,0
Antonelli,Mercedes,Sakhir,1,280.6219451442585,67,62,63,8,1,0
Russel,Mercedes,Imola,16,90.2516056617023,73,3,42,0,6,1
Hadjar,Racing Bulls,Imola,4,274.8471896624829,96,42,55,7,18,1
Hulkenberg,Sauber,Imola,5,156.56125627137962,42,76,49,4,17,0
Antonelli,Mercedes,Spielberg,15,250.65386189430137,74,6,27,11,5,0
Gasly,Alpine,Melbourne,21,167.3739346691892,21,67,28,5,1,0
Gasly,Alpine,Budapest,23,160.0894934721722,65,73,6,6,11,1
Stroll,Aston Martin,Montreal,17,347.94137719901823,13,91,18,10,17,1
Piastri,McLaren,Spielberg,12,76.54677203844516,19,31,49,6,16,1
Hadjar,Racing Bulls,Shanghai,6,155.36074519892898,90,3,2,11,1,0
Alonso,Aston Martin,Las Vegas,12,270.6046130595876,68,67,38,6,2,0
Norris,McLaren,Austin,27,214.23516789375685,62,99,62,7,6,1
Hulkenberg,Sauber,Spielberg,23,338.4103721927895,80,75,61,4,9,0
Lawson,Racing Bulls,Lusail,17,263.50733282891457,44,30,54,4,19,1
Gasly,Alpine,Lusail,5,129.9925470178685,77,48,61,11,12,1
Stroll,Aston Martin,Sao Paulo,26,78.9337738300124,0,76,65,1,17,1
Alonso,Aston Martin,Montreal,23,88.25342247084828,28,29,51,8,1,1
Bearman,Haas,Budapest,6,229.35917347972585,36,48,8,1,5,0
Tsunoda,Red Bull Racing,Jeddah,15,283.8887178868805,26,12,31,1,8,0
Hamilton,Ferrari,Zandvoort,12,187.91579458972726,58,82,7,6,15,1
Sainz,Williams,Silverstone,7,308.6409178340264,22,69,21,8,4,0
Leclerc,Ferrari,Las Vegas,11,113.08903126608332,78,58,63,7,8,1
Antonelli,Mercedes,Jeddah,27,324.4058795271011,61,43,2,5,13,1
Hamilton,Ferrari,Mexico City,18,130.23633854981247,89,20,26,1,16,1
Piastri,McLaren,Monaco,22,110.95278073870988,71,83,48,5,2,1
Leclerc,Ferrari,Las Vegas,24,103.24738116913663,55,39,56,5,16,1
Hadjar,Racing Bulls,Shanghai,25,185.22849300635863,33,65,28,5,5,0
Norris,McLaren,Jeddah,20,56.24561997764367,92,75,14,8,6,1
Norris,McLaren,Zandvoort,8,334.85200740979224,21,46,21,7,11,1
Bearman,Haas,Imola,18,158.94506689494395,68,92,10,5,11,1
Leclerc,Ferrari,Budapest,0,196.33961667048948,95,41,38,5,18,0
Albon,Williams,Abu Dhabi,9,85.87500813492372,82,27,14,9,2,1
Lawson,Racing Bulls,Barcelona,5,188.0197679008936,41,66,7,0,13,0
Colapinto,Alpine,Jeddah,23,259.3314523222047,78,90,4,11,4,0
Hamilton,Ferrari,Montreal,28,217.3828160833888,33,2,65,11,16,1
Russel,Mercedes,Abu Dhabi,8,179.41226018631784,91,7,39,6,6,0
Tsunoda,Red Bull Racing,Miami,4,183.48830098541706,42,86,64,11,3,0
Bearman,Haas,Las Vegas,4,308.79788436244974,67,86,28,2,18,0
Sainz,Williams,Silverstone,15,99.26220027555829,57,26,14,8,18,1
Russel,Mercedes,Imola,23,103.58564138152138,83,23,59,10,17,1
Gasly,Alpine,Miami,17,51.32405085618874,55,7,14,11,4,1
Tsunoda,Red Bull Racing,Mexico City,8,246.43780319756775,33,68,27,2,4,0
Hadjar,Racing Bulls,Miami,8,189.08056159887593,13,15,61,10,14,1
Albon,Williams,Montreal,13,133.3347849760808,34,14,15,7,14,1
Antonelli,Mercedes,Barcelona,14,328.4555030772017,37,2,32,5,18,0
Bearman,Haas,Monza,0,216.8114099137062,72,33,10,7,2,0
Antonelli,Mercedes,Jeddah,22,121.72228393396016,28,61,43,8,16,1
Gasly,Alpine,Jeddah,28,305.57469815752927,55,60,57,11,8,1
Leclerc,Ferrari,Abu Dhabi,23,313.56912617749407,5,1,30,9,6,0
Colapinto,Alpine,Shanghai,22,347.31139677442826,59,33,41,10,8,0
Verstappen,Red Bull,Miami,2,144.96612718772633,21,77,10,3,13,1
Alonso,Aston Martin,Lusail,29,177.4923883191756,74,62,62,3,5,0
Leclerc,Ferrari,Spielberg,22,195.39845669879014,10,73,52,2,12,1
Lawson,Racing Bulls,Sao Paulo,8,232.27635887554248,11,41,28,5,9,0
Ocon,Haas,Spa,11,339.2998035069327,32,66,37,0,10,0
Russel,Mercedes,Silverstone,12,169.8121793999936,98,61,61,6,20,1
Hadjar,Racing Bulls,Baku,11,206.98922943732748,0,8,21,4,14,0
Stroll,Aston Martin,Las Vegas,26,319.45578760228653,7,65,26,11,19,1
Tsunoda,Red Bull Racing,Abu Dhabi,5,148.0844008193806,23,4,50,0,17,1
Lawson,Racing Bulls,Baku,21,199.5918729182127,74,51,48,9,7,0
Alonso,Aston Martin,Silverstone,3,152.99344407084718,65,82,26,2,9,0
Lawson,Racing Bulls,Abu Dhabi,19,181.27007394219265,85,49,37,7,15,1
Sainz,Williams,Austin,22,333.3361057219603,91,66,61,2,4,0
Hulkenberg,Sauber,Miami,1,249.55290117323233,29,59,11,5,5,0
Hulkenberg,Sauber,Austin,25,290.3159843693066,49,44,10,4,13,1
Antonelli,Mercedes,Lusail,2,175.68128783704236,6,54,22,1,15,0
Gasly,Alpine,Sao Paulo,19,285.5588595125711,98,93,40,9,16,1
Bortoleto,Sauber,Spa,3,270.1312499010721,92,51,63,5,14,0
Lawson,Racing Bulls,Spa,18,176.49859714630836,14,86,63,11,10,0
Bearman,Haas,Las Vegas,13,188.7173430172526,85,91,31,11,10,0
Lawson,Racing Bulls,Lusail,21,189.23285677548776,18,39,27,4,9,0
Tsunoda,Red Bull Racing,Monza,22,79.10700822303014,0,78,49,8,9,1
Bortoleto,Sauber,Mexico City,24,95.63208658691622,98,94,15,8,17,1
Hulkenberg,Sauber,Las Vegas,27,195.00992392023616,31,14,36,4,6,0
Stroll,Aston Martin,Zandvoort,22,125.06922215904895,69,56,34,7,1,1
Piastri,McLaren,Austin,5,201.98525055842285,38,95,43,2,6,0
Hulkenberg,Sauber,Spielberg,19,119.44562367428436,27,20,58,2,20,1
Norris,McLaren,Miami,18,65.39535448680522,67,90,40,8,3,1
Norris,McLaren,Miami,26,273.2432917869388,67,77,48,11,4,1
Russel,Mercedes,Imola,22,141.9910835444852,59,62,49,9,20,1
Russel,Mercedes,Lusail,16,114.9553657173226,84,63,53,3,8,1
Hadjar,Racing Bulls,Austin,7,331.8182374517148,72,73,8,11,13,1
Tsunoda,Red Bull Racing,Singapore,0,142.39323339767057,18,22,18,11,2,1
Hadjar,Racing Bulls,Sakhir,28,342.36183692650695,28,32,4,7,16,1
Tsunoda,Red Bull Racing,Spielberg,28,51.22128857095031,84,16,26,0,16,1
Sainz,Williams,Imola,19,190.28267073223262,47,20,7,4,20,1
Hadjar,Racing Bulls,Lusail,8,140.67335378171867,2,89,60,10,16,1
Colapinto,Alpine,Monaco,26,287.6310569067742,22,40,34,8,13,1
Russel,Mercedes,Silverstone,28,88.77124444172253,28,59,39,0,10,1
Hamilton,Ferrari,Lusail,0,325.1784660790973,84,39,18,8,8,0
Sainz,Williams,Spielberg,8,283.63357126985983,0,47,51,0,7,0
Hamilton,Ferrari,Mexico City,3,94.50907642327323,68,5,40,7,20,1
Stroll,Aston Martin,Baku,19,182.75985440849968,94,27,25,8,5,0
Verstappen,Red Bull,Sakhir,16,230.79331336664117,62,41,23,1,9,0
Ocon,Haas,Spielberg,0,310.50035720848877,4,40,65,5,3,0
Leclerc,Ferrari,Monaco,22,250.50167083972525,55,48,19,9,5,0
Ocon,Haas,Spa,5,266.3433393843341,80,53,15,2,2,0
Russel,Mercedes,Jeddah,14,173.1708415961916,17,18,39,10,16,1
Albon,Williams,Austin,6,157.60698334179514,32,82,47,0,4,0
Colapinto,Alpine,Budapest,15,323.7360490965831,49,49,3,10,13,1
Colapinto,Alpine,Miami,22,316.38615239855,68,73,43,4,5,0
Russel,Mercedes,Suzuka,27,275.0958977374612,7,72,21,3,18,1
Norris,McLaren,Spa,2,320.25902820648673,70,80,65,11,17,1
Alonso,Aston Martin,Singapore,7,257.05505310680473,29,3,57,6,16,1
Albon,Williams,Sao Paulo,6,161.3309880957848,63,20,8,8,6,0
Gasly,Alpine,Singapore,1,134.25834919764102,89,40,43,4,14,1
Sainz,Williams,Sakhir,18,219.5642365701324,34,20,16,6,10,0
Antonelli,Mercedes,Melbourne,7,101.07921147666107,99,41,54,8,16,1
Lawson,Racing Bulls,Monaco,18,77.38170510973949,1,34,17,6,8,1
Sainz,Williams,Miami,25,229.25213148460625,92,98,35,8,10,0
Stroll,Aston Martin,Spielberg,15,281.3151392698201,20,75,25,6,20,1
Alonso,Aston Martin,Las Vegas,6,162.6463747555289,55,21,10,11,18,1
Leclerc,Ferrari,Jeddah,25,119.14749957716273,8,18,15,11,13,1
Norris,McLaren,Mexico City,5,200.12487116947418,91,97,12,1,5,0
Leclerc,Ferrari,Singapore,26,302.04930317227627,82,68,16,10,2,1
Hamilton,Ferrari,Austin,8,51.54560713845374,73,67,61,3,15,1
Alonso,Aston Martin,Jeddah,24,224.049066393609,94,61,34,2,4,0
Bearman,Haas,Imola,25,226.5669172845945,78,81,37,9,8,0
Bearman,Haas,Austin,29,56.884453086279294,30,70,43,4,3,1
Colapinto,Alpine,Imola,5,166.7814854870603,44,48,28,2,2,0
Antonelli,Mercedes,Baku,5,220.66111427179206,38,12,55,0,9,0
Hadjar,Racing Bulls,Jeddah,10,154.69156255126902,95,29,47,3,6,0
Sainz,Williams,Sakhir,28,136.2989517935522,25,88,48,3,1,1
Antonelli,Mercedes,Montreal,11,138.35329440805742,8,38,19,1,6,1
Gasly,Alpine,Suzuka,21,194.15588006544496,59,55,23,7,6,0
Hamilton,Ferrari,Budapest,2,129.43443580102235,24,13,29,8,12,1
Antonelli,Mercedes,Austin,19,118.74671193484437,23,23,37,8,2,1
Norris,McLaren,Zandvoort,17,179.2240572508891,3,81,2,2,16,1
Albon,Williams,Austin,23,98.5530669965754,9,47,62,6,15,1
Ocon,Haas,Imola,16,103.71432544178103,25,10,44,5,10,1
Albon,Williams,Monza,10,216.99955387879535,92,24,31,2,3,0
Leclerc,Ferrari,Shanghai,28,128.0743156284078,9,22,16,8,1,1
Colapinto,Alpine,Las Vegas,25,334.6259038379257,0,84,8,0,3,1
Stroll,Aston Martin,Spa,18,192.22486191292592,13,66,11,2,4,0
Verstappen,Red Bull,Imola,7,215.99550816390786,11,72,1,9,20,1
Lawson,Racing Bulls,Austin,21,110.85601854632068,11,46,58,10,7,1
Lawson,Racing Bulls,Spielberg,4,343.98940578666094,37,73,34,9,2,0
Hadjar,Racing Bulls,Spa,0,221.20876198449986,75,66,24,7,16,1
Stroll,Aston Martin,Spielberg,7,198.65788761888965,82,21,33,0,15,0
Verstappen,Red Bull,Silverstone,18,196.1359735375363,9,54,24,7,8,0
Piastri,McLaren,Montreal,25,204.3491828731614,84,80,58,2,8,0
Bearman,Haas,Monza,1,323.95687120797317,0,23,22,1,20,0
Ocon,Haas,Spielberg,2,51.19071525443798,78,7,19,8,14,1
Piastri,McLaren,Barcelona,20,304.21379407810065,82,18,17,11,3,0
Alonso,Aston Martin,Monza,9,95.68966500385694,26,47,19,9,12,1
Tsunoda,Red Bull Racing,Silverstone,18,121.66899097236958,27,59,15,10,8,1
Lawson,Racing Bulls,Silverstone,4,227.27359743985417,26,69,48,6,14,1
Verstappen,Red Bull,Barcelona,8,245.27818806526423,11,17,34,1,12,0
Hulkenberg,Sauber,Monaco,17,130.67365987160105,54,63,10,8,2,1
Lawson,Racing Bulls,Silverstone,28,174.48240564090773,26,89,61,7,12,1
Bortoleto,Sauber,Abu Dhabi,10,256.08515769844513,83,74,2,3,18,0
Piastri,McLaren,Sakhir,21,130.86311924648825,97,12,35,1,5,1
Gasly,Alpine,Lusail,4,206.16053343410292,22,0,65,9,18,1
Russel,Mercedes,Austin,16,109.8299993951062,13,88,25,10,16,1
Hadjar,Racing Bulls,Zandvoort,28,99.83097605305746,50,54,11,6,2,1
Stroll,Aston Martin,Jeddah,29,273.38668106523227,81,36,60,7,15,1
Norris,McLaren,Shanghai,3,327.03169364653434,62,86,36,0,13,0
Leclerc,Ferrari,Abu Dhabi,26,213.23950027969062,88,23,14,10,13,1
Piastri,McLaren,Las Vegas,25,322.3973384362972,1,82,63,3,10,1
Lawson,Racing Bulls,Monza,17,270.53786807761225,50,88,48,1,8,0
Antonelli,Mercedes,Melbourne,6,234.78069123798238,5,21,47,11,11,1
Gasly,Alpine,Monaco,25,111.76077954595048,0,61,56,2,19,1
Hulkenberg,Sauber,Las Vegas,15,156.12471104018374,65,58,27,7,11,1
Bortoleto,Sauber,Sao Paulo,9,279.0303872076068,62,44,8,9,10,0
Alonso,Aston Martin,Austin,20,239.7173471823521,5,15,60,7,5,0
Gasly,Alpine,Spielberg,13,121.8287188764841,88,44,62,6,1,1
Ocon,Haas,Zandvoort,21,185.17078413104733,88,6,38,1,4,0
Hamilton,Ferrari,Singapore,5,278.7141752924881,42,25,62,10,8,0
Albon,Williams,Miami,0,348.5737616751961,42,81,42,7,19,1
Gasly,Alpine,Monza,23,326.3758373021574,53,90,57,1,19,1
Sainz,Williams,Las Vegas,9,289.6605943055078,96,75,35,7,18,1
Piastri,McLaren,Las Vegas,6,212.54269892740186,89,77,40,6,17,1
Alonso,Aston Martin,Barcelona,25,170.15504271008396,24,22,32,0,18,1
Norris,McLaren,Budapest,10,326.1396253718094,57,7,22,11,2,0
Russel,Mercedes,Las Vegas,4,302.44331678890626,24,71,60,0,2,0
Bearman,Haas,Zandvoort,4,202.7503894271336,77,18,27,10,16,1
Hamilton,Ferrari,Spielberg,17,344.7944689361659,93,75,8,3,7,0
Stroll,Aston Martin,Zandvoort,10,319.66726790227295,57,26,37,10,11,1
Gasly,Alpine,Baku,13,146.92558276328376,7,49,32,9,1,1
Bearman,Haas,Lusail,8,220.7487598917373,34,12,18,1,6,0
Colapinto,Alpine,Miami,28,281.6115812725889,17,91,8,9,11,1
Sainz,Williams,Spa,2,108.96295466674607,89,44,47,4,11,1
Ocon,Haas,Jeddah,28,155.35420190843422,23,83,7,6,12,1
Colapinto,Alpine,Monaco,20,283.800541429592,2,72,22,0,18,1
Leclerc,Ferrari,Mexico City,19,110.99536140886957,90,77,14,7,14,1
Alonso,Aston Martin,Melbourne,19,200.69274254207437,74,23,63,11,17,1
Hadjar,Racing Bulls,Sao Paulo,26,257.57978928943766,12,26,32,10,6,1
Antonelli,Mercedes,Spielberg,8,264.44122818598635,42,63,60,4,18,0
Ocon,Haas,Las Vegas,23,191.21469727073912,94,33,8,9,3,0
Tsunoda,Red Bull Racing,Barcelona,25,160.07255992972696,66,30,22,1,8,0
Hamilton,Ferrari,Montreal,15,177.99745715672296,11,5,16,1,19,0
Bearman,Haas,Miami,8,169.36432589568628,65,53,5,3,14,0
Hulkenberg,Sauber,Las Vegas,21,343.1354296604834,13,36,6,3,9,0
Antonelli,Mercedes,Mexico City,16,322.471675481262,45,16,30,1,10,0
Colapinto,Alpine,Shanghai,22,347.31139677442826,59,33,41,10,8,0
Colapinto,Alpine,Spielberg,2,263.94803954941096,46,0,28,9,2,0
Ocon,Haas,Lusail,6,308.8968561231722,81,35,47,1,4,0
Russel,Mercedes,Spielberg,25,194.72617979212157,21,89,55,4,8,0
Bortoleto,Sauber,Jeddah,15,262.9598517325092,42,96,5,1,14,0
Bearman,Haas,Shanghai,14,340.9024399185356,60,43,18,2,11,0
Russel,Mercedes,Barcelona,3,173.5339440515446,63,68,43,9,2,0
Piastri,McLaren,Austin,18,214.34840435847244,74,85,35,11,4,0
Antonelli,Mercedes,Budapest,8,230.08933630195924,56,95,61,0,4,0
Ocon,Haas,Shanghai,1,234.97813631214964,13,64,33,1,14,0
Bortoleto,Sauber,Silverstone,23,159.16937899417067,63,62,41,9,9,0
Antonelli,Mercedes,Mexico City,11,223.80646854190135,72,27,11,4,12,0
Alonso,Aston Martin,Spa,3,230.49340218020632,5,12,59,4,20,0
Ocon,Haas,Mexico City,15,234.6407146210359,28,67,18,3,1,0
Bortoleto,Sauber,Silverstone,20,203.364865954307,76,26,25,2,4,0
Bortoleto,Sauber,Imola,6,180.11263955051044,64,86,23,2,6,0
Hamilton,Ferrari,Montreal,6,181.5058647167785,31,77,21,9,5,0
Hulkenberg,Sauber,Monza,22,164.72885035418565,7,20,15,4,10,0
Lawson,Racing Bulls,Spielberg,27,182.4996419428544,36,64,14,0,5,0
Bortoleto,Sauber,Jeddah,0,263.3939550697225,70,37,10,4,19,0
Tsunoda,Red Bull Racing,Budapest,3,154.60999278729594,1,46,47,5,20,0
Piastri,McLaren,Barcelona,9,225.7563298601591,77,76,2,1,8,0
Sainz,Williams,Abu Dhabi,10,204.62252981780355,68,22,1,1,15,0
Bortoleto,Sauber,Monza,19,217.34803326604862,77,58,21,3,6,0
Stroll,Aston Martin,Sakhir,1,305.48406276725194,8,3,61,0,1,0
Bearman,Haas,Mexico City,10,244.35598681418105,0,97,52,2,5,0
Albon,Williams,Melbourne,5,241.50313054112087,64,9,47,2,8,0
Alonso,Aston Martin,Monaco,3,195.1873446157372,14,74,45,2,2,0
Colapinto,Alpine,Spielberg,19,314.0552523196135,37,0,61,5,4,0
Russel,Mercedes,Mexico City,1,154.96708734228505,65,55,16,5,6,0
Antonelli,Mercedes,Monaco,10,346.73020517713513,44,5,43,2,10,0
Hadjar,Racing Bulls,Sao Paulo,4,293.9504273137536,26,67,51,2,18,0
Antonelli,Mercedes,Sakhir,14,272.3768284789914,36,71,43,5,9,0
Russel,Mercedes,Mexico City,1,154.96708734228505,65,55,16,5,6,0
Russel,Mercedes,Imola,14,231.67242623604687,12,69,12,7,4,0
Hamilton,Ferrari,Spa,4,152.78424262087717,30,82,36,0,3,0
Russel,Mercedes,Las Vegas,6,153.860949407735,71,81,21,11,10,0
Hadjar,Racing Bulls,Las Vegas,13,155.7171812633224,23,75,37,8,9,0
Albon,Williams,Silverstone,24,200.26718973855455,7,5,43,9,1,0
Sainz,Williams,Zandvoort,11,194.87709395705252,73,97,55,2,13,0
Colapinto,Alpine,Mexico City,20,240.858596721815,49,79,38,7,2,0
Norris,McLaren,Montreal,2,189.95795497249716,39,72,59,9,9,0
Stroll,Aston Martin,Sakhir,15,325.3280764088215,75,88,53,2,20,0
Lawson,Racing Bulls,Las Vegas,14,242.88818643462156,49,26,62,5,11,0
Colapinto,Alpine,Melbourne,20,308.4469240785383,62,57,11,0,6,0
Sainz,Williams,Imola,21,331.46657219302466,31,48,65,5,8,0
Tsunoda,Red Bull Racing,Budapest,3,154.60999278729594,1,46,47,5,20,0
Antonelli,Mercedes,Suzuka,12,154.5692895523675,75,74,40,5,12,0
Hadjar,Racing Bulls,Lusail,8,218.4636107856892,1,33,6,2,5,0
Hulkenberg,Sauber,Monza,19,272.31668958396807,68,30,10,9,1,0
Verstappen,Red Bull,Melbourne,9,299.20584011272064,84,74,34,6,3,0
Stroll,Aston Martin,Monza,8,299.34251537604297,10,8,3,4,18,0
Tsunoda,Red Bull Racing,Miami,4,183.48830098541706,42,86,64,11,3,0
Verstappen,Red Bull,Suzuka,13,348.805526191394,11,24,19,11,10,0
Bearman,Haas,Monaco,7,238.8006078668307,24,51,2,1,5,0
Bortoleto,Sauber,Jeddah,0,263.3939550697225,70,37,10,4,19,0
Gasly,Alpine,Montreal,9,301.08342653854334,37,27,30,6,8,0
Albon,Williams,Silverstone,24,200.26718973855455,7,5,43,9,1,0
Lawson,Racing Bulls,Spa,13,256.13433546634354,91,24,57,2,18,0
Tsunoda,Red Bull Racing,Abu Dhabi,22,327.2508132051096,70,25,49,9,6,0
Antonelli,Mercedes,Barcelona,17,304.3939435161204,49,88,54,8,2,0
Tsunoda,Red Bull Racing,Sao Paulo,3,241.94988637569304,24,0,11,4,10,0
Hulkenberg,Sauber,Imola,1,208.74612109214164,87,76,39,7,9,0
Sainz,Williams,Lusail,22,307.499039667943,44,90,40,1,1,0
Antonelli,Mercedes,Spielberg,15,250.65386189430137,74,6,27,11,5,0
Lawson,Racing Bulls,Sakhir,6,318.29550293214623,85,52,46,4,7,0
Hamilton,Ferrari,Budapest,15,338.9167965794984,70,68,46,6,3,0
Russel,Mercedes,Las Vegas,22,213.12785229808753,84,39,5,5,1,0
Russel,Mercedes,Imola,14,231.67242623604687,12,69,12,7,4,0
Verstappen,Red Bull,Silverstone,18,196.1359735375363,9,54,24,7,8,0
Colapinto,Alpine,Baku,0,205.38178764288045,23,47,38,2,5,0
Ocon,Haas,Baku,4,165.24032539098968,64,45,6,11,2,0
Ocon,Haas,Abu Dhabi,17,269.91296458490075,32,64,62,10,3,0
Piastri,McLaren,Budapest,17,302.0235166319699,45,96,14,5,8,0
Sainz,Williams,Lusail,7,237.22820953000183,1,1,32,10,5,0
Lawson,Racing Bulls,Mexico City,14,155.7450658157839,81,34,8,3,18,0
Bearman,Haas,Zandvoort,28,173.6240075637519,19,91,57,0,7,0
Gasly,Alpine,Melbourne,21,167.3739346691892,21,67,28,5,1,0
Stroll,Aston Martin,Spielberg,18,235.42208027418332,95,95,8,8,5,0
Gasly,Alpine,Mexico City,23,309.22050737041354,18,88,61,8,7,0
Piastri,McLaren,Austin,5,201.98525055842285,38,95,43,2,6,0
Sainz,Williams,Spa,1,197.61847951810114,33,63,10,4,10,0
Piastri,McLaren,Sakhir,13,239.73880689129305,25,1,47,6,1,0
Sainz,Williams,Austin,22,333.3361057219603,91,66,61,2,4,0
Norris,McLaren,Spielberg,5,153.61026355732926,25,15,20,1,9,0
Sainz,Williams,Silverstone,18,237.25035776077544,88,80,56,9,1,0
Albon,Williams,Abu Dhabi,26,156.07995815955394,50,80,29,3,5,0
Alonso,Aston Martin,Barcelona,19,245.40054219376196,73,57,15,11,7,0
Gasly,Alpine,Mexico City,11,300.7028192965084,92,49,60,8,6,0
Lawson,Racing Bulls,Lusail,21,189.23285677548776,18,39,27,4,9,0
Piastri,McLaren,Suzuka,22,162.62202982594036,74,32,11,0,8,0
Hadjar,Racing Bulls,Abu Dhabi,6,287.4999461847212,57,62,49,0,4,0
Stroll,Aston Martin,Sao Paulo,20,293.57709949237886,64,47,20,10,2,0
Bearman,Haas,Sao Paulo,25,221.99782547746486,24,20,8,3,7,0
Stroll,Aston Martin,Spielberg,14,338.4569047791073,87,78,37,6,1,0
Hulkenberg,Sauber,Miami,1,249.55290117323233,29,59,11,5,5,0
Alonso,Aston Martin,Montreal,22,304.96203041502343,82,58,18,8,10,0
Hamilton,Ferrari,Imola,27,267.4237482765773,75,87,58,0,9,0
Antonelli,Mercedes,Spielberg,8,264.44122818598635,42,63,60,4,18,0
Ocon,Haas,Zandvoort,29,223.20502812486762,27,82,65,0,8,0
Norris,McLaren,Barcelona,18,336.84874321376896,48,42,50,0,1,0
Norris,McLaren,Sao Paulo,9,206.22080487942216,53,74,62,2,18,0
Colapinto,Alpine,Zandvoort,0,233.59022898334945,75,74,17,1,2,0
Piastri,McLaren,Silverstone,17,166.33167236906837,1,37,22,11,3,0
Ocon,Haas,Sakhir,8,307.29385798187656,85,55,48,5,1,0
Norris,McLaren,Montreal,24,259.27074533612813,54,98,7,7,1,0
Colapinto,Alpine,Austin,15,191.1133486232725,33,43,44,7,2,0
Verstappen,Red Bull,Suzuka,9,241.5665530768742,76,97,55,4,11,0
Bortoleto,Sauber,Lusail,19,289.0476431343567,87,31,52,9,6,0
Norris,McLaren,Suzuka,5,234.8558412721571,36,12,30,6,1,0
Leclerc,Ferrari,Austin,0,253.34594123208132,75,1,7,2,8,0
Hamilton,Ferrari,Singapore,16,247.66492533333698,89,7,40,11,1,0
Bortoleto,Sauber,Silverstone,5,234.5822094141033,79,14,6,7,3,0
Bortoleto,Sauber,Las Vegas,17,225.0409868862908,26,52,53,2,4,0
Antonelli,Mercedes,Barcelona,17,286.58770600334884,93,97,58,8,3,0
Bortoleto,Sauber,Jeddah,0,266.5756123216266,37,49,14,9,8,0
Verstappen,Red Bull,Spielberg,6,197.14671000100356,18,52,11,0,9,0
Hadjar,Racing Bulls,Sakhir,6,292.463434705279,64,85,17,0,5,0
Gasly,Alpine,Spa,8,214.6622078222488,25,1,18,0,3,0
Colapinto,Alpine,Mexico City,20,240.858596721815,49,79,38,7,2,0
Piastri,McLaren,Jeddah,24,296.64866955830905,0,52,2,6,5,0
Colapinto,Alpine,Singapore,14,258.78065474215754,51,75,26,0,6,0
Bortoleto,Sauber,Silverstone,5,234.5822094141033,79,14,6,7,3,0
Hadjar,Racing Bulls,Las Vegas,8,160.94212605274194,72,17,14,11,2,0
Bortoleto,Sauber,Abu Dhabi,10,256.08515769844513,83,74,2,3,18,0
Albon,Williams,Monaco,20,274.7202627209714,30,32,35,2,10,0
Bortoleto,Sauber,Silverstone,15,173.5003354820348,17,9,54,6,7,0
Hadjar,Racing Bulls,Sao Paulo,5,184.63675749370674,34,33,3,8,9,0
Lawson,Racing Bulls,Baku,21,199.5918729182127,74,51,48,9,7,0
Stroll,Aston Martin,Austin,0,285.4446533852981,20,87,29,9,8,0
Verstappen,Red Bull,Abu Dhabi,8,278.4230314035194,61,74,3,4,12,0
Hamilton,Ferrari,Budapest,5,252.2630979952854,51,11,63,9,9,0
Gasly,Alpine,Austin,12,304.8577127242637,12,3,54,8,3,0
Alonso,Aston Martin,Monaco,10,243.94677418804633,78,82,16,0,11,0
Antonelli,Mercedes,Singapore,24,254.14669468000915,35,86,22,3,6,0
Gasly,Alpine,Monaco,22,308.6862969096906,74,79,59,6,1,0
Gasly,Alpine,Singapore,12,308.2116081620989,5,40,28,3,11,0
Leclerc,Ferrari,Mexico City,6,167.04844695410242,93,30,38,0,3,0
Colapinto,Alpine,Sao Paulo,8,349.55237937428853,23,85,46,10,10,0
Russel,Mercedes,Lusail,12,154.52840134244647,76,11,23,10,1,0
Russel,Mercedes,Abu Dhabi,1,162.2888147871351,91,49,51,11,3,0
Lawson,Racing Bulls,Spielberg,22,235.97098359566507,37,83,62,5,4,0
Leclerc,Ferrari,Montreal,12,260.3611794439976,31,45,24,5,3,0
Colapinto,Alpine,Monaco,1,325.9852024740773,34,4,10,1,19,0
Verstappen,Red Bull,Melbourne,9,299.20584011272064,84,74,34,6,3,0
Ocon,Haas,Abu Dhabi,17,269.91296458490075,32,64,62,10,3,0
Tsunoda,Red Bull Racing,Spielberg,6,259.0838476685045,65,71,19,1,1,0
Stroll,Aston Martin,Spielberg,10,184.71348314428394,76,95,54,2,8,0
Lawson,Racing Bulls,Miami,17,324.573365400537,85,8,22,9,5,0
Gasly,Alpine,Budapest,21,287.465453677345,67,95,5,1,10,0
Alonso,Aston Martin,Jeddah,24,224.049066393609,94,61,34,2,4,0
Tsunoda,Red Bull Racing,Monza,16,276.2432854157705,82,98,36,5,7,0
Stroll,Aston Martin,Melbourne,19,287.2573955871689,17,80,51,1,6,0
Hadjar,Racing Bulls,Mexico City,22,307.2021343829272,30,2,6,1,4,0
Piastri,McLaren,Las Vegas,10,188.25814419759502,63,15,55,2,15,0
Stroll,Aston Martin,Jeddah,18,207.14923710805152,13,55,6,8,1,0
Bortoleto,Sauber,Lusail,4,344.5326884702068,57,54,36,1,1,0
Gasly,Alpine,Spa,2,346.4861547593369,25,45,9,7,6,0
Colapinto,Alpine,Las Vegas,0,312.7897710977678,49,52,32,5,12,0
Lawson,Racing Bulls,Imola,0,340.89920934019443,34,35,19,7,9,0
Norris,McLaren,Silverstone,12,318.1131187865306,45,31,3,11,6,0
Tsunoda,Red Bull Racing,Imola,4,198.72070174031597,8,39,50,1,2,0
Bortoleto,Sauber,Monza,1,226.49696052240964,31,37,13,3,17,0
Bearman,Haas,Lusail,4,249.85118058805796,11,89,45,1,1,0
Norris,McLaren,Lusail,11,243.38049241608002,33,69,30,5,1,0
Bortoleto,Sauber,Austin,2,215.30991799117893,39,95,40,0,15,0
Piastri,McLaren,Silverstone,17,166.33167236906837,1,37,22,11,3,0
Lawson,Racing Bulls,Sakhir,22,335.51575837192735,81,81,26,6,4,0
Gasly,Alpine,Sakhir,13,202.1686964279018,99,42,8,4,18,0
Russel,Mercedes,Baku,21,176.3170437415236,68,34,5,10,3,0
Antonelli,Mercedes,Barcelona,8,182.70209964815282,90,87,10,10,5,0
Colapinto,Alpine,Shanghai,18,336.1299016789947,95,71,22,2,7,0
Albon,Williams,Sao Paulo,5,242.35823474267363,63,12,29,5,18,0
Antonelli,Mercedes,Monza,6,294.3949480511267,22,92,30,1,4,0
Colapinto,Alpine,Montreal,4,266.17487778518245,22,86,17,1,6,0
Hamilton,Ferrari,Lusail,27,346.15962126535743,45,92,57,0,8,0
Lawson,Racing Bulls,Budapest,3,302.42776478134573,27,58,5,1,9,0
Verstappen,Red Bull,Miami,3,266.6973588184497,97,21,47,10,1,0
Hulkenberg,Sauber,Singapore,27,239.61775132510434,72,37,44,1,6,0
Leclerc,Ferrari,Spa,1,209.3938505724303,18,10,55,8,10,0
Leclerc,Ferrari,Sakhir,2,259.7995838930765,73,43,64,0,5,0
Hadjar,Racing Bulls,Budapest,2,176.9236482773199,91,33,24,0,6,0
Stroll,Aston Martin,Las Vegas,1,232.73327923897213,96,80,16,9,10,0
Hamilton,Ferrari,Singapore,16,247.66492533333698,89,7,40,11,1,0
Piastri,McLaren,Monaco,17,342.573615441974,41,32,64,9,1,0
Colapinto,Alpine,Imola,15,313.6604245981582,94,97,64,1,8,0
Hadjar,Racing Bulls,Spa,6,218.90816408690782,32,15,37,3,12,0
Hadjar,Racing Bulls,Las Vegas,13,160.59639188877924,79,91,25,0,20,0
Bearman,Haas,Melbourne,4,236.91662887700082,22,69,59,11,5,0
Gasly,Alpine,Budapest,21,287.465453677345,67,95,5,1,10,0
Norris,McLaren,Shanghai,3,327.03169364653434,62,86,36,0,13,0
Russel,Mercedes,Miami,13,246.17826412776932,86,59,18,2,10,0
Ocon,Haas,Suzuka,14,155.84136860460174,57,80,30,8,3,0
Gasly,Alpine,Melbourne,5,260.80571802576424,52,46,16,9,6,0
Tsunoda,Red Bull Racing,Budapest,3,154.60999278729594,1,46,47,5,20,0
Stroll,Aston Martin,Suzuka,6,291.7019623667331,74,78,33,3,11,0
Hamilton,Ferrari,Budapest,1,264.1809416256358,81,68,21,3,7,0
Stroll,Aston Martin,Lusail,8,189.49957047828983,96,29,29,1,7,0
Verstappen,Red Bull,Spielberg,8,324.5450007247595,20,31,26,1,17,0
Colapinto,Alpine,Shanghai,22,347.31139677442826,59,33,41,10,8,0
Lawson,Racing Bulls,Budapest,3,302.42776478134573,27,58,5,1,9,0
Stroll,Aston Martin,Spielberg,14,338.4569047791073,87,78,37,6,1,0
Lawson,Racing Bulls,Las Vegas,14,242.88818643462156,49,26,62,5,11,0
Hulkenberg,Sauber,Montreal,21,286.1949944068501,96,96,20,5,5,0
Lawson,Racing Bulls,Mexico City,2,261.4397937226023,91,6,7,5,3,0
Norris,McLaren,Sao Paulo,4,239.87969932261672,57,69,9,11,4,0
Bearman,Haas,Las Vegas,3,201.40823686861592,77,14,10,1,15,0
Hamilton,Ferrari,Spa,22,205.09747047632845,88,94,42,1,4,0
Albon,Williams,Spielberg,4,242.69178516379918,44,16,34,3,11,0
Hulkenberg,Sauber,Monaco,17,252.9543995124679,16,46,65,0,6,0
Piastri,McLaren,Suzuka,1,172.67191007130234,99,89,51,2,18,0
Albon,Williams,Silverstone,13,160.67644548303232,57,69,11,0,15,0
Piastri,McLaren,Austin,5,201.98525055842285,38,95,43,2,6,0
Albon,Williams,Austin,3,325.22584640453846,27,12,18,10,1,0
Alonso,Aston Martin,Jeddah,15,303.6523261430159,76,18,16,4,14,0
Albon,Williams,Suzuka,22,289.63903979435224,44,53,59,8,5,0
Sainz,Williams,Austin,22,333.3361057219603,91,66,61,2,4,0
Verstappen,Red Bull,Zandvoort,25,265.05482342678766,64,88,49,10,3,0
Ocon,Haas,Barcelona,17,233.21905263870434,11,34,5,9,3,0
Russel,Mercedes,Sao Paulo,9,320.4271605312634,32,33,26,0,12,0
Albon,Williams,Sakhir,22,232.63895988107,51,66,2,3,6,0
Verstappen,Red Bull,Sakhir,16,230.79331336664117,62,41,23,1,9,0
Hadjar,Racing Bulls,Monza,3,200.33043098258088,12,14,10,5,9,0
Piastri,McLaren,Suzuka,5,233.18075953360935,48,22,15,4,11,0
Hadjar,Racing Bulls,Silverstone,15,212.9421820289334,96,4,64,3,4,0
Stroll,Aston Martin,Barcelona,0,290.2752124700459,33,65,20,1,17,0
Leclerc,Ferrari,Spa,1,209.3938505724303,18,10,55,8,10,0
Hamilton,Ferrari,Spa,12,179.14730454575272,11,54,54,5,10,0
Albon,Williams,Barcelona,0,315.43821848789486,81,69,53,4,5,0
Russel,Mercedes,Mexico City,1,154.96708734228505,65,55,16,5,6,0
Lawson,Racing Bulls,Silverstone,16,281.3639018671088,1,12,13,6,7,0
Alonso,Aston Martin,Mexico City,22,316.20034257203906,81,80,47,2,2,0
Tsunoda,Red Bull Racing,Spielberg,25,236.74018124158502,95,86,32,0,5,0
Bearman,Haas,Sao Paulo,13,170.75106213759534,16,43,44,9,6,0
Stroll,Aston Martin,Lusail,8,189.49957047828983,96,29,29,1,7,0
Lawson,Racing Bulls,Spielberg,20,212.9435611369284,25,20,34,11,9,0
Alonso,Aston Martin,Jeddah,24,224.049066393609,94,61,34,2,4,0
Hamilton,Ferrari,Singapore,5,278.7141752924881,42,25,62,10,8,0
Hamilton,Ferrari,Baku,12,286.1487359995671,83,37,42,2,3,0
Lawson,Racing Bulls,Mexico City,2,261.4397937226023,91,6,7,5,3,0
Stroll,Aston Martin,Zandvoort,3,184.00872594165364,45,52,39,11,6,0
Albon,Williams,Spielberg,7,284.52107699464347,63,55,53,3,11,0
Piastri,McLaren,Suzuka,1,172.67191007130234,99,89,51,2,18,0
Hamilton,Ferrari,Singapore,26,282.5080522166464,81,89,54,2,6,0
Bearman,Haas,Suzuka,18,227.57209019992024,95,5,56,3,2,0
Piastri,McLaren,Barcelona,20,304.21379407810065,82,18,17,11,3,0
Bearman,Haas,Austin,6,329.36482076387875,6,57,26,4,16,0
Verstappen,Red Bull,Montreal,12,153.18963527195876,97,53,57,2,10,0
Russel,Mercedes,Baku,23,201.6419603650173,45,61,25,10,5,0
Alonso,Aston Martin,Jeddah,24,224.049066393609,94,61,34,2,4,0
Sainz,Williams,Melbourne,2,155.31385026042517,39,10,53,9,9,0
Alonso,Aston Martin,Shanghai,5,290.6407851842061,80,56,26,2,12,0
Colapinto,Alpine,Lusail,22,268.7007400282387,55,86,12,1,5,0
Sainz,Williams,Mexico City,9,279.01891644659264,90,30,29,1,20,0
Gasly,Alpine,Zandvoort,3,230.69268354536285,62,51,65,10,10,0
Hadjar,Racing Bulls,Jeddah,20,213.807472042398,68,55,55,7,10,0
Hadjar,Racing Bulls,Imola,23,312.183844161128,30,92,26,6,1,0
Russel,Mercedes,Mexico City,10,280.65789693563454,34,82,48,4,5,0
Lawson,Racing Bulls,Jeddah,0,266.2207487458035,71,45,41,1,10,0
Ocon,Haas,Montreal,4,167.2802369565931,84,46,56,4,17,0
Russel,Mercedes,Imola,15,210.65687800965733,28,99,8,4,3,0
Russel,Mercedes,Miami,23,240.53973807048635,94,77,29,3,8,0
Norris,McLaren,Suzuka,12,179.41341944211982,22,46,12,0,12,0
Verstappen,Red Bull,Barcelona,2,176.94039408535664,65,84,29,4,8,0
Gasly,Alpine,Lusail,20,254.24710282969073,16,28,49,10,8,0
Russel,Mercedes,Spa,22,240.73389592596638,48,63,62,8,6,0
Hadjar,Racing Bulls,Zandvoort,3,153.20827622556538,95,45,3,5,13,0
Ocon,Haas,Barcelona,17,233.21905263870434,11,34,5,9,3,0
Russel,Mercedes,Miami,13,246.17826412776932,86,59,18,2,10,0
Colapinto,Alpine,Jeddah,10,349.6385408001151,92,40,9,4,7,0
Verstappen,Red Bull,Imola,12,175.44115039188242,76,90,41,2,7,0
Tsunoda,Red Bull Racing,Monaco,9,264.62604975080455,48,16,26,4,1,0
Piastri,McLaren,Lusail,8,221.68292847693522,57,97,56,0,6,0
Verstappen,Red Bull,Austin,2,246.57643858012193,51,95,36,6,6,0
Russel,Mercedes,Singapore,15,320.5890570435666,84,11,4,3,2,0
Hadjar,Racing Bulls,Sakhir,4,266.60694578402166,86,57,57,8,9,0
Sainz,Williams,Las Vegas,15,195.86020081829184,34,68,23,2,8,0
Tsunoda,Red Bull Racing,Spielberg,15,193.4805809622824,57,2,27,6,3,0
Colapinto,Alpine,Shanghai,22,347.31139677442826,59,33,41,10,8,0
Alonso,Aston Martin,Sakhir,2,249.6192111973704,9,9,39,11,6,0
Alonso,Aston Martin,Sakhir,19,344.1333670270764,79,26,48,9,1,0
Colapinto,Alpine,Silverstone,15,193.6351515596148,78,23,10,8,7,0
Gasly,Alpine,Spa,2,346.4861547593369,25,45,9,7,6,0
Russel,Mercedes,Abu Dhabi,10,344.59627766630496,53,74,14,5,16,0
Colapinto,Alpine,Las Vegas,25,306.5487357762903,64,66,31,4,2,0
Stroll,Aston Martin,Suzuka,6,291.7019623667331,74,78,33,3,11,0
Piastri,McLaren,Monza,24,246.50874413735065,21,97,17,5,8,0
Leclerc,Ferrari,Jeddah,22,199.2748574852401,12,45,45,2,7,0
Piastri,McLaren,Miami,19,259.51410028132216,60,79,35,8,5,0
Lawson,Racing Bulls,Silverstone,6,248.18499874695598,65,36,10,1,7,0
Albon,Williams,Mexico City,21,185.01020533320147,27,15,32,2,5,0
Gasly,Alpine,Austin,2,300.31670367077714,47,69,52,2,17,0
Bortoleto,Sauber,Sakhir,23,201.08867975950102,97,53,32,4,4,0
Ocon,Haas,Sao Paulo,17,251.2920013262194,80,58,11,11,10,0
Russel,Mercedes,Silverstone,13,317.20622748355567,61,68,43,10,7,0
Albon,Williams,Spielberg,4,242.69178516379918,44,16,34,3,11,0
Ocon,Haas,Zandvoort,15,321.4164170413758,63,45,59,10,8,0
Stroll,Aston Martin,Suzuka,23,250.81746550071279,10,54,16,2,10,0
Sainz,Williams,Zandvoort,19,262.9895359321232,28,28,20,10,1,0
Bearman,Haas,Mexico City,0,281.94404063368785,91,73,5,3,5,0
Verstappen,Red Bull,Baku,9,188.5326802162193,60,69,37,11,2,0
Tsunoda,Red Bull Racing,Montreal,5,193.22071410231501,94,12,58,3,16,0
Russel,Mercedes,Spa,22,240.73389592596638,48,63,62,8,6,0
Piastri,McLaren,Mexico City,3,164.67615488856578,32,28,2,2,18,0
Piastri,McLaren,Montreal,25,204.3491828731614,84,80,58,2,8,0
Ocon,Haas,Austin,6,160.85910247895106,27,97,7,4,4,0
Hadjar,Racing Bulls,Jeddah,0,344.1404012711079,54,71,12,2,13,0
Bearman,Haas,Mexico City,10,244.35598681418105,0,97,52,2,5,0
Hamilton,Ferrari,Spa,22,205.09747047632845,88,94,42,1,4,0
Tsunoda,Red Bull Racing,Melbourne,3,227.9831574146914,55,48,27,0,4,0
Antonelli,Mercedes,Zandvoort,10,307.84497308152913,48,70,55,10,10,0
Piastri,McLaren,Jeddah,24,296.64866955830905,0,52,2,6,5,0
Antonelli,Mercedes,Barcelona,8,182.70209964815282,90,87,10,10,5,0
Leclerc,Ferrari,Austin,0,253.34594123208132,75,1,7,2,8,0
Hulkenberg,Sauber,Singapore,19,314.02619656830996,70,15,16,7,4,0
Tsunoda,Red Bull Racing,Jeddah,16,257.8333321086189,43,10,7,11,6,0
Piastri,McLaren,Lusail,13,166.34274476259475,11,2,23,10,9,0
Lawson,Racing Bulls,Austin,3,306.23626663926206,22,33,26,1,16,0
Gasly,Alpine,Lusail,20,254.24710282969073,16,28,49,10,8,0
Tsunoda,Red Bull Racing,Montreal,3,312.10672614515335,71,79,53,10,1,0
Norris,McLaren,Mexico City,15,334.6089507890409,45,2,25,9,10,0
Verstappen,Red Bull,Barcelona,10,297.1759677476475,84,53,62,4,11,0
Hadjar,Racing Bulls,Mexico City,22,307.2021343829272,30,2,6,1,4,0
Lawson,Racing Bulls,Lusail,6,260.5686748186951,11,98,1,10,7,0
Norris,McLaren,Suzuka,17,238.4027322360146,11,99,37,8,3,0
Bearman,Haas,Las Vegas,0,347.3569601446717,72,59,62,8,3,0
Bortoleto,Sauber,Singapore,10,202.75480194677843,90,84,52,3,17,0
Colapinto,Alpine,Lusail,22,268.7007400282387,55,86,12,1,5,0
Colapinto,Alpine,Mexico City,27,201.89245325788534,97,56,38,4,6,0
Piastri,McLaren,Jeddah,24,296.64866955830905,0,52,2,6,5,0
Bortoleto,Sauber,Silverstone,12,344.0984154047694,64,65,64,2,13,0
Tsunoda,Red Bull Racing,Monaco,12,209.92525706705945,50,47,23,3,8,0
Piastri,McLaren,Suzuka,22,162.62202982594036,74,32,11,0,8,0
Ocon,Haas,Sakhir,25,170.10748219552414,98,36,56,8,10,0
Bortoleto,Sauber,Barcelona,14,331.23233400005955,97,36,17,0,16,0
Hulkenberg,Sauber,Mexico City,4,188.06578358335446,57,51,46,9,6,0
Albon,Williams,Shanghai,10,193.2169631261877,30,56,32,1,8,0
Tsunoda,Red Bull Racing,Sakhir,26,213.46847519045565,52,43,31,1,10,0
Hadjar,Racing Bulls,Sakhir,14,209.90027882128507,26,73,44,5,9,0
Tsunoda,Red Bull Racing,Sakhir,12,225.86818495887644,39,51,13,3,19,0
Lawson,Racing Bulls,Baku,21,199.5918729182127,74,51,48,9,7,0
Antonelli,Mercedes,Barcelona,14,328.4555030772017,37,2,32,5,18,0
Bortoleto,Sauber,Shanghai,17,256.42464717509654,67,77,65,9,2,0
Bortoleto,Sauber,Sao Paulo,27,228.37864167085547,13,62,8,2,10,0
Norris,McLaren,Melbourne,17,162.79976880151344,61,78,45,1,9,0
Tsunoda,Red Bull Racing,Imola,4,198.72070174031597,8,39,50,1,2,0
Antonelli,Mercedes,Budapest,12,271.8053017278111,50,46,52,3,13,0
Russel,Mercedes,Budapest,9,244.64520291770023,50,93,44,1,6,0
Norris,McLaren,Abu Dhabi,23,262.3654584291588,52,56,34,6,6,0
Albon,Williams,Zandvoort,18,184.0706385034986,9,29,43,6,7,0
Antonelli,Mercedes,Barcelona,4,279.5202616194345,48,72,6,2,5,0
Tsunoda,Red Bull Racing,Abu Dhabi,2,232.37351385210587,62,1,14,1,19,0
Albon,Williams,Imola,11,349.3877686196808,78,63,54,4,1,0
Alonso,Aston Martin,Spa,3,230.49340218020632,5,12,59,4,20,0
Stroll,Aston Martin,Shanghai,13,330.7755771977652,34,10,43,1,3,0
Bearman,Haas,Monaco,7,238.8006078668307,24,51,2,1,5,0
Lawson,Racing Bulls,Barcelona,2,253.2717535026447,40,63,11,11,10,0
Hamilton,Ferrari,Monza,12,347.94258397295675,66,82,13,2,20,0
Antonelli,Mercedes,Barcelona,4,279.5202616194345,48,72,6,2,5,0
Stroll,Aston Martin,Zandvoort,3,184.00872594165364,45,52,39,11,6,0
Ocon,Haas,Sao Paulo,18,179.96179001321087,97,44,41,11,7,0
Alonso,Aston Martin,Mexico City,1,191.89747323540388,15,10,46,11,5,0
Ocon,Haas,Sakhir,16,314.8603262091749,12,35,9,1,7,0
Albon,Williams,Melbourne,2,348.7132863317799,92,26,27,0,12,0
Ocon,Haas,Sakhir,8,307.29385798187656,85,55,48,5,1,0
Lawson,Racing Bulls,Baku,21,199.5918729182127,74,51,48,9,7,0
Sainz,Williams,Melbourne,2,155.31385026042517,39,10,53,9,9,0
Colapinto,Alpine,Shanghai,28,287.5380004960864,83,67,55,3,9,0
Bearman,Haas,Austin,6,329.36482076387875,6,57,26,4,16,0
Verstappen,Red Bull,Montreal,12,153.18963527195876,97,53,57,2,10,0
Piastri,McLaren,Suzuka,13,276.59532010792947,49,88,35,9,3,0
Lawson,Racing Bulls,Monza,17,270.53786807761225,50,88,48,1,8,0
Verstappen,Red Bull,Shanghai,7,237.05370569913447,25,52,16,3,7,0
Colapinto,Alpine,Spielberg,21,233.47635374407704,55,48,65,9,10,0
Alonso,Aston Martin,Monza,17,193.4796973295507,47,74,40,10,3,0
Gasly,Alpine,Monza,2,277.4157961794654,20,56,10,8,8,0
Alonso,Aston Martin,Spa,3,230.49340218020632,5,12,59,4,20,0
Hadjar,Racing Bulls,Sakhir,4,266.60694578402166,86,57,57,8,9,0
Antonelli,Mercedes,Monaco,21,175.2492328044678,33,81,51,1,6,0
Hamilton,Ferrari,Monza,14,200.4070262200415,19,6,20,10,6,0
Albon,Williams,Suzuka,22,289.63903979435224,44,53,59,8,5,0
Piastri,McLaren,Miami,19,259.51410028132216,60,79,35,8,5,0
Hamilton,Ferrari,Sao Paulo,16,291.09417620470276,98,36,20,8,7,0
Lawson,Racing Bulls,Miami,19,187.06902229045494,43,69,29,2,9,0
Sainz,Williams,Silverstone,17,311.8595565252488,34,16,5,8,6,0
Hadjar,Racing Bulls,Spa,6,218.90816408690782,32,15,37,3,12,0
Norris,McLaren,Monza,12,242.64382570329767,50,54,15,1,6,0
Tsunoda,Red Bull Racing,Abu Dhabi,7,338.57121213588135,69,65,42,11,1,0
Norris,McLaren,Jeddah,20,279.97181815552307,59,64,35,9,6,0
Leclerc,Ferrari,Sakhir,2,259.7995838930765,73,43,64,0,5,0
Leclerc,Ferrari,Abu Dhabi,6,175.47378428274993,76,9,56,0,4,0
Hulkenberg,Sauber,Baku,23,212.36232708481594,8,44,41,11,4,0
Stroll,Aston Martin,Las Vegas,1,232.73327923897213,96,80,16,9,10,0
Lawson,Racing Bulls,Spa,3,343.59755224137194,55,60,52,3,18,0
Russel,Mercedes,Mexico City,4,339.84521308284457,49,72,2,5,5,0
Hulkenberg,Sauber,Spielberg,3,223.16627734440908,51,59,29,2,7,0
Norris,McLaren,Budapest,10,326.1396253718094,57,7,22,11,2,0
Hulkenberg,Sauber,Montreal,25,299.1937084861536,40,39,19,7,5,0
Piastri,McLaren,Jeddah,11,268.23061499089266,41,84,60,3,14,0
Leclerc,Ferrari,Austin,0,253.34594123208132,75,1,7,2,8,0
Lawson,Racing Bulls,Barcelona,5,188.0197679008936,41,66,7,0,13,0
Tsunoda,Red Bull Racing,Mexico City,1,205.39089958989038,36,18,40,10,1,0
Bortoleto,Sauber,Shanghai,17,249.68019429262023,59,44,54,6,10,0
Antonelli,Mercedes,Sakhir,14,272.3768284789914,36,71,43,5,9,0
Colapinto,Alpine,Shanghai,16,189.3513222451746,99,16,38,5,5,0
Piastri,McLaren,Las Vegas,10,188.25814419759502,63,15,55,2,15,0
Lawson,Racing Bulls,Shanghai,19,343.7946875076003,62,49,32,8,4,0
Ocon,Haas,Spa,5,266.3433393843341,80,53,15,2,2,0
Antonelli,Mercedes,Barcelona,17,304.3939435161204,49,88,54,8,2,0
Alonso,Aston Martin,Las Vegas,18,172.2370322024274,96,89,49,10,2,0
Piastri,McLaren,Jeddah,11,268.23061499089266,41,84,60,3,14,0
Tsunoda,Red Bull Racing,Montreal,5,193.22071410231501,94,12,58,3,16,0
Verstappen,Red Bull,Sakhir,16,307.7831727641791,73,43,32,7,4,0
Sainz,Williams,Barcelona,3,160.2456232336444,54,13,56,5,14,0
Antonelli,Mercedes,Montreal,12,340.34611452831916,69,6,27,6,4,0
Stroll,Aston Martin,Austin,0,285.4446533852981,20,87,29,9,8,0
Piastri,McLaren,Imola,12,218.3611338866689,6,37,49,0,15,0
Albon,Williams,Austin,7,234.41945595147448,66,14,50,1,9,0
Lawson,Racing Bulls,Baku,21,199.5918729182127,74,51,48,9,7,0
Bearman,Haas,Barcelona,3,266.2618472859343,43,4,1,2,17,0
Hamilton,Ferrari,Lusail,25,290.73786967139114,63,51,47,9,1,0
Leclerc,Ferrari,Mexico City,6,167.04844695410242,93,30,38,0,3,0
Antonelli,Mercedes,Sao Paulo,28,309.5950588155694,79,48,22,1,1,0
Antonelli,Mercedes,Sao Paulo,2,333.5747600427458,64,39,9,10,10,0
Tsunoda,Red Bull Racing,Shanghai,24,243.10412375359797,25,67,51,10,10,0
Colapinto,Alpine,Baku,23,323.2074649952885,61,73,15,4,8,0
Leclerc,Ferrari,Spa,22,342.41751684352556,11,85,44,4,10,0
Antonelli,Mercedes,Spa,7,234.95485362080757,25,54,43,3,17,0
Stroll,Aston Martin,Sao Paulo,9,174.2998929894155,11,81,5,5,4,0
Bortoleto,Sauber,Austin,2,215.30991799117893,39,95,40,0,15,0
Bortoleto,Sauber,Zandvoort,21,289.539620351897,51,90,43,2,10,0
Russel,Mercedes,Silverstone,13,317.20622748355567,61,68,43,10,7,0
Alonso,Aston Martin,Austin,15,229.7483582782951,14,60,42,2,1,0
Piastri,McLaren,Imola,7,198.06671548232944,46,41,26,11,10,0
Bearman,Haas,Spielberg,16,194.6282010654078,39,23,15,7,10,0
Albon,Williams,Spa,24,269.6746991378397,23,1,49,7,2,0
Hamilton,Ferrari,Budapest,13,328.64468007969094,83,76,45,0,20,0
Antonelli,Mercedes,Monza,6,294.3949480511267,22,92,30,1,4,0
Russel,Mercedes,Las Vegas,0,228.6859129936467,92,77,65,1,12,0
Ocon,Haas,Sakhir,25,170.10748219552414,98,36,56,8,10,0
Ocon,Haas,Zandvoort,8,181.16992896383277,81,13,52,5,10,0
Bearman,Haas,Shanghai,14,340.9024399185356,60,43,18,2,11,0
Russel,Mercedes,Sakhir,24,256.3346542229167,54,19,47,5,9,0
Gasly,Alpine,Monaco,22,308.6862969096906,74,79,59,6,1,0
Alonso,Aston Martin,Lusail,25,225.1999644790131,0,29,3,2,8,0
Verstappen,Red Bull,Barcelona,2,176.94039408535664,65,84,29,4,8,0
Hamilton,Ferrari,Singapore,10,255.4776930535494,18,54,61,0,9,0
Hamilton,Ferrari,Austin,20,262.8196926742847,76,12,63,0,2,0
Leclerc,Ferrari,Abu Dhabi,6,175.47378428274993,76,9,56,0,4,0
Antonelli,Mercedes,Singapore,4,253.4008049100797,75,46,6,6,8,0
Sainz,Williams,Imola,21,331.46657219302466,31,48,65,5,8,0
Colapinto,Alpine,Spa,5,194.38781946770402,68,6,13,1,10,0
Bearman,Haas,Budapest,2,248.110177280128,61,49,44,11,6,0
Gasly,Alpine,Montreal,9,301.08342653854334,37,27,30,6,8,0
Hulkenberg,Sauber,Austin,22,232.6182502324429,37,61,8,6,9,0
Gasly,Alpine,Montreal,9,301.08342653854334,37,27,30,6,8,0
Antonelli,Mercedes,Silverstone,3,187.84282367128452,32,96,1,2,13,0
Bortoleto,Sauber,Abu Dhabi,10,256.08515769844513,83,74,2,3,18,0
Stroll,Aston Martin,Imola,23,248.87027233249012,88,38,29,2,10,0
Piastri,McLaren,Baku,20,295.0983902863691,14,82,38,6,1,0
Bearman,Haas,Spielberg,16,194.6282010654078,39,23,15,7,10,0
Stroll,Aston Martin,Imola,16,287.6988668300748,53,23,31,11,8,0
Albon,Williams,Singapore,10,308.0411745837362,85,69,4,3,9,0
Antonelli,Mercedes,Barcelona,17,304.3939435161204,49,88,54,8,2,0
Verstappen,Red Bull,Suzuka,9,241.5665530768742,76,97,55,4,11,0
Lawson,Racing Bulls,Abu Dhabi,15,195.15465691807415,38,25,17,11,2,0
Leclerc,Ferrari,Jeddah,7,335.3004012756195,53,62,41,2,15,0
Russel,Mercedes,Mexico City,10,280.65789693563454,34,82,48,4,5,0
Hadjar,Racing Bulls,Budapest,22,214.31397315709046,72,94,8,1,4,0
Verstappen,Red Bull,Miami,3,182.12610449704385,81,90,55,2,2,0
Hamilton,Ferrari,Lusail,29,306.64011819193024,0,51,9,2,8,0
Bearman,Haas,Imola,25,226.5669172845945,78,81,37,9,8,0
Russel,Mercedes,Imola,15,210.65687800965733,28,99,8,4,3,0
Norris,McLaren,Shanghai,23,286.2677861420701,67,55,64,8,8,0
Sainz,Williams,Austin,27,330.1407020575988,83,78,4,0,8,0
Hulkenberg,Sauber,Abu Dhabi,10,262.1777485676487,88,70,21,5,4,0
Gasly,Alpine,Imola,5,241.2227100265681,7,37,4,5,10,0
Colapinto,Alpine,Singapore,11,303.7885923872739,53,28,2,2,15,0
Bearman,Haas,Shanghai,14,340.9024399185356,60,43,18,2,11,0
Gasly,Alpine,Miami,0,179.6120886867809,27,75,5,11,9,0
Bortoleto,Sauber,Shanghai,17,249.68019429262023,59,44,54,6,10,0
Piastri,McLaren,Shanghai,1,296.0937913909526,1,42,22,1,18,0
Verstappen,Red Bull,Imola,9,194.31696314958663,84,58,48,11,3,0
Colapinto,Alpine,Baku,0,299.0453924995238,19,71,57,9,10,0
Bortoleto,Sauber,Montreal,9,340.4858382673896,11,74,36,3,18,0
Bortoleto,Sauber,Monza,1,226.49696052240964,31,37,13,3,17,0
Leclerc,Ferrari,Silverstone,1,321.11900380973896,65,83,13,7,7,0
Russel,Mercedes,Silverstone,19,280.0442147222918,86,30,47,6,5,0
Tsunoda,Red Bull Racing,Baku,4,306.38759730550424,88,19,23,0,6,0
Antonelli,Mercedes,Montreal,12,340.34611452831916,69,6,27,6,4,0
Norris,McLaren,Abu Dhabi,10,346.74701101458004,30,89,58,4,16,0
Colapinto,Alpine,Las Vegas,15,157.26510624755713,48,35,37,1,8,0
Verstappen,Red Bull,Miami,12,203.5953545521847,10,82,30,7,7,0
Piastri,McLaren,Lusail,8,221.68292847693522,57,97,56,0,6,0
Verstappen,Red Bull,Sakhir,9,224.17896956735638,84,28,5,3,14,0
Tsunoda,Red Bull Racing,Monaco,7,335.238733297126,91,9,19,2,3,0
Hamilton,Ferrari,Singapore,12,255.2411197267714,5,39,59,3,1,0
Bearman,Haas,Sakhir,2,202.17378233102554,24,59,6,0,14,0
Albon,Williams,Sao Paulo,6,161.3309880957848,63,20,8,8,6,0
Tsunoda,Red Bull Racing,Monza,11,276.59574777708417,77,98,20,0,18,0
Bearman,Haas,Barcelona,3,266.2618472859343,43,4,1,2,17,0
Norris,McLaren,Shanghai,19,224.94477733071412,86,44,51,7,6,0
Verstappen,Red Bull,Barcelona,2,176.94039408535664,65,84,29,4,8,0
Sainz,Williams,Spielberg,8,283.63357126985983,0,47,51,0,7,0
Stroll,Aston Martin,Imola,13,157.08845208140292,75,70,53,0,1,0
Hulkenberg,Sauber,Spielberg,2,277.8712378827918,42,75,39,4,8,0
Sainz,Williams,Las Vegas,15,195.86020081829184,34,68,23,2,8,0
Colapinto,Alpine,Abu Dhabi,3,241.3301510019043,44,80,63,0,1,0
Piastri,McLaren,Suzuka,18,331.9909514178423,89,9,32,8,3,0
Hadjar,Racing Bulls,Budapest,2,176.9236482773199,91,33,24,0,6,0
Sainz,Williams,Lusail,7,176.26015667142192,52,21,58,3,4,0
Tsunoda,Red Bull Racing,Monaco,14,156.8459013667887,27,71,20,2,15,0
Hamilton,Ferrari,Sakhir,21,236.5194719406587,43,73,19,4,9,0
Ocon,Haas,Budapest,0,174.19535148639739,90,27,61,2,10,0
Colapinto,Alpine,Spa,5,194.38781946770402,68,6,13,1,10,0
Bortoleto,Sauber,Jeddah,0,266.5756123216266,37,49,14,9,8,0
Norris,McLaren,Las Vegas,25,219.82607083966522,12,95,55,2,1,0
Bortoleto,Sauber,Suzuka,9,336.43037747836655,69,11,41,1,8,0
Alonso,Aston Martin,Monaco,5,191.9025112883212,40,46,6,10,5,0
Alonso,Aston Martin,Monaco,12,277.2934975172399,96,41,20,4,5,0
Antonelli,Mercedes,Miami,25,245.70131956575372,1,57,61,8,9,0
Ocon,Haas,Lusail,1,285.8725199445329,86,9,4,4,2,0
Norris,McLaren,Miami,12,269.2894351862111,12,37,2,3,2,0
Hamilton,Ferrari,Sao Paulo,16,291.09417620470276,98,36,20,8,7,0
Bearman,Haas,Austin,6,329.36482076387875,6,57,26,4,16,0
Verstappen,Red Bull,Monza,18,240.95383766851785,63,25,42,5,5,0
Albon,Williams,Sakhir,22,232.63895988107,51,66,2,3,6,0
Tsunoda,Red Bull Racing,Spielberg,6,259.0838476685045,65,71,19,1,1,0
Antonelli,Mercedes,Spa,7,234.95485362080757,25,54,43,3,17,0
Stroll,Aston Martin,Abu Dhabi,7,337.9714786908176,82,22,42,10,9,0
Alonso,Aston Martin,Baku,20,211.95243171186985,70,3,62,7,3,0
Antonelli,Mercedes,Budapest,8,230.08933630195924,56,95,61,0,4,0
Leclerc,Ferrari,Sakhir,2,259.7995838930765,73,43,64,0,5,0
Alonso,Aston Martin,Las Vegas,12,270.6046130595876,68,67,38,6,2,0
Bearman,Haas,Monaco,7,238.8006078668307,24,51,2,1,5,0
Gasly,Alpine,Lusail,8,338.3302798736401,97,68,26,1,16,0
Bortoleto,Sauber,Miami,11,210.36164240124668,99,99,16,2,19,0
Sainz,Williams,Sakhir,23,349.16146213539344,11,56,38,3,8,0
Alonso,Aston Martin,Spielberg,16,232.9344713650179,44,50,5,5,5,0
Lawson,Racing Bulls,Barcelona,16,284.9518642876852,40,70,15,4,1,0
Antonelli,Mercedes,Silverstone,15,278.93956905536743,21,60,40,6,2,0
Lawson,Racing Bulls,Miami,17,324.573365400537,85,8,22,9,5,0
Sainz,Williams,Imola,7,346.63122724723365,69,37,31,4,11,0
Lawson,Racing Bulls,Lusail,6,260.5686748186951,11,98,1,10,7,0
Albon,Williams,Sao Paulo,20,334.36134158040903,79,5,20,3,8,0
Hadjar,Racing Bulls,Austin,20,165.72476621532456,11,74,39,5,3,0
Sainz,Williams,Singapore,25,260.3692289164596,40,85,53,11,1,0
Alonso,Aston Martin,Shanghai,5,290.6407851842061,80,56,26,2,12,0
Stroll,Aston Martin,Suzuka,23,250.81746550071279,10,54,16,2,10,0
Bearman,Haas,Zandvoort,28,173.6240075637519,19,91,57,0,7,0
Gasly,Alpine,Baku,19,346.7006488381205,16,52,7,5,10,0
Lawson,Racing Bulls,Miami,19,187.06902229045494,43,69,29,2,9,0
Bortoleto,Sauber,Budapest,7,306.33412135164235,19,33,59,6,7,0
Russel,Mercedes,Lusail,12,154.52840134244647,76,11,23,10,1,0
Hadjar,Racing Bulls,Abu Dhabi,10,264.53404737174674,9,22,41,6,2,0
Ocon,Haas,Shanghai,1,234.97813631214964,13,64,33,1,14,0
Stroll,Aston Martin,Sao Paulo,25,269.1390412418625,45,7,31,0,7,0
Albon,Williams,Austin,6,157.60698334179514,32,82,47,0,4,0
Piastri,McLaren,Abu Dhabi,2,195.019438427797,57,43,13,4,6,0
Russel,Mercedes,Melbourne,15,274.5553339694472,52,42,30,1,11,0
Ocon,Haas,Silverstone,29,158.80805260890986,14,43,38,5,6,0
Russel,Mercedes,Sakhir,13,266.4965993870838,13,54,27,9,8,0
Tsunoda,Red Bull Racing,Spielberg,25,236.74018124158502,95,86,32,0,5,0
Stroll,Aston Martin,Las Vegas,1,232.73327923897213,96,80,16,9,10,0
Hulkenberg,Sauber,Montreal,1,193.6530070555797,76,89,43,2,18,0
Piastri,McLaren,Silverstone,1,171.58695445147615,37,86,4,10,3,0
Leclerc,Ferrari,Spa,22,342.41751684352556,11,85,44,4,10,0
Albon,Williams,Suzuka,24,190.60549238577238,12,17,61,8,9,0
Albon,Williams,Sao Paulo,6,161.3309880957848,63,20,8,8,6,0
Lawson,Racing Bulls,Miami,17,324.573365400537,85,8,22,9,5,0
Gasly,Alpine,Baku,22,299.41658280558767,67,60,15,1,4,0
